StoreID,VendorID,MG,SG,SSG,Productid,Description,PCode,Color,ColorDesc,Size,Wil,upc,onhand,OnOrder,OnCustOrder,OnLayaway,OHExt,UnitCost,ExtCost,MSRP,ExtMSRP,SalePrice,ExtSalePrice,WSPrice,Season,Brand,RedLevel,MaxLevel,PU1,PU2,PU3,PU4,ivLocation,ParentItem,Scale,Service,Taxable,Active,WebProduct,ProductType,AllowLayaway,AllowCoupon,FinalSale,AllowDiscount,IU1,IU2,IU3,IU4,STD,LstRcvQty,LstRCVD,LongDesc
1.0,JUST 4 KICKS,Licensed,Apparel,Beanies,CFC_23_BEANIE_25,CFC Beanie,K1H25,BLU,Blue,OS,,138770,-2,0,0,0,-2,15.0,-30.0,35.0,-70.0,35.0,-70.0,0.0,,JUST 4 KICKS,0.0,0.0,,,,,,,OS,False,1.0,True,0.0,,True,True,False,1.0,,,,,8.0,3.0,11/21/23 2:19:35 PM,
1.0,PUMA,Licensed,Apparel,Jerseys,ACM_25TH_ANNI_JSY,AC Milan 25th Anniversary Jersey,775052,RED,Red,XS,,145071,0,0,0,0,0,91.65,0.0,195.0,0.0,195.0,0.0,0.0,,PUMA,0.0,0.0,,,,,,,Tops,False,1.0,True,0.0,,True,True,False,1.0,,,,,0.0,0.0,,
1.0,PUMA,Licensed,Apparel,Jerseys,ACM_25TH_ANNI_JSY,AC Milan 25th Anniversary Jersey,775052,RED,Red,S,,145072,0,0,0,0,0,91.65,0.0,195.0,0.0,195.0,0.0,0.0,,PUMA,0.0,0.0,,,,,,,Tops,False,1.0,True,0.0,,True,True,False,1.0,,,,,0.0,0.0,,
1.0,PUMA,Licensed,Apparel,Jerseys,ACM_25TH_ANNI_JSY,AC Milan 25th Anniversary Jersey,775052,RED,Red,M,,145073,1,0,0,0,1,91.65,91.65,195.0,195.0,195.0,195.0,0.0,,PUMA,0.0,0.0,,,,,,,Tops,False,1.0,True,0.0,,True,True,False,1.0,,,,,1.0,2.0,12/28/24 10:37:27 AM,
1.0,PUMA,Licensed,Apparel,Jerseys,ACM_25TH_ANNI_JSY,AC Milan 25th Anniversary Jersey,775052,RED,Red,L,,145074,0,0,0,0,0,91.65,0.0,195.0,0.0,195.0,0.0,0.0,,PUMA,0.0,0.0,,,,,,,Tops,False,1.0,True,0.0,,True,True,False,1.0,,,,,2.0,2.0,12/28/24 10:37:28 AM,
1.0,PUMA,Licensed,Apparel,Jerseys,ACM_25TH_ANNI_JSY,AC Milan 25th Anniversary Jersey,775052,RED,Red,XL,,145075,0,0,0,0,0,91.65,0.0,195.0,0.0,195.0,0.0,0.0,,PUMA,0.0,0.0,,,,,,,Tops,False,1.0,True,0.0,,True,True,False,1.0,,,,,0.0,0.0,,
1.0,PUMA,Licensed,Apparel,Jerseys,ACM_25TH_ANNI_JSY,AC Milan 25th Anniversary Jersey,775052,RED,Red,XXL,,145076,0,0,0,0,0,91.65,0.0,195.0,0.0,195.0,0.0,0.0,,PUMA,0.0,0.0,,,,,,,Tops,False,1.0,True,0.0,,True,True,False,1.0,,,,,0.0,0.0,,
1.0,PUMA,Licensed,Apparel,Jerseys,ACM_25TH_ANNI_JSY,AC Milan 25th Anniversary Jersey,775052,RED,Red,XXXL,,145077,0,0,0,0,0,91.65,0.0,195.0,0.0,195.0,0.0,0.0,,PUMA,0.0,0.0,,,,,,,Tops,False,1.0,True,0.0,,True,True,False,1.0,,,,,0.0,0.0,,
1.0,PUMA,Licensed,Apparel,Jerseys,FPF_25_H_JSY_AU,Portugal Home Jersey Authentic,780766,RED,Red,XS,,145225,0,0,0,0,0,79.05,0.0,170.0,0.0,170.0,0.0,0.0,,NIKE,0.0,0.0,,,,,,,Tops,False,1.0,True,0.0,,True,True,False,1.0,,,,,0.0,0.0,,
1.0,PUMA,Licensed,Apparel,Jerseys,FPF_25_H_JSY_AU,Portugal Home Jersey Authentic,780766,RED,Red,S,,145226,2,0,0,0,2,79.05,158.1,170.0,340.0,170.0,340.0,0.0,,NIKE,0.0,0.0,,,,,,,Tops,False,1.0,True,0.0,,True,True,False,1.0,,,,,0.0,2.0,1/06/25 3:24:27 PM,
1.0,PUMA,Licensed,Apparel,Jerseys,FPF_25_H_JSY_AU,Portugal Home Jersey Authentic,780766,RED,Red,M,,145227,1,0,0,0,1,79.05,79.05,170.0,170.0,170.0,170.0,0.0,,NIKE,0.0,0.0,,,,,,,Tops,False,1.0,True,0.0,,True,True,False,1.0,,,,,1.0,2.0,1/06/25 3:24:27 PM,
1.0,PUMA,Licensed,Apparel,Jerseys,FPF_25_H_JSY_AU,Portugal Home Jersey Authentic,780766,RED,Red,L,,145228,0,0,0,0,0,79.05,0.0,170.0,0.0,170.0,0.0,0.0,,NIKE,0.0,0.0,,,,,,,Tops,False,1.0,True,0.0,,True,True,False,1.0,,,,,1.0,1.0,1/06/25 3:24:27 PM,
1.0,PUMA,Licensed,Apparel,Jerseys,FPF_25_H_JSY_AU,Portugal Home Jersey Authentic,780766,RED,Red,XL,,145229,0,0,0,0,0,79.05,0.0,170.0,0.0,170.0,0.0,0.0,,NIKE,0.0,0.0,,,,,,,Tops,False,1.0,True,0.0,,True,True,False,1.0,,,,,1.0,1.0,1/06/25 3:24:27 PM,
1.0,PUMA,Licensed,Apparel,Jerseys,FPF_25_H_JSY_AU,Portugal Home Jersey Authentic,780766,RED,Red,XXL,,145230,0,0,0,0,0,79.05,0.0,170.0,0.0,170.0,0.0,0.0,,NIKE,0.0,0.0,,,,,,,Tops,False,1.0,True,0.0,,True,True,False,1.0,,,,,0.0,0.0,,
1.0,PUMA,Licensed,Apparel,Jerseys,FPF_25_H_JSY_AU,Portugal Home Jersey Authentic,780766,RED,Red,XXXL,,145231,0,0,0,0,0,79.05,0.0,170.0,0.0,170.0,0.0,0.0,,NIKE,0.0,0.0,,,,,,,Tops,False,1.0,True,0.0,,True,True,False,1.0,,,,,0.0,0.0,,
1.0,PUMA,Licensed,Apparel,Jerseys,FPF_25_A_JSY_AU,Portugal Away Jersey Authentic,780769,WHT,White,XS,,145232,0,0,0,0,0,79.05,0.0,170.0,0.0,170.0,0.0,0.0,,NIKE,0.0,0.0,,,,,,,Tops,False,1.0,True,0.0,,True,True,False,1.0,,,,,0.0,0.0,,
1.0,PUMA,Licensed,Apparel,Jerseys,FPF_25_A_JSY_AU,Portugal Away Jersey Authentic,780769,WHT,White,S,,145233,1,0,0,0,1,79.05,79.05,170.0,170.0,170.0,170.0,0.0,,NIKE,0.0,0.0,,,,,,,Tops,False,1.0,True,0.0,,True,True,False,1.0,,,,,1.0,2.0,1/06/25 3:32:06 PM,
1.0,PUMA,Licensed,Apparel,Jerseys,FPF_25_A_JSY_AU,Portugal Away Jersey Authentic,780769,WHT,White,M,,145234,0,0,0,0,0,79.05,0.0,170.0,0.0,170.0,0.0,0.0,,NIKE,0.0,0.0,,,,,,,Tops,False,1.0,True,0.0,,True,True,False,1.0,,,,,2.0,2.0,1/06/25 3:32:06 PM,
1.0,PUMA,Licensed,Apparel,Jerseys,FPF_25_A_JSY_AU,Portugal Away Jersey Authentic,780769,WHT,White,L,,145235,2,0,0,0,2,79.05,158.1,170.0,340.0,170.0,340.0,0.0,,NIKE,0.0,0.0,,,,,,,Tops,False,1.0,True,0.0,,True,True,False,1.0,,,,,0.0,2.0,1/06/25 3:32:06 PM,
1.0,PUMA,Licensed,Apparel,Jerseys,FPF_25_A_JSY_AU,Portugal Away Jersey Authentic,780769,WHT,White,XL,,145236,0,0,0,0,0,79.05,0.0,170.0,0.0,170.0,0.0,0.0,,NIKE,0.0,0.0,,,,,,,Tops,False,1.0,True,0.0,,True,True,False,1.0,,,,,1.0,1.0,1/06/25 3:32:06 PM,
1.0,PUMA,Licensed,Apparel,Jerseys,FPF_25_A_JSY_AU,Portugal Away Jersey Authentic,780769,WHT,White,XXL,,145237,0,0,0,0,0,79.05,0.0,170.0,0.0,170.0,0.0,0.0,,NIKE,0.0,0.0,,,,,,,Tops,False,1.0,True,0.0,,True,True,False,1.0,,,,,0.0,0.0,,
1.0,PUMA,Licensed,Apparel,Jerseys,FPF_25_A_JSY_AU,Portugal Away Jersey Authentic,780769,WHT,White,XXXL,,145238,0,0,0,0,0,79.05,0.0,170.0,0.0,170.0,0.0,0.0,,NIKE,0.0,0.0,,,,,,,Tops,False,1.0,True,0.0,,True,True,False,1.0,,,,,0.0,0.0,,
1.0,PUMA,Licensed,Apparel,Jerseys,FPF_25_TRN_JSY,Portugal Training Jsy,779512,NVY,Navy,XL,,145954,0,0,0,0,0,30.25,0.0,65.0,0.0,65.0,0.0,0.0,,PUMA,0.0,0.0,,,,,,,Shorts,False,1.0,True,0.0,,True,True,False,1.0,,,,,1.0,1.0,1/25/25 11:52:43 AM,
1.0,PUMA,Licensed,Apparel,Jerseys,FPF_25_TRN_JSY,Portugal Training Jsy,779512,NVY,Navy,XXL,,145955,0,0,0,0,0,30.25,0.0,65.0,0.0,65.0,0.0,0.0,,PUMA,0.0,0.0,,,,,,,Shorts,False,1.0,True,0.0,,True,True,False,1.0,,,,,0.0,0.0,,
1.0,PUMA,Licensed,Apparel,KITS,FPF_25_H_BABYKIT,Portugal Training Jsy,779196,RED,Red,12M,,145956,0,0,0,0,0,30.25,0.0,65.0,0.0,65.0,0.0,0.0,,WEST COAST,0.0,0.0,,,,,,,Baby,False,1.0,True,0.0,,True,True,False,1.0,,,,,2.0,2.0,1/25/25 12:00:38 PM,
1.0,PUMA,Licensed,Apparel,KITS,FPF_25_H_BABYKIT,Portugal Training Jsy,779196,RED,Red,18M,,145957,2,0,0,0,2,30.25,60.5,65.0,130.0,65.0,130.0,0.0,,WEST COAST,0.0,0.0,,,,,,,Baby,False,1.0,True,0.0,,True,True,False,1.0,,,,,0.0,2.0,1/25/25 12:00:39 PM,
1.0,PUMA,Licensed,Apparel,KITS,FPF_25_H_BABYKIT,Portugal Training Jsy,779196,RED,Red,2T,,145958,0,0,0,0,0,30.25,0.0,65.0,0.0,65.0,0.0,0.0,,WEST COAST,0.0,0.0,,,,,,,Baby,False,1.0,True,0.0,,True,True,False,1.0,,,,,2.0,2.0,1/25/25 12:00:39 PM,
1.0,PUMA,Licensed,Apparel,Jerseys,FPF_25_H_JSY_LS,Portugal Home Jersey LS,779191,RED,Red,XS,,145959,0,0,0,0,0,60.45,0.0,130.0,0.0,130.0,0.0,0.0,,WEST COAST,0.0,0.0,,,,,,,Tops,False,1.0,True,0.0,,True,True,False,1.0,,,,,0.0,0.0,,
1.0,PUMA,Licensed,Apparel,Jerseys,FPF_25_H_JSY_LS,Portugal Home Jersey LS,779191,RED,Red,S,,145960,0,0,0,0,0,60.45,0.0,130.0,0.0,130.0,0.0,0.0,,WEST COAST,0.0,0.0,,,,,,,Tops,False,1.0,True,0.0,,True,True,False,1.0,,,,,1.0,1.0,1/25/25 12:54:24 PM,
1.0,PUMA,Licensed,Apparel,Jerseys,FPF_25_H_JSY_LS,Portugal Home Jersey LS,779191,RED,Red,M,,145961,1,0,0,0,1,60.45,60.45,130.0,130.0,130.0,130.0,0.0,,WEST COAST,0.0,0.0,,,,,,,Tops,False,1.0,True,0.0,,True,True,False,1.0,,,,,1.0,2.0,1/25/25 12:54:24 PM,
1.0,PUMA,Licensed,Apparel,Jerseys,FPF_25_H_JSY_LS,Portugal Home Jersey LS,779191,RED,Red,L,,145962,0,0,0,0,0,60.45,0.0,130.0,0.0,130.0,0.0,0.0,,WEST COAST,0.0,0.0,,,,,,,Tops,False,1.0,True,0.0,,True,True,False,1.0,,,,,1.0,1.0,1/25/25 12:54:24 PM,
1.0,PUMA,Licensed,Apparel,Jerseys,FPF_25_H_JSY_LS,Portugal Home Jersey LS,779191,RED,Red,XL,,145963,0,0,0,0,0,60.45,0.0,130.0,0.0,130.0,0.0,0.0,,WEST COAST,0.0,0.0,,,,,,,Tops,False,1.0,True,0.0,,True,True,False,1.0,,,,,0.0,0.0,,
1.0,PUMA,Licensed,Apparel,Jerseys,FPF_25_H_JSY_LS,Portugal Home Jersey LS,779191,RED,Red,XXL,,145964,0,0,0,0,0,60.45,0.0,130.0,0.0,130.0,0.0,0.0,,WEST COAST,0.0,0.0,,,,,,,Tops,False,1.0,True,0.0,,True,True,False,1.0,,,,,0.0,0.0,,
1.0,PUMA,Licensed,Apparel,Jerseys,FPF_25_H_JSY_LS,Portugal Home Jersey LS,779191,RED,Red,XXXL,,145965,0,0,0,0,0,60.45,0.0,130.0,0.0,130.0,0.0,0.0,,WEST COAST,0.0,0.0,,,,,,,Tops,False,1.0,True,0.0,,True,True,False,1.0,,,,,0.0,0.0,,
1.0,PUMA,Licensed,Apparel,Jerseys,FPF_25_A_JSY_Y,Portugal Away Jersey Y,779212,WHT,White,XS,,145973,0,0,0,0,0,51.15,0.0,110.0,0.0,110.0,0.0,0.0,,PUMA,0.0,0.0,,,,,,,Tops,False,1.0,True,0.0,,True,True,False,1.0,,,,,0.0,0.0,,
1.0,PUMA,Licensed,Apparel,Jerseys,FPF_25_A_JSY_Y,Portugal Away Jersey Y,779212,WHT,White,S,,145974,0,0,0,0,0,51.15,0.0,110.0,0.0,110.0,0.0,0.0,,PUMA,0.0,0.0,,,,,,,Tops,False,1.0,True,0.0,,True,True,False,1.0,,,,,2.0,2.0,1/25/25 1:42:19 PM,
1.0,PUMA,Licensed,Apparel,Jerseys,FPF_25_A_JSY_Y,Portugal Away Jersey Y,779212,WHT,White,M,,145975,1,0,0,0,1,51.15,51.15,110.0,110.0,110.0,110.0,0.0,,PUMA,0.0,0.0,,,,,,,Tops,False,1.0,True,0.0,,True,True,False,1.0,,,,,1.0,2.0,1/25/25 1:42:19 PM,
1.0,PUMA,Licensed,Apparel,Jerseys,FPF_25_A_JSY_Y,Portugal Away Jersey Y,779212,WHT,White,L,,145976,1,0,0,0,1,51.15,51.15,110.0,110.0,110.0,110.0,0.0,,PUMA,0.0,0.0,,,,,,,Tops,False,1.0,True,0.0,,True,True,False,1.0,,,,,2.0,3.0,1/25/25 1:42:20 PM,
1.0,PUMA,Licensed,Apparel,Jerseys,FPF_25_A_JSY_Y,Portugal Away Jersey Y,779212,WHT,White,XL,,145977,1,0,0,0,1,51.15,51.15,110.0,110.0,110.0,110.0,0.0,,PUMA,0.0,0.0,,,,,,,Tops,False,1.0,True,0.0,,True,True,False,1.0,,,,,2.0,3.0,1/25/25 1:42:20 PM,
1.0,PUMA,Licensed,Apparel,Jerseys,FPF_25_A_JSY_Y,Portugal Away Jersey Y,779212,WHT,White,XXL,,145978,0,0,0,0,0,51.15,0.0,110.0,0.0,110.0,0.0,0.0,,PUMA,0.0,0.0,,,,,,,Tops,False,1.0,True,0.0,,True,True,False,1.0,,,,,0.0,0.0,,
1.0,PUMA,Licensed,Apparel,Jerseys,FPF_25_A_JSY_Y,Portugal Away Jersey Y,779212,WHT,White,XXXL,,145979,0,0,0,0,0,51.15,0.0,110.0,0.0,110.0,0.0,0.0,,PUMA,0.0,0.0,,,,,,,Tops,False,1.0,True,0.0,,True,True,False,1.0,,,,,0.0,0.0,,
1.0,PUMA,Licensed,Apparel,Jerseys,FPF_25_H_JSY_Y,Portugal Home Jersey Y,779193,RED,Red,XS,,145966,0,0,0,0,0,51.15,0.0,110.0,0.0,110.0,0.0,0.0,,PUMA,0.0,0.0,,,,,,,Tops,False,1.0,True,0.0,,True,True,False,1.0,,,,,0.0,0.0,,
1.0,PUMA,Licensed,Apparel,Jerseys,FPF_25_H_JSY_Y,Portugal Home Jersey Y,779193,RED,Red,S,,145967,2,0,0,0,2,51.15,102.3,110.0,220.0,110.0,220.0,0.0,,PUMA,0.0,0.0,,,,,,,Tops,False,1.0,True,0.0,,True,True,False,1.0,,,,,0.0,2.0,1/25/25 1:39:10 PM,
1.0,PUMA,Licensed,Apparel,Jerseys,FPF_25_H_JSY_Y,Portugal Home Jersey Y,779193,RED,Red,M,,145968,0,0,0,0,0,51.15,0.0,110.0,0.0,110.0,0.0,0.0,,PUMA,0.0,0.0,,,,,,,Tops,False,1.0,True,0.0,,True,True,False,1.0,,,,,3.0,3.0,1/25/25 1:39:10 PM,
1.0,PUMA,Licensed,Apparel,Jerseys,FPF_25_H_JSY_Y,Portugal Home Jersey Y,779193,RED,Red,L,,145969,2,0,0,0,2,51.15,102.3,110.0,220.0,110.0,220.0,0.0,,PUMA,0.0,0.0,,,,,,,Tops,False,1.0,True,0.0,,True,True,False,1.0,,,,,2.0,4.0,1/25/25 1:39:10 PM,
1.0,PUMA,Licensed,Apparel,Jerseys,FPF_25_H_JSY_Y,Portugal Home Jersey Y,779193,RED,Red,XL,,145970,2,0,0,0,2,51.15,102.3,110.0,220.0,110.0,220.0,0.0,,PUMA,0.0,0.0,,,,,,,Tops,False,1.0,True,0.0,,True,True,False,1.0,,,,,2.0,4.0,1/25/25 1:39:10 PM,
1.0,PUMA,Licensed,Apparel,Jerseys,FPF_25_H_JSY_Y,Portugal Home Jersey Y,779193,RED,Red,XXL,,145971,0,0,0,0,0,51.15,0.0,110.0,0.0,110.0,0.0,0.0,,PUMA,0.0,0.0,,,,,,,Tops,False,1.0,True,0.0,,True,True,False,1.0,,,,,0.0,0.0,,
1.0,PUMA,Licensed,Apparel,Jerseys,FPF_25_H_JSY_Y,Portugal Home Jersey Y,779193,RED,Red,XXXL,,145972,0,0,0,0,0,51.15,0.0,110.0,0.0,110.0,0.0,0.0,,PUMA,0.0,0.0,,,,,,,Tops,False,1.0,True,0.0,,True,True,False,1.0,,,,,0.0,0.0,,
1.0,NIKE,Licensed,Apparel,Socks,STRIKE_SLEEVE_25,Nike Strike Sleeve Socks,FQ8282,RED,Red,XS,,146259,0,0,0,0,0,7.52,0.0,16.0,0.0,16.0,0.0,0.0,,NIKE,0.0,0.0,,,,,,,Socks,False,1.0,True,0.0,,True,True,False,1.0,,,,,0.0,0.0,,
1.0,NIKE,Licensed,Apparel,Socks,STRIKE_SLEEVE_25,Nike Strike Sleeve Socks,FQ8282,RED,Red,S,,146260,0,0,0,0,0,7.52,0.0,16.0,0.0,16.0,0.0,0.0,,NIKE,0.0,0.0,,,,,,,Socks,False,1.0,True,0.0,,True,True,False,1.0,,,,,0.0,0.0,,
1.0,NIKE,Licensed,Apparel,Socks,STRIKE_SLEEVE_25,Nike Strike Sleeve Socks,FQ8282,RED,Red,M ,,146261,38,0,0,0,38,7.52,285.76,16.0,608.0,16.0,608.0,0.0,,NIKE,0.0,0.0,,,,,,,Socks,False,1.0,True,0.0,,True,True,False,1.0,,,,,4.0,12.0,10/28/25 12:55:56 PM,
1.0,NIKE,Licensed,Apparel,Socks,STRIKE_SLEEVE_25,Nike Strike Sleeve Socks,FQ8282,RED,Red,L,,146262,39,0,0,0,39,7.52,293.28,16.0,624.0,16.0,624.0,0.0,,NIKE,0.0,0.0,,,,,,,Socks,False,1.0,True,0.0,,True,True,False,1.0,,,,,3.0,12.0,10/28/25 12:55:57 PM,
1.0,NIKE,Licensed,Apparel,Socks,STRIKE_SLEEVE_25,Nike Strike Sleeve Socks,FQ8282,RED,Red,XL,,146263,0,0,0,0,0,7.52,0.0,16.0,0.0,16.0,0.0,0.0,,NIKE,0.0,0.0,,,,,,,Socks,False,1.0,True,0.0,,True,True,False,1.0,,,,,0.0,0.0,,
1.0,NIKE,Licensed,Apparel,Socks,STRIKE_SLEEVE_25,Nike Strike Sleeve Socks,FQ8282,WHT,White,XS,,146264,0,0,0,0,0,7.52,0.0,16.0,0.0,16.0,0.0,0.0,,NIKE,0.0,0.0,,,,,,,Socks,False,1.0,True,0.0,,True,True,False,1.0,,,,,0.0,0.0,,
1.0,NIKE,Licensed,Apparel,Socks,STRIKE_SLEEVE_25,Nike Strike Sleeve Socks,FQ8282,WHT,White,S,,146265,0,0,0,0,0,7.52,0.0,16.0,0.0,16.0,0.0,0.0,,NIKE,0.0,0.0,,,,,,,Socks,False,1.0,True,0.0,,True,True,False,1.0,,,,,0.0,0.0,,
1.0,NIKE,Licensed,Apparel,Socks,STRIKE_SLEEVE_25,Nike Strike Sleeve Socks,FQ8282,WHT,White,M ,,146266,58,0,0,0,58,7.52,436.16,16.0,928.0,16.0,928.0,0.0,,NIKE,0.0,0.0,,,,,,,Socks,False,1.0,True,0.0,,True,True,False,1.0,,,,,3.0,19.0,10/30/25 1:36:37 PM,
1.0,NIKE,Licensed,Apparel,Socks,STRIKE_SLEEVE_25,Nike Strike Sleeve Socks,FQ8282,WHT,White,L,,146267,117,0,0,0,117,7.52,879.84,16.0,1872.0,16.0,1872.0,0.0,,NIKE,0.0,0.0,,,,,,,Socks,False,1.0,True,0.0,,True,True,False,1.0,,,,,5.0,24.0,10/30/25 1:36:38 PM,
1.0,NIKE,Licensed,Apparel,Socks,STRIKE_SLEEVE_25,Nike Strike Sleeve Socks,FQ8282,WHT,White,XL,,146268,0,0,0,0,0,7.52,0.0,16.0,0.0,16.0,0.0,0.0,,NIKE,0.0,0.0,,,,,,,Socks,False,1.0,True,0.0,,True,True,False,1.0,,,,,0.0,0.0,,
1.0,NIKE,Licensed,Apparel,Socks,STRIKE_SLEEVE_25,Nike Strike Sleeve Socks,FQ8282,BLU,Blue,XS,,146269,0,0,0,0,0,7.52,0.0,16.0,0.0,16.0,0.0,0.0,,NIKE,0.0,0.0,,,,,,,Socks,False,1.0,True,0.0,,True,True,False,1.0,,,,,0.0,0.0,,
1.0,NIKE,Licensed,Apparel,Socks,STRIKE_SLEEVE_25,Nike Strike Sleeve Socks,FQ8282,BLU,Blue,S,,146270,0,0,0,0,0,7.52,0.0,16.0,0.0,16.0,0.0,0.0,,NIKE,0.0,0.0,,,,,,,Socks,False,1.0,True,0.0,,True,True,False,1.0,,,,,0.0,0.0,,
1.0,NIKE,Licensed,Apparel,Socks,STRIKE_SLEEVE_25,Nike Strike Sleeve Socks,FQ8282,BLU,Blue,M ,,146271,19,0,0,0,19,7.52,142.88,16.0,304.0,16.0,304.0,0.0,,NIKE,0.0,0.0,,,,,,,Socks,False,1.0,True,0.0,,True,True,False,1.0,,,,,5.0,12.0,10/28/25 12:55:56 PM,
1.0,NIKE,Licensed,Apparel,Socks,STRIKE_SLEEVE_25,Nike Strike Sleeve Socks,FQ8282,BLU,Blue,L,,146272,20,0,0,0,20,7.52,150.4,16.0,320.0,16.0,320.0,0.0,,NIKE,0.0,0.0,,,,,,,Socks,False,1.0,True,0.0,,True,True,False,1.0,,,,,1.0,12.0,10/28/25 12:55:56 PM,
1.0,NIKE,Licensed,Apparel,Socks,STRIKE_SLEEVE_25,Nike Strike Sleeve Socks,FQ8282,BLU,Blue,XL,,146273,0,0,0,0,0,7.52,0.0,16.0,0.0,16.0,0.0,0.0,,NIKE,0.0,0.0,,,,,,,Socks,False,1.0,True,0.0,,True,True,False,1.0,,,,,0.0,0.0,,
1.0,NIKE,Licensed,Apparel,Socks,STRIKE_SLEEVE_25,Nike Strike Sleeve Socks,FQ8282,BLK,Black,XS,,146274,0,0,0,0,0,7.52,0.0,16.0,0.0,16.0,0.0,0.0,,NIKE,0.0,0.0,,,,,,,Socks,False,1.0,True,0.0,,True,True,False,1.0,,,,,0.0,0.0,,
1.0,NIKE,Licensed,Apparel,Socks,STRIKE_SLEEVE_25,Nike Strike Sleeve Socks,FQ8282,BLK,Black,S,,146275,6,0,0,0,6,7.52,45.12,16.0,96.0,16.0,96.0,0.0,,NIKE,0.0,0.0,,,,,,,Socks,False,1.0,True,0.0,,True,True,False,1.0,,,,,0.0,6.0,6/12/25 1:43:05 PM,
1.0,NIKE,Licensed,Apparel,Socks,STRIKE_SLEEVE_25,Nike Strike Sleeve Socks,FQ8282,BLK,Black,M ,,146276,41,0,0,0,41,7.52,308.32,16.0,656.0,16.0,656.0,0.0,,NIKE,0.0,0.0,,,,,,,Socks,False,1.0,True,0.0,,True,True,False,1.0,,,,,13.0,18.0,10/28/25 12:55:55 PM,
1.0,ADIDAS,Licensed,Apparel,Jerseys,RM_25_A_JSY_AU,Ream Madrid Away Jersey Authentic,JV5920,NVY,Navy,XXL,,148165,0,0,0,0,0,89.3,0.0,190.0,0.0,190.0,0.0,0.0,,ADIDAS,0.0,0.0,,,,,,,Tops,False,1.0,True,0.0,,True,True,False,1.0,,,,,0.0,0.0,,
1.0,ADIDAS,Licensed,Apparel,Jerseys,RM_25_A_JSY_AU,Ream Madrid Away Jersey Authentic,JV5920,NVY,Navy,XXXL,,148166,0,0,0,0,0,89.3,0.0,190.0,0.0,190.0,0.0,0.0,,ADIDAS,0.0,0.0,,,,,,,Tops,False,1.0,True,0.0,,True,True,False,1.0,,,,,0.0,0.0,,
1.0,ADIDAS,Licensed,Apparel,Jerseys,CELTIC_25_A_JSY,Celtic Away Jersey,JV7449,BLK,Black,XS,,148167,0,0,0,0,0,56.4,0.0,120.0,0.0,120.0,0.0,0.0,,ADIDAS,0.0,0.0,,,,,,,Tops,False,1.0,True,0.0,,True,True,False,1.0,,,,,0.0,0.0,,
1.0,ADIDAS,Licensed,Apparel,Jerseys,CELTIC_25_A_JSY,Celtic Away Jersey,JV7449,BLK,Black,S,,148168,1,0,0,0,1,56.4,56.4,120.0,120.0,120.0,120.0,0.0,,ADIDAS,0.0,0.0,,,,,,,Tops,False,1.0,True,0.0,,True,True,False,1.0,,,,,0.0,1.0,8/21/25 2:42:44 PM,
1.0,ADIDAS,Licensed,Apparel,Jerseys,CELTIC_25_A_JSY,Celtic Away Jersey,JV7449,BLK,Black,M,,148169,2,0,0,0,2,56.4,112.8,120.0,240.0,120.0,240.0,0.0,,ADIDAS,0.0,0.0,,,,,,,Tops,False,1.0,True,0.0,,True,True,False,1.0,,,,,0.0,2.0,8/21/25 2:42:44 PM,
1.0,ADIDAS,Licensed,Apparel,Jerseys,CELTIC_25_A_JSY,Celtic Away Jersey,JV7449,BLK,Black,L,,148170,1,0,0,0,1,56.4,56.4,120.0,120.0,120.0,120.0,0.0,,ADIDAS,0.0,0.0,,,,,,,Tops,False,1.0,True,0.0,,True,True,False,1.0,,,,,0.0,1.0,8/21/25 2:42:44 PM,
1.0,ADIDAS,Licensed,Apparel,Jerseys,CELTIC_25_A_JSY,Celtic Away Jersey,JV7449,BLK,Black,XL,,148171,0,0,0,0,0,56.4,0.0,120.0,0.0,120.0,0.0,0.0,,ADIDAS,0.0,0.0,,,,,,,Tops,False,1.0,True,0.0,,True,True,False,1.0,,,,,0.0,0.0,,
1.0,ADIDAS,Licensed,Apparel,Jerseys,CELTIC_25_A_JSY,Celtic Away Jersey,JV7449,BLK,Black,XXL,,148172,0,0,0,0,0,56.4,0.0,120.0,0.0,120.0,0.0,0.0,,ADIDAS,0.0,0.0,,,,,,,Tops,False,1.0,True,0.0,,True,True,False,1.0,,,,,0.0,0.0,,
1.0,ADIDAS,Licensed,Apparel,Jerseys,CELTIC_25_A_JSY,Celtic Away Jersey,JV7449,BLK,Black,XXXL,,148173,0,0,0,0,0,56.4,0.0,120.0,0.0,120.0,0.0,0.0,,ADIDAS,0.0,0.0,,,,,,,Tops,False,1.0,True,0.0,,True,True,False,1.0,,,,,0.0,0.0,,
1.0,ADIDAS,Licensed,Apparel,Jerseys,MUFC_25_A_JSY_AU,MUFC Away Jersey Authentic,JI7424,WHT,White,XS,,148174,0,0,0,0,0,89.3,0.0,190.0,0.0,190.0,0.0,0.0,,ADIDAS,0.0,0.0,,,,,,,Tops,False,1.0,True,0.0,,True,True,False,1.0,,,,,0.0,0.0,,
1.0,ADIDAS,Licensed,Apparel,Jerseys,MUFC_25_A_JSY_AU,MUFC Away Jersey Authentic,JI7424,WHT,White,S,,148175,0,0,0,0,0,89.3,0.0,190.0,0.0,190.0,0.0,0.0,,ADIDAS,0.0,0.0,,,,,,,Tops,False,1.0,True,0.0,,True,True,False,1.0,,,,,0.0,0.0,,
1.0,ADIDAS,Licensed,Apparel,Jerseys,MUFC_25_A_JSY_AU,MUFC Away Jersey Authentic,JI7424,WHT,White,M,,148176,1,0,0,0,1,89.3,89.3,190.0,190.0,190.0,190.0,0.0,,ADIDAS,0.0,0.0,,,,,,,Tops,False,1.0,True,0.0,,True,True,False,1.0,,,,,0.0,1.0,8/21/25 3:35:26 PM,
1.0,ADIDAS,Licensed,Apparel,Jerseys,MUFC_25_A_JSY_AU,MUFC Away Jersey Authentic,JI7424,WHT,White,L,,148177,0,0,0,0,0,89.3,0.0,190.0,0.0,190.0,0.0,0.0,,ADIDAS,0.0,0.0,,,,,,,Tops,False,1.0,True,0.0,,True,True,False,1.0,,,,,0.0,0.0,,
1.0,ADIDAS,Licensed,Apparel,Jerseys,MUFC_25_A_JSY_AU,MUFC Away Jersey Authentic,JI7424,WHT,White,XL,,148178,0,0,0,0,0,89.3,0.0,190.0,0.0,190.0,0.0,0.0,,ADIDAS,0.0,0.0,,,,,,,Tops,False,1.0,True,0.0,,True,True,False,1.0,,,,,0.0,0.0,,
1.0,ADIDAS,Licensed,Apparel,Jerseys,MUFC_25_A_JSY_AU,MUFC Away Jersey Authentic,JI7424,WHT,White,XXL,,148179,0,0,0,0,0,89.3,0.0,190.0,0.0,190.0,0.0,0.0,,ADIDAS,0.0,0.0,,,,,,,Tops,False,1.0,True,0.0,,True,True,False,1.0,,,,,0.0,0.0,,
1.0,ADIDAS,Licensed,Apparel,Jerseys,MUFC_25_A_JSY_AU,MUFC Away Jersey Authentic,JI7424,WHT,White,XXXL,,148180,0,0,0,0,0,89.3,0.0,190.0,0.0,190.0,0.0,0.0,,ADIDAS,0.0,0.0,,,,,,,Tops,False,1.0,True,0.0,,True,True,False,1.0,,,,,0.0,0.0,,
1.0,ADIDAS,Licensed,Apparel,Jerseys,MUFC_25_A_JSY,MUFC Away Jersey,JI7423,WHT,White,XS,,148181,0,0,0,0,0,60.72,0.0,120.0,0.0,120.0,0.0,0.0,,ADIDAS,0.0,0.0,,,,,,,Tops,False,1.0,True,0.0,,True,True,False,1.0,,,,,0.0,0.0,,
1.0,ADIDAS,Licensed,Apparel,Jerseys,MUFC_25_A_JSY,MUFC Away Jersey,JI7423,WHT,White,S,,148182,1,0,0,0,1,60.72,60.72,120.0,120.0,120.0,120.0,0.0,,ADIDAS,0.0,0.0,,,,,,,Tops,False,1.0,True,0.0,,True,True,False,1.0,,,,,0.0,1.0,8/21/25 3:37:03 PM,
1.0,ADIDAS,Licensed,Apparel,Jerseys,MUFC_25_A_JSY,MUFC Away Jersey,JI7423,WHT,White,M,,148183,1,0,0,0,1,60.72,60.72,120.0,120.0,120.0,120.0,0.0,,ADIDAS,0.0,0.0,,,,,,,Tops,False,1.0,True,0.0,,True,True,False,1.0,,,,,1.0,2.0,8/21/25 3:37:03 PM,
1.0,ADIDAS,Licensed,Apparel,Jerseys,MUFC_25_A_JSY,MUFC Away Jersey,JI7423,WHT,White,L,,148184,1,0,0,0,1,60.72,60.72,120.0,120.0,120.0,120.0,0.0,,ADIDAS,0.0,0.0,,,,,,,Tops,False,1.0,True,0.0,,True,True,False,1.0,,,,,0.0,1.0,10/01/25 11:54:16 AM,
1.0,ADIDAS,Licensed,Apparel,Jerseys,MUFC_25_A_JSY,MUFC Away Jersey,JI7423,WHT,White,XL,,148185,0,0,0,0,0,60.72,0.0,120.0,0.0,120.0,0.0,0.0,,ADIDAS,0.0,0.0,,,,,,,Tops,False,1.0,True,0.0,,True,True,False,1.0,,,,,0.0,0.0,,
1.0,ADIDAS,Licensed,Apparel,Jerseys,MUFC_25_A_JSY,MUFC Away Jersey,JI7423,WHT,White,XXL,,148186,0,0,0,0,0,60.72,0.0,120.0,0.0,120.0,0.0,0.0,,ADIDAS,0.0,0.0,,,,,,,Tops,False,1.0,True,0.0,,True,True,False,1.0,,,,,0.0,0.0,,
1.0,ADIDAS,Licensed,Apparel,Jerseys,MUFC_25_A_JSY,MUFC Away Jersey,JI7423,WHT,White,XXXL,,148187,0,0,0,0,0,60.72,0.0,120.0,0.0,120.0,0.0,0.0,,ADIDAS,0.0,0.0,,,,,,,Tops,False,1.0,True,0.0,,True,True,False,1.0,,,,,0.0,0.0,,
1.0,ADIDAS,Licensed,Apparel,Jerseys,MUFC_25_A_JSY_LS,MUFC Away Jersey LS,JP3025,WHT,White,XS,,148188,0,0,0,0,0,61.1,0.0,130.0,0.0,130.0,0.0,0.0,,ADIDAS,0.0,0.0,,,,,,,Tops,False,1.0,True,0.0,,True,True,False,1.0,,,,,0.0,0.0,,
1.0,ADIDAS,Licensed,Apparel,Jerseys,MUFC_25_A_JSY_LS,MUFC Away Jersey LS,JP3025,WHT,White,S,,148189,0,0,0,0,0,61.1,0.0,130.0,0.0,130.0,0.0,0.0,,ADIDAS,0.0,0.0,,,,,,,Tops,False,1.0,True,0.0,,True,True,False,1.0,,,,,1.0,1.0,8/21/25 3:38:00 PM,
1.0,ADIDAS,Licensed,Apparel,Jerseys,MUFC_25_A_JSY_LS,MUFC Away Jersey LS,JP3025,WHT,White,M,,148190,1,0,0,0,1,61.1,61.1,130.0,130.0,130.0,130.0,0.0,,ADIDAS,0.0,0.0,,,,,,,Tops,False,1.0,True,0.0,,True,True,False,1.0,,,,,0.0,1.0,10/01/25 11:54:43 AM,
1.0,ADIDAS,Licensed,Apparel,Jerseys,MUFC_25_A_JSY_LS,MUFC Away Jersey LS,JP3025,WHT,White,L,,148191,1,0,0,0,1,61.1,61.1,130.0,130.0,130.0,130.0,0.0,,ADIDAS,0.0,0.0,,,,,,,Tops,False,1.0,True,0.0,,True,True,False,1.0,,,,,0.0,1.0,8/21/25 3:38:00 PM,
1.0,ADIDAS,Licensed,Apparel,Jerseys,MUFC_25_A_JSY_LS,MUFC Away Jersey LS,JP3025,WHT,White,XL,,148192,0,0,0,0,0,61.1,0.0,130.0,0.0,130.0,0.0,0.0,,ADIDAS,0.0,0.0,,,,,,,Tops,False,1.0,True,0.0,,True,True,False,1.0,,,,,0.0,0.0,,
1.0,ADIDAS,Licensed,Apparel,Jerseys,MUFC_25_A_JSY_LS,MUFC Away Jersey LS,JP3025,WHT,White,XXL,,148193,0,0,0,0,0,61.1,0.0,130.0,0.0,130.0,0.0,0.0,,ADIDAS,0.0,0.0,,,,,,,Tops,False,1.0,True,0.0,,True,True,False,1.0,,,,,0.0,0.0,,
1.0,ADIDAS,Licensed,Apparel,Jerseys,MUFC_25_A_JSY_LS,MUFC Away Jersey LS,JP3025,WHT,White,XXXL,,148194,0,0,0,0,0,61.1,0.0,130.0,0.0,130.0,0.0,0.0,,ADIDAS,0.0,0.0,,,,,,,Tops,False,1.0,True,0.0,,True,True,False,1.0,,,,,0.0,0.0,,
1.0,ADIDAS,Licensed,Apparel,Jerseys,JUVE_25_A_JSY,Juventus Away Jersey,JJ4323,TEAL,Teal,XS,,148195,0,0,0,0,0,60.72,0.0,120.0,0.0,120.0,0.0,0.0,,ADIDAS,0.0,0.0,,,,,,,Tops,False,1.0,True,0.0,,True,True,False,1.0,,,,,0.0,0.0,,
1.0,ADIDAS,Licensed,Apparel,Jerseys,JUVE_25_A_JSY,Juventus Away Jersey,JJ4323,TEAL,Teal,S,,148196,0,0,0,0,0,60.72,0.0,120.0,0.0,120.0,0.0,0.0,,ADIDAS,0.0,0.0,,,,,,,Tops,False,1.0,True,0.0,,True,True,False,1.0,,,,,2.0,2.0,8/21/25 3:39:41 PM,
1.0,ADIDAS,Licensed,Apparel,Jerseys,JUVE_25_A_JSY,Juventus Away Jersey,JJ4323,TEAL,Teal,M,,148197,0,0,0,0,0,60.72,0.0,120.0,0.0,120.0,0.0,0.0,,ADIDAS,0.0,0.0,,,,,,,Tops,False,1.0,True,0.0,,True,True,False,1.0,,,,,2.0,2.0,8/27/25 2:58:46 PM,
1.0,ADIDAS,Licensed,Apparel,Jerseys,JUVE_25_A_JSY,Juventus Away Jersey,JJ4323,TEAL,Teal,L,,148198,-17,0,0,0,-17,60.72,-1032.24,120.0,-2040.0,120.0,-2040.0,0.0,,ADIDAS,0.0,0.0,,,,,,,Tops,False,1.0,True,0.0,,True,True,False,1.0,,,,,19.0,2.0,10/01/25 11:52:33 AM,
1.0,ADIDAS,Licensed,Apparel,Jerseys,JUVE_25_A_JSY,Juventus Away Jersey,JJ4323,TEAL,Teal,XL,,148199,1,0,0,0,1,60.72,60.72,120.0,120.0,120.0,120.0,0.0,,ADIDAS,0.0,0.0,,,,,,,Tops,False,1.0,True,0.0,,True,True,False,1.0,,,,,0.0,1.0,8/21/25 3:39:41 PM,
1.0,ADIDAS,Licensed,Apparel,Jerseys,JUVE_25_A_JSY,Juventus Away Jersey,JJ4323,TEAL,Teal,XXL,,148200,0,0,0,0,0,60.72,0.0,120.0,0.0,120.0,0.0,0.0,,ADIDAS,0.0,0.0,,,,,,,Tops,False,1.0,True,0.0,,True,True,False,1.0,,,,,0.0,0.0,,
1.0,ADIDAS,Licensed,Apparel,Jerseys,JUVE_25_A_JSY,Juventus Away Jersey,JJ4323,TEAL,Teal,XXXL,,148201,0,0,0,0,0,60.72,0.0,120.0,0.0,120.0,0.0,0.0,,ADIDAS,0.0,0.0,,,,,,,Tops,False,1.0,True,0.0,,True,True,False,1.0,,,,,0.0,0.0,,
1.0,ADIDAS,Licensed,Apparel,Jerseys,RM_25_A_JSY,Real Madrid Away Jersey,JJ4182,NVY,Navy,XS,,148216,0,0,0,0,0,60.72,0.0,120.0,0.0,120.0,0.0,0.0,,ADIDAS,0.0,0.0,,,,,,,Tops,False,1.0,True,0.0,,True,True,False,1.0,,,,,0.0,0.0,,
1.0,ADIDAS,Licensed,Apparel,Jerseys,RM_25_A_JSY,Real Madrid Away Jersey,JJ4182,NVY,Navy,S,,148217,2,0,0,0,2,60.72,121.44,120.0,240.0,120.0,240.0,0.0,,ADIDAS,0.0,0.0,,,,,,,Tops,False,1.0,True,0.0,,True,True,False,1.0,,,,,1.0,3.0,8/21/25 3:46:42 PM,
1.0,ADIDAS,Licensed,Apparel,Jerseys,RM_25_A_JSY,Real Madrid Away Jersey,JJ4182,NVY,Navy,M,,148218,3,0,0,0,3,60.72,182.16,120.0,360.0,120.0,360.0,0.0,,ADIDAS,0.0,0.0,,,,,,,Tops,False,1.0,True,0.0,,True,True,False,1.0,,,,,1.0,4.0,8/21/25 3:46:43 PM,
1.0,ADIDAS,Licensed,Apparel,Jerseys,RM_25_A_JSY,Real Madrid Away Jersey,JJ4182,NVY,Navy,L,,148219,3,0,0,0,3,60.72,182.16,120.0,360.0,120.0,360.0,0.0,,ADIDAS,0.0,0.0,,,,,,,Tops,False,1.0,True,0.0,,True,True,False,1.0,,,,,0.0,3.0,8/21/25 3:46:43 PM,
1.0,ADIDAS,Licensed,Apparel,Jerseys,RM_25_A_JSY,Real Madrid Away Jersey,JJ4182,NVY,Navy,XL,,148220,2,0,0,0,2,60.72,121.44,120.0,240.0,120.0,240.0,0.0,,ADIDAS,0.0,0.0,,,,,,,Tops,False,1.0,True,0.0,,True,True,False,1.0,,,,,0.0,2.0,8/21/25 3:46:43 PM,
1.0,ADIDAS,Licensed,Apparel,Jerseys,RM_25_A_JSY,Real Madrid Away Jersey,JJ4182,NVY,Navy,XXL,,148221,0,0,0,0,0,60.72,0.0,120.0,0.0,120.0,0.0,0.0,,ADIDAS,0.0,0.0,,,,,,,Tops,False,1.0,True,0.0,,True,True,False,1.0,,,,,0.0,0.0,,
1.0,ADIDAS,Licensed,Apparel,Jerseys,RM_25_A_JSY,Real Madrid Away Jersey,JJ4182,NVY,Navy,XXXL,,148222,0,0,0,0,0,60.72,0.0,120.0,0.0,120.0,0.0,0.0,,ADIDAS,0.0,0.0,,,,,,,Tops,False,1.0,True,0.0,,True,True,False,1.0,,,,,0.0,0.0,,
1.0,ADIDAS,Licensed,Apparel,Jacket,MUFC_25_ANTHEM_JKT,MUFC Anthem Jacket,JN2901,RED,Red,XS,,148230,0,0,0,0,0,70.84,0.0,140.0,0.0,140.0,0.0,0.0,,ADIDAS,0.0,0.0,,,,,,,Tops,False,1.0,True,0.0,,True,True,False,1.0,,,,,0.0,0.0,,
1.0,ADIDAS,Licensed,Apparel,Jacket,MUFC_25_ANTHEM_JKT,MUFC Anthem Jacket,JN2901,RED,Red,S,,148231,1,0,0,0,1,70.84,70.84,140.0,140.0,140.0,140.0,0.0,,ADIDAS,0.0,0.0,,,,,,,Tops,False,1.0,True,0.0,,True,True,False,1.0,,,,,0.0,1.0,8/21/25 3:54:18 PM,
1.0,ADIDAS,Licensed,Apparel,Jacket,MUFC_25_ANTHEM_JKT,MUFC Anthem Jacket,JN2901,RED,Red,M,,148232,0,0,0,0,0,70.84,0.0,140.0,0.0,140.0,0.0,0.0,,ADIDAS,0.0,0.0,,,,,,,Tops,False,1.0,True,0.0,,True,True,False,1.0,,,,,2.0,2.0,8/21/25 3:54:18 PM,
1.0,ADIDAS,Licensed,Apparel,Jacket,MUFC_25_ANTHEM_JKT,MUFC Anthem Jacket,JN2901,RED,Red,L,,148233,0,0,0,0,0,70.84,0.0,140.0,0.0,140.0,0.0,0.0,,ADIDAS,0.0,0.0,,,,,,,Tops,False,1.0,True,0.0,,True,True,False,1.0,,,,,2.0,1.0,8/22/25 2:19:53 PM,
1.0,ADIDAS,Licensed,Apparel,Jacket,MUFC_25_ANTHEM_JKT,MUFC Anthem Jacket,JN2901,RED,Red,XL,,148234,0,0,0,0,0,70.84,0.0,140.0,0.0,140.0,0.0,0.0,,ADIDAS,0.0,0.0,,,,,,,Tops,False,1.0,True,0.0,,True,True,False,1.0,,,,,0.0,0.0,,
1.0,ADIDAS,Licensed,Apparel,Jacket,MUFC_25_ANTHEM_JKT,MUFC Anthem Jacket,JN2901,RED,Red,XXL,,148235,0,0,0,0,0,70.84,0.0,140.0,0.0,140.0,0.0,0.0,,ADIDAS,0.0,0.0,,,,,,,Tops,False,1.0,True,0.0,,True,True,False,1.0,,,,,0.0,0.0,,
1.0,ADIDAS,Licensed,Apparel,Jacket,MUFC_25_ANTHEM_JKT,MUFC Anthem Jacket,JN2901,RED,Red,XXXL,,148236,0,0,0,0,0,70.84,0.0,140.0,0.0,140.0,0.0,0.0,,ADIDAS,0.0,0.0,,,,,,,Tops,False,1.0,True,0.0,,True,True,False,1.0,,,,,0.0,0.0,,
1.0,ADIDAS,Licensed,Apparel,Pants,RM_25_TRN_PANTS,Real Madrid Traiining Pants,JP3983,GRY,Grey,XXXS,,148251,0,0,0,0,0,42.3,0.0,90.0,0.0,90.0,0.0,0.0,,ADIDAS,0.0,0.0,,,,,,,Pants,False,1.0,True,0.0,,True,True,False,1.0,,,,,0.0,0.0,,
1.0,ADIDAS,Licensed,Apparel,Pants,RM_25_TRN_PANTS,Real Madrid Traiining Pants,JP3983,GRY,Grey,XXS,,148252,0,0,0,0,0,42.3,0.0,90.0,0.0,90.0,0.0,0.0,,ADIDAS,0.0,0.0,,,,,,,Pants,False,1.0,True,0.0,,True,True,False,1.0,,,,,0.0,0.0,,
1.0,ADIDAS,Licensed,Apparel,Pants,RM_25_TRN_PANTS,Real Madrid Traiining Pants,JP3983,GRY,Grey,XS,,148253,0,0,0,0,0,42.3,0.0,90.0,0.0,90.0,0.0,0.0,,ADIDAS,0.0,0.0,,,,,,,Pants,False,1.0,True,0.0,,True,True,False,1.0,,,,,0.0,0.0,,
1.0,ADIDAS,Licensed,Apparel,Pants,RM_25_TRN_PANTS,Real Madrid Traiining Pants,JP3983,GRY,Grey,S,,148254,2,0,0,0,2,42.3,84.6,90.0,180.0,90.0,180.0,0.0,,ADIDAS,0.0,0.0,,,,,,,Pants,False,1.0,True,0.0,,True,True,False,1.0,,,,,0.0,1.0,8/21/25 4:00:00 PM,
1.0,ADIDAS,Licensed,Apparel,Pants,RM_25_TRN_PANTS,Real Madrid Traiining Pants,JP3983,GRY,Grey,M,,148255,1,0,0,0,1,42.3,42.3,90.0,90.0,90.0,90.0,0.0,,ADIDAS,0.0,0.0,,,,,,,Pants,False,1.0,True,0.0,,True,True,False,1.0,,,,,0.0,1.0,10/01/25 11:53:21 AM,
1.0,ADIDAS,Licensed,Apparel,Pants,RM_25_TRN_PANTS,Real Madrid Traiining Pants,JP3983,GRY,Grey,L,,148256,0,0,0,0,0,42.3,0.0,90.0,0.0,90.0,0.0,0.0,,ADIDAS,0.0,0.0,,,,,,,Pants,False,1.0,True,0.0,,True,True,False,1.0,,,,,0.0,0.0,,
1.0,ADIDAS,Licensed,Apparel,Pants,RM_25_TRN_PANTS,Real Madrid Traiining Pants,JP3983,GRY,Grey,XL,,148257,0,0,0,0,0,42.3,0.0,90.0,0.0,90.0,0.0,0.0,,ADIDAS,0.0,0.0,,,,,,,Pants,False,1.0,True,0.0,,True,True,False,1.0,,,,,0.0,0.0,,
1.0,ADIDAS,Licensed,Apparel,Pants,RM_25_TRN_PANTS,Real Madrid Traiining Pants,JP3983,GRY,Grey,XXL,,148258,0,0,0,0,0,42.3,0.0,90.0,0.0,90.0,0.0,0.0,,ADIDAS,0.0,0.0,,,,,,,Pants,False,1.0,True,0.0,,True,True,False,1.0,,,,,0.0,0.0,,
1.0,ADIDAS,Licensed,Apparel,Jerseys,MUFC_25_H_MINI_KIT,MUFC Mini Kit,JP3019,RED,Red,2XS,,148278,0,0,0,0,0,42.3,0.0,90.0,0.0,90.0,0.0,0.0,,ADIDAS,0.0,0.0,,,,,,,Infant_Adi,False,1.0,True,0.0,,True,True,False,1.0,,,,,0.0,0.0,,
1.0,ADIDAS,Licensed,Apparel,Jerseys,MUFC_25_H_MINI_KIT,MUFC Mini Kit,JP3019,RED,Red,XS,,148279,0,0,0,0,0,42.3,0.0,90.0,0.0,90.0,0.0,0.0,,ADIDAS,0.0,0.0,,,,,,,Infant_Adi,False,1.0,True,0.0,,True,True,False,1.0,,,,,0.0,0.0,,
1.0,ADIDAS,Licensed,Apparel,Jerseys,MUFC_25_H_MINI_KIT,MUFC Mini Kit,JP3019,RED,Red,2T,,148280,0,0,0,0,0,42.3,0.0,90.0,0.0,90.0,0.0,0.0,,ADIDAS,0.0,0.0,,,,,,,Infant_Adi,False,1.0,True,0.0,,True,True,False,1.0,,,,,0.0,0.0,,
1.0,ADIDAS,Licensed,Apparel,Jerseys,MUFC_25_H_MINI_KIT,MUFC Mini Kit,JP3019,RED,Red,3T,,148281,0,0,0,0,0,42.3,0.0,90.0,0.0,90.0,0.0,0.0,,ADIDAS,0.0,0.0,,,,,,,Infant_Adi,False,1.0,True,0.0,,True,True,False,1.0,,,,,0.0,0.0,,
1.0,ADIDAS,Licensed,Apparel,Jerseys,MUFC_25_H_MINI_KIT,MUFC Mini Kit,JP3019,RED,Red,4T,,148282,0,0,0,0,0,42.3,0.0,90.0,0.0,90.0,0.0,0.0,,ADIDAS,0.0,0.0,,,,,,,Infant_Adi,False,1.0,True,0.0,,True,True,False,1.0,,,,,0.0,0.0,,
1.0,ADIDAS,Licensed,Apparel,Jerseys,MUFC_25_H_MINI_KIT,MUFC Mini Kit,JP3019,RED,Red,5,,148283,0,0,0,0,0,42.3,0.0,90.0,0.0,90.0,0.0,0.0,,ADIDAS,0.0,0.0,,,,,,,Infant_Adi,False,1.0,True,0.0,,True,True,False,1.0,,,,,0.0,0.0,,
1.0,ADIDAS,Licensed,Apparel,Jerseys,MUFC_25_H_MINI_KIT,MUFC Mini Kit,JP3019,RED,Red,6,,148284,1,0,0,0,1,42.3,42.3,90.0,90.0,90.0,90.0,0.0,,ADIDAS,0.0,0.0,,,,,,,Infant_Adi,False,1.0,True,0.0,,True,True,False,1.0,,,,,0.0,1.0,8/22/25 2:05:50 PM,
1.0,ADIDAS,Licensed,Apparel,Jerseys,JUVE_25_H_JSY,Juventus Home Jersey,JJ4320,WHT,White,XS,,148306,0,0,0,0,0,60.72,0.0,120.0,0.0,120.0,0.0,0.0,,ADIDAS,0.0,0.0,,,,,,,Tops,False,1.0,True,0.0,,True,True,False,1.0,,,,,0.0,0.0,,
1.0,ADIDAS,Licensed,Apparel,Jerseys,JUVE_25_H_JSY,Juventus Home Jersey,JJ4320,WHT,White,S,,148307,1,0,0,0,1,60.72,60.72,120.0,120.0,120.0,120.0,0.0,,ADIDAS,0.0,0.0,,,,,,,Tops,False,1.0,True,0.0,,True,True,False,1.0,,,,,1.0,2.0,8/22/25 2:12:44 PM,
1.0,ADIDAS,Licensed,Apparel,Jerseys,AFC_25_A_JSY,Arsenal Away Jersey,JI9511,NVY,Navy,XS,,148202,0,0,0,0,0,60.72,0.0,120.0,0.0,120.0,0.0,0.0,,ADIDAS,0.0,0.0,,,,,,,Tops,False,1.0,True,0.0,,True,True,False,1.0,,,,,0.0,0.0,,
1.0,ADIDAS,Licensed,Apparel,Jerseys,AFC_25_A_JSY,Arsenal Away Jersey,JI9511,NVY,Navy,S,,148203,0,0,0,0,0,60.72,0.0,120.0,0.0,120.0,0.0,0.0,,ADIDAS,0.0,0.0,,,,,,,Tops,False,1.0,True,0.0,,True,True,False,1.0,,,,,1.0,1.0,8/21/25 3:41:08 PM,
1.0,ADIDAS,Licensed,Apparel,Jerseys,AFC_25_A_JSY,Arsenal Away Jersey,JI9511,NVY,Navy,M,,148204,0,0,0,0,0,60.72,0.0,120.0,0.0,120.0,0.0,0.0,,ADIDAS,0.0,0.0,,,,,,,Tops,False,1.0,True,0.0,,True,True,False,1.0,,,,,1.0,1.0,8/21/25 3:41:08 PM,
1.0,ADIDAS,Licensed,Apparel,Jerseys,AFC_25_A_JSY,Arsenal Away Jersey,JI9511,NVY,Navy,L,,148205,-1,0,0,0,-1,60.72,-60.72,120.0,-120.0,120.0,-120.0,0.0,,ADIDAS,0.0,0.0,,,,,,,Tops,False,1.0,True,0.0,,True,True,False,1.0,,,,,2.0,1.0,8/21/25 3:41:09 PM,
1.0,ADIDAS,Licensed,Apparel,Jerseys,AFC_25_A_JSY,Arsenal Away Jersey,JI9511,NVY,Navy,XL,,148206,-1,0,0,0,-1,60.72,-60.72,120.0,-120.0,120.0,-120.0,0.0,,ADIDAS,0.0,0.0,,,,,,,Tops,False,1.0,True,0.0,,True,True,False,1.0,,,,,1.0,0.0,,
1.0,ADIDAS,Licensed,Apparel,Jerseys,AFC_25_A_JSY,Arsenal Away Jersey,JI9511,NVY,Navy,XXL,,148207,0,0,0,0,0,60.72,0.0,120.0,0.0,120.0,0.0,0.0,,ADIDAS,0.0,0.0,,,,,,,Tops,False,1.0,True,0.0,,True,True,False,1.0,,,,,0.0,0.0,,
1.0,ADIDAS,Licensed,Apparel,Jerseys,AFC_25_A_JSY,Arsenal Away Jersey,JI9511,NVY,Navy,XXXL,,148208,0,0,0,0,0,60.72,0.0,120.0,0.0,120.0,0.0,0.0,,ADIDAS,0.0,0.0,,,,,,,Tops,False,1.0,True,0.0,,True,True,False,1.0,,,,,0.0,0.0,,
1.0,ADIDAS,Licensed,Apparel,Jerseys,RM_25_US_HOODY,Real Madrid US Hoody,JM2116,NVY,Navy,XS,,148223,0,0,0,0,0,42.3,0.0,90.0,0.0,90.0,0.0,0.0,,ADIDAS,0.0,0.0,,,,,,,Tops,False,1.0,True,0.0,,True,True,False,1.0,,,,,2.0,2.0,8/21/25 3:50:36 PM,
1.0,ADIDAS,Licensed,Apparel,Jerseys,RM_25_US_HOODY,Real Madrid US Hoody,JM2116,NVY,Navy,S,,148224,1,0,0,0,1,42.3,42.3,90.0,90.0,90.0,90.0,0.0,,ADIDAS,0.0,0.0,,,,,,,Tops,False,1.0,True,0.0,,True,True,False,1.0,,,,,1.0,2.0,8/21/25 3:50:36 PM,
1.0,ADIDAS,Licensed,Apparel,Jerseys,RM_25_US_HOODY,Real Madrid US Hoody,JM2116,NVY,Navy,M,,148225,3,0,0,0,3,42.3,126.9,90.0,270.0,90.0,270.0,0.0,,ADIDAS,0.0,0.0,,,,,,,Tops,False,1.0,True,0.0,,True,True,False,1.0,,,,,0.0,3.0,8/21/25 3:50:36 PM,
1.0,ADIDAS,Licensed,Apparel,Jerseys,RM_25_US_HOODY,Real Madrid US Hoody,JM2116,NVY,Navy,L,,148226,2,0,0,0,2,42.3,84.6,90.0,180.0,90.0,180.0,0.0,,ADIDAS,0.0,0.0,,,,,,,Tops,False,1.0,True,0.0,,True,True,False,1.0,,,,,0.0,2.0,8/21/25 3:50:36 PM,
1.0,ADIDAS,Licensed,Apparel,Jerseys,RM_25_US_HOODY,Real Madrid US Hoody,JM2116,NVY,Navy,XL,,148227,1,0,0,0,1,42.3,42.3,90.0,90.0,90.0,90.0,0.0,,ADIDAS,0.0,0.0,,,,,,,Tops,False,1.0,True,0.0,,True,True,False,1.0,,,,,0.0,1.0,8/21/25 3:50:36 PM,
1.0,ADIDAS,Licensed,Apparel,Jerseys,RM_25_US_HOODY,Real Madrid US Hoody,JM2116,NVY,Navy,XXL,,148228,0,0,0,0,0,42.3,0.0,90.0,0.0,90.0,0.0,0.0,,ADIDAS,0.0,0.0,,,,,,,Tops,False,1.0,True,0.0,,True,True,False,1.0,,,,,0.0,0.0,,
1.0,ADIDAS,Licensed,Apparel,Jerseys,RM_25_US_HOODY,Real Madrid US Hoody,JM2116,NVY,Navy,XXXL,,148229,0,0,0,0,0,42.3,0.0,90.0,0.0,90.0,0.0,0.0,,ADIDAS,0.0,0.0,,,,,,,Tops,False,1.0,True,0.0,,True,True,False,1.0,,,,,0.0,0.0,,
1.0,ADIDAS,Licensed,Apparel,Jacket,JUVE_25_ANTHEM_JKT,JUVE Anthem Jacket,JM9461,WHT,White,XS,,148237,1,0,0,0,1,70.84,70.84,140.0,140.0,140.0,140.0,0.0,,ADIDAS,0.0,0.0,,,,,,,Tops,False,1.0,True,0.0,,True,True,False,1.0,,,,,1.0,2.0,8/22/25 2:06:47 PM,
1.0,ADIDAS,Licensed,Apparel,Jacket,JUVE_25_ANTHEM_JKT,JUVE Anthem Jacket,JM9461,WHT,White,S,,148238,2,0,0,0,2,70.84,141.68,140.0,280.0,140.0,280.0,0.0,,ADIDAS,0.0,0.0,,,,,,,Tops,False,1.0,True,0.0,,True,True,False,1.0,,,,,0.0,2.0,8/21/25 3:55:45 PM,
1.0,ADIDAS,Licensed,Apparel,Jacket,JUVE_25_ANTHEM_JKT,JUVE Anthem Jacket,JM9461,WHT,White,M,,148239,1,0,0,0,1,70.84,70.84,140.0,140.0,140.0,140.0,0.0,,ADIDAS,0.0,0.0,,,,,,,Tops,False,1.0,True,0.0,,True,True,False,1.0,,,,,0.0,1.0,8/21/25 3:55:45 PM,
1.0,ADIDAS,Licensed,Apparel,Jacket,JUVE_25_ANTHEM_JKT,JUVE Anthem Jacket,JM9461,WHT,White,L,,148240,2,0,0,0,2,70.84,141.68,140.0,280.0,140.0,280.0,0.0,,ADIDAS,0.0,0.0,,,,,,,Tops,False,1.0,True,0.0,,True,True,False,1.0,,,,,0.0,2.0,8/21/25 3:55:46 PM,
1.0,ADIDAS,Licensed,Apparel,Jacket,JUVE_25_ANTHEM_JKT,JUVE Anthem Jacket,JM9461,WHT,White,XL,,148241,1,0,0,0,1,70.84,70.84,140.0,140.0,140.0,140.0,0.0,,ADIDAS,0.0,0.0,,,,,,,Tops,False,1.0,True,0.0,,True,True,False,1.0,,,,,0.0,1.0,8/21/25 3:55:46 PM,
1.0,ADIDAS,Licensed,Apparel,Jacket,JUVE_25_ANTHEM_JKT,JUVE Anthem Jacket,JM9461,WHT,White,XXL,,148242,0,0,0,0,0,70.84,0.0,140.0,0.0,140.0,0.0,0.0,,ADIDAS,0.0,0.0,,,,,,,Tops,False,1.0,True,0.0,,True,True,False,1.0,,,,,0.0,0.0,,
1.0,ADIDAS,Licensed,Apparel,Jacket,JUVE_25_ANTHEM_JKT,JUVE Anthem Jacket,JM9461,WHT,White,XXXL,,148243,0,0,0,0,0,70.84,0.0,140.0,0.0,140.0,0.0,0.0,,ADIDAS,0.0,0.0,,,,,,,Tops,False,1.0,True,0.0,,True,True,False,1.0,,,,,0.0,0.0,,
1.0,ADIDAS,Licensed,Apparel,Jacket,MUFC_25_ANTHEM_JKT_Y,MUFC Anthem Jacket Y,JN2899,RED,Red,XS,,148244,0,0,0,0,0,47.0,0.0,100.0,0.0,100.0,0.0,0.0,,ADIDAS,0.0,0.0,,,,,,,Tops,False,1.0,True,0.0,,True,True,False,1.0,,,,,0.0,0.0,,
1.0,ADIDAS,Licensed,Apparel,Jacket,MUFC_25_ANTHEM_JKT_Y,MUFC Anthem Jacket Y,JN2899,RED,Red,S,,148245,1,0,0,0,1,47.0,47.0,100.0,100.0,100.0,100.0,0.0,,ADIDAS,0.0,0.0,,,,,,,Tops,False,1.0,True,0.0,,True,True,False,1.0,,,,,0.0,1.0,8/21/25 3:57:50 PM,
1.0,ADIDAS,Licensed,Apparel,Jacket,MUFC_25_ANTHEM_JKT_Y,MUFC Anthem Jacket Y,JN2899,RED,Red,M,,148246,0,0,0,0,0,47.0,0.0,100.0,0.0,100.0,0.0,0.0,,ADIDAS,0.0,0.0,,,,,,,Tops,False,1.0,True,0.0,,True,True,False,1.0,,,,,1.0,1.0,8/21/25 3:57:50 PM,
1.0,ADIDAS,Licensed,Apparel,Jacket,MUFC_25_ANTHEM_JKT_Y,MUFC Anthem Jacket Y,JN2899,RED,Red,L,,148247,0,0,0,0,0,47.0,0.0,100.0,0.0,100.0,0.0,0.0,,ADIDAS,0.0,0.0,,,,,,,Tops,False,1.0,True,0.0,,True,True,False,1.0,,,,,2.0,2.0,8/21/25 3:57:50 PM,
1.0,ADIDAS,Licensed,Apparel,Jacket,MUFC_25_ANTHEM_JKT_Y,MUFC Anthem Jacket Y,JN2899,RED,Red,XL,,148248,0,0,0,0,0,47.0,0.0,100.0,0.0,100.0,0.0,0.0,,ADIDAS,0.0,0.0,,,,,,,Tops,False,1.0,True,0.0,,True,True,False,1.0,,,,,1.0,1.0,8/21/25 3:57:50 PM,
1.0,ADIDAS,Licensed,Apparel,Jacket,MUFC_25_ANTHEM_JKT_Y,MUFC Anthem Jacket Y,JN2899,RED,Red,XXL,,148249,0,0,0,0,0,47.0,0.0,100.0,0.0,100.0,0.0,0.0,,ADIDAS,0.0,0.0,,,,,,,Tops,False,1.0,True,0.0,,True,True,False,1.0,,,,,0.0,0.0,,
1.0,PUMA,Licensed,Apparel,Top,FPF_25_HOODIE,Porutgal hoodie,779701,NVY,Navy,XS,,145570,0,0,0,0,0,51.7,0.0,110.0,0.0,110.0,0.0,0.0,,PUMA,0.0,0.0,,,,,,,Tops,False,1.0,True,0.0,,True,True,False,1.0,,,,,0.0,0.0,,
1.0,PUMA,Licensed,Apparel,Top,FPF_25_HOODIE,Porutgal hoodie,779701,NVY,Navy,S,,145571,0,0,0,0,0,51.7,0.0,110.0,0.0,110.0,0.0,0.0,,PUMA,0.0,0.0,,,,,,,Tops,False,1.0,True,0.0,,True,True,False,1.0,,,,,2.0,2.0,1/11/25 10:51:30 AM,
1.0,PUMA,Licensed,Apparel,Top,FPF_25_HOODIE,Porutgal hoodie,779701,NVY,Navy,M,,145572,1,0,0,0,1,51.7,51.7,110.0,110.0,110.0,110.0,0.0,,PUMA,0.0,0.0,,,,,,,Tops,False,1.0,True,0.0,,True,True,False,1.0,,,,,1.0,2.0,1/11/25 10:51:30 AM,
1.0,PUMA,Licensed,Apparel,Top,FPF_25_HOODIE,Porutgal hoodie,779701,NVY,Navy,L,,145573,2,0,0,0,2,51.7,103.4,110.0,220.0,110.0,220.0,0.0,,PUMA,0.0,0.0,,,,,,,Tops,False,1.0,True,0.0,,True,True,False,1.0,,,,,0.0,2.0,1/11/25 10:51:30 AM,
1.0,PUMA,Licensed,Apparel,Top,FPF_25_HOODIE,Porutgal hoodie,779701,NVY,Navy,XL,,145574,0,0,0,0,0,51.7,0.0,110.0,0.0,110.0,0.0,0.0,,PUMA,0.0,0.0,,,,,,,Tops,False,1.0,True,0.0,,True,True,False,1.0,,,,,1.0,1.0,1/11/25 10:51:30 AM,
1.0,PUMA,Licensed,Apparel,Top,FPF_25_HOODIE,Porutgal hoodie,779701,NVY,Navy,XXL,,145575,0,0,0,0,0,51.7,0.0,110.0,0.0,110.0,0.0,0.0,,PUMA,0.0,0.0,,,,,,,Tops,False,1.0,True,0.0,,True,True,False,1.0,,,,,0.0,0.0,,
1.0,PUMA,Licensed,Apparel,Top,FPF_25_HOODIE,Porutgal hoodie,779701,NVY,Navy,XXXL,,145576,0,0,0,0,0,51.7,0.0,110.0,0.0,110.0,0.0,0.0,,PUMA,0.0,0.0,,,,,,,Tops,False,1.0,True,0.0,,True,True,False,1.0,,,,,0.0,0.0,,
1.0,PUMA,Licensed,Apparel,Top,FPF_25_HOODIE_BLK,Porutgal hoodie,779616,BLK,Black,XS,,145577,0,0,0,0,0,51.7,0.0,110.0,0.0,110.0,0.0,0.0,,PUMA,0.0,0.0,,,,,,,Tops,False,1.0,True,0.0,,True,True,False,1.0,,,,,0.0,0.0,,
1.0,PUMA,Licensed,Apparel,Top,FPF_25_HOODIE_BLK,Porutgal hoodie,779616,BLK,Black,S,,145578,1,0,0,0,1,51.7,51.7,110.0,110.0,110.0,110.0,0.0,,PUMA,0.0,0.0,,,,,,,Tops,False,1.0,True,0.0,,True,True,False,1.0,,,,,1.0,2.0,1/11/25 10:53:45 AM,
1.0,PUMA,Licensed,Apparel,Top,FPF_25_HOODIE_BLK,Porutgal hoodie,779616,BLK,Black,M,,145579,2,0,0,0,2,51.7,103.4,110.0,220.0,110.0,220.0,0.0,,PUMA,0.0,0.0,,,,,,,Tops,False,1.0,True,0.0,,True,True,False,1.0,,,,,0.0,2.0,1/11/25 10:53:45 AM,
1.0,PUMA,Licensed,Apparel,Top,FPF_25_HOODIE_BLK,Porutgal hoodie,779616,BLK,Black,L,,145580,2,0,0,0,2,51.7,103.4,110.0,220.0,110.0,220.0,0.0,,PUMA,0.0,0.0,,,,,,,Tops,False,1.0,True,0.0,,True,True,False,1.0,,,,,0.0,2.0,1/11/25 10:53:45 AM,
1.0,PUMA,Licensed,Apparel,Top,FPF_25_HOODIE_BLK,Porutgal hoodie,779616,BLK,Black,XL,,145581,1,0,0,0,1,51.7,51.7,110.0,110.0,110.0,110.0,0.0,,PUMA,0.0,0.0,,,,,,,Tops,False,1.0,True,0.0,,True,True,False,1.0,,,,,0.0,1.0,1/11/25 10:53:45 AM,
1.0,PUMA,Licensed,Apparel,Top,FPF_25_HOODIE_BLK,Porutgal hoodie,779616,BLK,Black,XXL,,145582,0,0,0,0,0,51.7,0.0,110.0,0.0,110.0,0.0,0.0,,PUMA,0.0,0.0,,,,,,,Tops,False,1.0,True,0.0,,True,True,False,1.0,,,,,0.0,0.0,,
1.0,PUMA,Licensed,Apparel,Top,FPF_25_HOODIE_BLK,Porutgal hoodie,779616,BLK,Black,XXXL,,145583,0,0,0,0,0,51.7,0.0,110.0,0.0,110.0,0.0,0.0,,PUMA,0.0,0.0,,,,,,,Tops,False,1.0,True,0.0,,True,True,False,1.0,,,,,0.0,0.0,,
1.0,PUMA,Licensed,Apparel,T-Shirt,FPF_25_TEE,Porutgal T-Shirt,779615,BLK,Black,XS,,145584,0,0,0,0,0,23.5,0.0,50.0,0.0,50.0,0.0,0.0,,PUMA,0.0,0.0,,,,,,,Tops,False,1.0,True,0.0,,True,True,False,1.0,,,,,0.0,0.0,,
1.0,PUMA,Licensed,Apparel,T-Shirt,FPF_25_TEE,Porutgal T-Shirt,779615,BLK,Black,S,,145585,1,0,0,0,1,23.5,23.5,50.0,50.0,50.0,50.0,0.0,,PUMA,0.0,0.0,,,,,,,Tops,False,1.0,True,0.0,,True,True,False,1.0,,,,,0.0,1.0,1/11/25 11:04:27 AM,
1.0,PUMA,Licensed,Apparel,T-Shirt,FPF_25_TEE,Porutgal T-Shirt,779615,BLK,Black,M,,145586,1,0,0,0,1,23.5,23.5,50.0,50.0,50.0,50.0,0.0,,PUMA,0.0,0.0,,,,,,,Tops,False,1.0,True,0.0,,True,True,False,1.0,,,,,0.0,1.0,1/11/25 11:04:27 AM,
1.0,PUMA,Licensed,Apparel,T-Shirt,FPF_25_TEE,Porutgal T-Shirt,779615,BLK,Black,L,,145587,1,0,0,0,1,23.5,23.5,50.0,50.0,50.0,50.0,0.0,,PUMA,0.0,0.0,,,,,,,Tops,False,1.0,True,0.0,,True,True,False,1.0,,,,,0.0,1.0,1/11/25 11:04:27 AM,
1.0,PUMA,Licensed,Apparel,T-Shirt,FPF_25_TEE,Porutgal T-Shirt,779615,BLK,Black,XL,,145588,1,0,0,0,1,23.5,23.5,50.0,50.0,50.0,50.0,0.0,,PUMA,0.0,0.0,,,,,,,Tops,False,1.0,True,0.0,,True,True,False,1.0,,,,,0.0,1.0,1/11/25 11:04:27 AM,
1.0,PUMA,Licensed,Apparel,T-Shirt,FPF_25_TEE,Porutgal T-Shirt,779615,BLK,Black,XXL,,145589,0,0,0,0,0,23.5,0.0,50.0,0.0,50.0,0.0,0.0,,PUMA,0.0,0.0,,,,,,,Tops,False,1.0,True,0.0,,True,True,False,1.0,,,,,0.0,0.0,,
1.0,PUMA,Licensed,Apparel,T-Shirt,FPF_25_TEE,Porutgal T-Shirt,779615,BLK,Black,XXXL,,145590,0,0,0,0,0,23.5,0.0,50.0,0.0,50.0,0.0,0.0,,PUMA,0.0,0.0,,,,,,,Tops,False,1.0,True,0.0,,True,True,False,1.0,,,,,0.0,0.0,,
1.0,PUMA,Licensed,Apparel,T-Shirt,FPF_25_TEE,Porutgal T-Shirt,779615,NVY,Navy,XS,,145591,0,0,0,0,0,23.5,0.0,50.0,0.0,50.0,0.0,0.0,,PUMA,0.0,0.0,,,,,,,Tops,False,1.0,True,0.0,,True,True,False,1.0,,,,,0.0,0.0,,
1.0,PUMA,Licensed,Apparel,T-Shirt,FPF_25_TEE,Porutgal T-Shirt,779615,NVY,Navy,S,,145592,0,0,0,0,0,23.5,0.0,50.0,0.0,50.0,0.0,0.0,,PUMA,0.0,0.0,,,,,,,Tops,False,1.0,True,0.0,,True,True,False,1.0,,,,,1.0,1.0,1/11/25 11:06:53 AM,
1.0,PUMA,Licensed,Apparel,T-Shirt,FPF_25_TEE,Porutgal T-Shirt,779615,NVY,Navy,M,,145593,2,0,0,0,2,23.5,47.0,50.0,100.0,50.0,100.0,0.0,,PUMA,0.0,0.0,,,,,,,Tops,False,1.0,True,0.0,,True,True,False,1.0,,,,,0.0,2.0,1/11/25 11:06:53 AM,
1.0,PUMA,Licensed,Apparel,T-Shirt,FPF_25_TEE,Porutgal T-Shirt,779615,NVY,Navy,L,,145594,1,0,0,0,1,23.5,23.5,50.0,50.0,50.0,50.0,0.0,,PUMA,0.0,0.0,,,,,,,Tops,False,1.0,True,0.0,,True,True,False,1.0,,,,,0.0,1.0,1/11/25 11:06:53 AM,
1.0,PUMA,Licensed,Apparel,T-Shirt,FPF_25_TEE,Porutgal T-Shirt,779615,NVY,Navy,XL,,145595,0,0,0,0,0,23.5,0.0,50.0,0.0,50.0,0.0,0.0,,PUMA,0.0,0.0,,,,,,,Tops,False,1.0,True,0.0,,True,True,False,1.0,,,,,0.0,0.0,,
1.0,PUMA,Licensed,Apparel,T-Shirt,FPF_25_TEE,Porutgal T-Shirt,779615,NVY,Navy,XXL,,145596,0,0,0,0,0,23.5,0.0,50.0,0.0,50.0,0.0,0.0,,PUMA,0.0,0.0,,,,,,,Tops,False,1.0,True,0.0,,True,True,False,1.0,,,,,0.0,0.0,,
1.0,PUMA,Licensed,Apparel,T-Shirt,FPF_25_TEE,Porutgal T-Shirt,779615,NVY,Navy,XXXL,,145597,0,0,0,0,0,23.5,0.0,50.0,0.0,50.0,0.0,0.0,,PUMA,0.0,0.0,,,,,,,Tops,False,1.0,True,0.0,,True,True,False,1.0,,,,,0.0,0.0,,
1.0,ADIDAS,Licensed,Apparel,Jacket,MUFC_25_ANTHEM_JKT_Y,MUFC Anthem Jacket Y,JN2899,RED,Red,XXXL,,148250,0,0,0,0,0,47.0,0.0,100.0,0.0,100.0,0.0,0.0,,ADIDAS,0.0,0.0,,,,,,,Tops,False,1.0,True,0.0,,True,True,False,1.0,,,,,0.0,0.0,,
1.0,ADIDAS,Licensed,Apparel,Jerseys,JUVE_25_H_JSY_Y,Juventus Home Jersey Y,JN5237,WHT,White,Y2XS,,148259,0,0,0,0,0,47.0,0.0,100.0,0.0,100.0,0.0,0.0,,ADIDAS,0.0,0.0,,,,,,,Tops_Youth,False,1.0,True,0.0,,True,True,False,1.0,,,,,0.0,0.0,,
1.0,ADIDAS,Licensed,Apparel,Jerseys,JUVE_25_H_JSY_Y,Juventus Home Jersey Y,JN5237,WHT,White,YXS,,148260,0,0,0,0,0,47.0,0.0,100.0,0.0,100.0,0.0,0.0,,ADIDAS,0.0,0.0,,,,,,,Tops_Youth,False,1.0,True,0.0,,True,True,False,1.0,,,,,0.0,0.0,,
1.0,ADIDAS,Licensed,Apparel,Jerseys,JUVE_25_H_JSY_Y,Juventus Home Jersey Y,JN5237,WHT,White,YS,,148261,0,0,0,0,0,47.0,0.0,100.0,0.0,100.0,0.0,0.0,,ADIDAS,0.0,0.0,,,,,,,Tops_Youth,False,1.0,True,0.0,,True,True,False,1.0,,,,,0.0,0.0,,
1.0,ADIDAS,Licensed,Apparel,Jerseys,JUVE_25_H_JSY_Y,Juventus Home Jersey Y,JN5237,WHT,White,YM,,148262,0,0,0,0,0,47.0,0.0,100.0,0.0,100.0,0.0,0.0,,ADIDAS,0.0,0.0,,,,,,,Tops_Youth,False,1.0,True,0.0,,True,True,False,1.0,,,,,2.0,2.0,8/22/25 1:35:14 PM,
1.0,ADIDAS,Licensed,Apparel,Jerseys,JUVE_25_H_JSY_Y,Juventus Home Jersey Y,JN5237,WHT,White,YL,,148263,1,0,0,0,1,47.0,47.0,100.0,100.0,100.0,100.0,0.0,,ADIDAS,0.0,0.0,,,,,,,Tops_Youth,False,1.0,True,0.0,,True,True,False,1.0,,,,,1.0,2.0,8/22/25 1:35:15 PM,
1.0,ADIDAS,Licensed,Apparel,Jerseys,JUVE_25_H_JSY_Y,Juventus Home Jersey Y,JN5237,WHT,White,YXL,,148264,2,0,0,0,2,47.0,94.0,100.0,200.0,100.0,200.0,0.0,,ADIDAS,0.0,0.0,,,,,,,Tops_Youth,False,1.0,True,0.0,,True,True,False,1.0,,,,,0.0,2.0,8/22/25 1:35:15 PM,
1.0,ADIDAS,Licensed,Apparel,Jerseys,MUFC_25_H_JSY_Y,MUFC Home Jersey Y,JP3013,RED,Red,Y2XS,,148265,-1,0,0,0,-1,47.0,-47.0,100.0,-100.0,100.0,-100.0,0.0,,ADIDAS,0.0,0.0,,,,,,,Tops_Youth,False,1.0,True,0.0,,True,True,False,1.0,,,,,1.0,0.0,,
1.0,ADIDAS,Licensed,Apparel,Jerseys,MUFC_25_H_JSY_Y,MUFC Home Jersey Y,JP3013,RED,Red,YXS,,148266,0,0,0,0,0,47.0,0.0,100.0,0.0,100.0,0.0,0.0,,ADIDAS,0.0,0.0,,,,,,,Tops_Youth,False,1.0,True,0.0,,True,True,False,1.0,,,,,0.0,0.0,,
1.0,ADIDAS,Licensed,Apparel,Jerseys,MUFC_25_H_JSY_Y,MUFC Home Jersey Y,JP3013,RED,Red,YS,,148267,0,0,0,0,0,47.0,0.0,100.0,0.0,100.0,0.0,0.0,,ADIDAS,0.0,0.0,,,,,,,Tops_Youth,False,1.0,True,0.0,,True,True,False,1.0,,,,,1.0,1.0,8/22/25 1:43:15 PM,
1.0,ADIDAS,Licensed,Apparel,Jerseys,MUFC_25_H_JSY_Y,MUFC Home Jersey Y,JP3013,RED,Red,YM,,148268,0,0,0,0,0,47.0,0.0,100.0,0.0,100.0,0.0,0.0,,ADIDAS,0.0,0.0,,,,,,,Tops_Youth,False,1.0,True,0.0,,True,True,False,1.0,,,,,2.0,2.0,8/22/25 1:43:15 PM,
1.0,ADIDAS,Licensed,Apparel,Jerseys,MUFC_25_H_JSY_Y,MUFC Home Jersey Y,JP3013,RED,Red,YL,,148269,2,0,0,0,2,47.0,94.0,100.0,200.0,100.0,200.0,0.0,,ADIDAS,0.0,0.0,,,,,,,Tops_Youth,False,1.0,True,0.0,,True,True,False,1.0,,,,,0.0,2.0,10/01/25 11:47:34 AM,
1.0,ADIDAS,Licensed,Apparel,Jerseys,MUFC_25_H_JSY_Y,MUFC Home Jersey Y,JP3013,RED,Red,YXL,,148270,0,0,0,0,0,47.0,0.0,100.0,0.0,100.0,0.0,0.0,,ADIDAS,0.0,0.0,,,,,,,Tops_Youth,False,1.0,True,0.0,,True,True,False,1.0,,,,,1.0,1.0,8/22/25 1:43:15 PM,
1.0,ADIDAS,Licensed,Apparel,Jacket,AFC_25_ANTHEM_JKT,Arsenal Anthem Jacket,JM9409,RED,Red,XS,,148271,0,0,0,0,0,70.84,0.0,140.0,0.0,140.0,0.0,0.0,,ADIDAS,0.0,0.0,,,,,,,Tops,False,1.0,True,0.0,,True,True,False,1.0,,,,,0.0,0.0,,
1.0,ADIDAS,Licensed,Apparel,Jacket,AFC_25_ANTHEM_JKT,Arsenal Anthem Jacket,JM9409,RED,Red,S,,148272,0,0,0,0,0,70.84,0.0,140.0,0.0,140.0,0.0,0.0,,ADIDAS,0.0,0.0,,,,,,,Tops,False,1.0,True,0.0,,True,True,False,1.0,,,,,1.0,1.0,8/22/25 1:54:49 PM,
1.0,ADIDAS,Licensed,Apparel,Jacket,AFC_25_ANTHEM_JKT,Arsenal Anthem Jacket,JM9409,RED,Red,M,,148273,1,0,0,0,1,70.84,70.84,140.0,140.0,140.0,140.0,0.0,,ADIDAS,0.0,0.0,,,,,,,Tops,False,1.0,True,0.0,,True,True,False,1.0,,,,,1.0,2.0,8/22/25 1:54:49 PM,
1.0,ADIDAS,Licensed,Apparel,Jacket,AFC_25_ANTHEM_JKT,Arsenal Anthem Jacket,JM9409,RED,Red,L,,148274,1,0,0,0,1,70.84,70.84,140.0,140.0,140.0,140.0,0.0,,ADIDAS,0.0,0.0,,,,,,,Tops,False,1.0,True,0.0,,True,True,False,1.0,,,,,1.0,2.0,8/22/25 1:54:49 PM,
1.0,ADIDAS,Licensed,Apparel,Jacket,AFC_25_ANTHEM_JKT,Arsenal Anthem Jacket,JM9409,RED,Red,XL,,148275,0,0,0,0,0,70.84,0.0,140.0,0.0,140.0,0.0,0.0,,ADIDAS,0.0,0.0,,,,,,,Tops,False,1.0,True,0.0,,True,True,False,1.0,,,,,0.0,0.0,,
1.0,ADIDAS,Licensed,Apparel,Jacket,AFC_25_ANTHEM_JKT,Arsenal Anthem Jacket,JM9409,RED,Red,XXL,,148276,0,0,0,0,0,70.84,0.0,140.0,0.0,140.0,0.0,0.0,,ADIDAS,0.0,0.0,,,,,,,Tops,False,1.0,True,0.0,,True,True,False,1.0,,,,,0.0,0.0,,
1.0,ADIDAS,Licensed,Apparel,Jacket,AFC_25_ANTHEM_JKT,Arsenal Anthem Jacket,JM9409,RED,Red,XXXL,,148277,0,0,0,0,0,70.84,0.0,140.0,0.0,140.0,0.0,0.0,,ADIDAS,0.0,0.0,,,,,,,Tops,False,1.0,True,0.0,,True,True,False,1.0,,,,,0.0,0.0,,
1.0,ADIDAS,Licensed,Apparel,Jerseys,MUFC_25_H_JSY_AU,MUFC Home Jersey Authentic,JI7429,RED,Red,XS,,148285,0,0,0,0,0,89.3,0.0,190.0,0.0,190.0,0.0,0.0,,ADIDAS,0.0,0.0,,,,,,,Tops,False,1.0,True,0.0,,True,True,False,1.0,,,,,0.0,0.0,,
1.0,ADIDAS,Licensed,Apparel,Jerseys,MUFC_25_H_JSY_AU,MUFC Home Jersey Authentic,JI7429,RED,Red,S,,148286,0,0,0,0,0,89.3,0.0,190.0,0.0,190.0,0.0,0.0,,ADIDAS,0.0,0.0,,,,,,,Tops,False,1.0,True,0.0,,True,True,False,1.0,,,,,0.0,0.0,,
1.0,ADIDAS,Licensed,Apparel,Jerseys,MUFC_25_H_JSY_AU,MUFC Home Jersey Authentic,JI7429,RED,Red,M,,148287,0,0,0,0,0,89.3,0.0,190.0,0.0,190.0,0.0,0.0,,ADIDAS,0.0,0.0,,,,,,,Tops,False,1.0,True,0.0,,True,True,False,1.0,,,,,1.0,1.0,8/22/25 2:08:43 PM,
1.0,ADIDAS,Licensed,Apparel,Jerseys,MUFC_25_H_JSY_AU,MUFC Home Jersey Authentic,JI7429,RED,Red,L,,148288,1,0,0,0,1,89.3,89.3,190.0,190.0,190.0,190.0,0.0,,ADIDAS,0.0,0.0,,,,,,,Tops,False,1.0,True,0.0,,True,True,False,1.0,,,,,0.0,1.0,8/22/25 2:08:43 PM,
1.0,ADIDAS,Licensed,Apparel,Jerseys,MUFC_25_H_JSY_AU,MUFC Home Jersey Authentic,JI7429,RED,Red,XL,,148289,0,0,0,0,0,89.3,0.0,190.0,0.0,190.0,0.0,0.0,,ADIDAS,0.0,0.0,,,,,,,Tops,False,1.0,True,0.0,,True,True,False,1.0,,,,,0.0,0.0,,
1.0,ADIDAS,Licensed,Apparel,Jerseys,MUFC_25_H_JSY_AU,MUFC Home Jersey Authentic,JI7429,RED,Red,XXL,,148290,0,0,0,0,0,89.3,0.0,190.0,0.0,190.0,0.0,0.0,,ADIDAS,0.0,0.0,,,,,,,Tops,False,1.0,True,0.0,,True,True,False,1.0,,,,,0.0,0.0,,
1.0,ADIDAS,Licensed,Apparel,Jerseys,MUFC_25_H_JSY_AU,MUFC Home Jersey Authentic,JI7429,RED,Red,XXXL,,148291,0,0,0,0,0,89.3,0.0,190.0,0.0,190.0,0.0,0.0,,ADIDAS,0.0,0.0,,,,,,,Tops,False,1.0,True,0.0,,True,True,False,1.0,,,,,0.0,0.0,,
1.0,ADIDAS,Licensed,Apparel,Jerseys,MUFC_25_H_JSY,MUFC Home Jersey,JI7428,RED,Red,XS,,148292,0,0,0,0,0,60.72,0.0,120.0,0.0,120.0,0.0,0.0,,ADIDAS,0.0,0.0,,,,,,,Tops,False,1.0,True,0.0,,True,True,False,1.0,,,,,0.0,0.0,,
1.0,ADIDAS,Licensed,Apparel,Jerseys,MUFC_25_H_JSY,MUFC Home Jersey,JI7428,RED,Red,S,,148293,1,0,0,0,1,60.72,60.72,120.0,120.0,120.0,120.0,0.0,,ADIDAS,0.0,0.0,,,,,,,Tops,False,1.0,True,0.0,,True,True,False,1.0,,,,,0.0,1.0,8/22/25 2:10:10 PM,
1.0,ADIDAS,Licensed,Apparel,Jerseys,MUFC_25_H_JSY,MUFC Home Jersey,JI7428,RED,Red,M,,148294,1,0,0,0,1,60.72,60.72,120.0,120.0,120.0,120.0,0.0,,ADIDAS,0.0,0.0,,,,,,,Tops,False,1.0,True,0.0,,True,True,False,1.0,,,,,1.0,2.0,8/22/25 2:10:10 PM,
1.0,ADIDAS,Licensed,Apparel,Jerseys,MUFC_25_H_JSY,MUFC Home Jersey,JI7428,RED,Red,L,,148295,2,0,0,0,2,60.72,121.44,120.0,240.0,120.0,240.0,0.0,,ADIDAS,0.0,0.0,,,,,,,Tops,False,1.0,True,0.0,,True,True,False,1.0,,,,,0.0,2.0,8/22/25 2:10:10 PM,
1.0,ADIDAS,Licensed,Apparel,Jerseys,MUFC_25_H_JSY,MUFC Home Jersey,JI7428,RED,Red,XL,,148296,1,0,0,0,1,60.72,60.72,120.0,120.0,120.0,120.0,0.0,,ADIDAS,0.0,0.0,,,,,,,Tops,False,1.0,True,0.0,,True,True,False,1.0,,,,,0.0,1.0,8/22/25 2:10:10 PM,
1.0,ADIDAS,Licensed,Apparel,Jerseys,MUFC_25_H_JSY,MUFC Home Jersey,JI7428,RED,Red,XXL,,148297,0,0,0,0,0,60.72,0.0,120.0,0.0,120.0,0.0,0.0,,ADIDAS,0.0,0.0,,,,,,,Tops,False,1.0,True,0.0,,True,True,False,1.0,,,,,0.0,0.0,,
1.0,ADIDAS,Licensed,ACCESSORIES,Balls,WC_26_PRO_BEACH_BALL,WC Pro Beach Ball,JD8036,MC,Multicolour,1,,148473,0,0,0,0,0,39.95,0.0,85.0,0.0,85.0,0.0,0.0,,ADIDAS,0.0,0.0,,,,,,,Balls,False,1.0,True,0.0,,True,True,False,1.0,,,,,0.0,0.0,,
1.0,ADIDAS,Licensed,ACCESSORIES,Balls,WC_26_PRO_BEACH_BALL,WC Pro Beach Ball,JD8036,MC,Multicolour,2,,148474,0,0,0,0,0,39.95,0.0,85.0,0.0,85.0,0.0,0.0,,ADIDAS,0.0,0.0,,,,,,,Balls,False,1.0,True,0.0,,True,True,False,1.0,,,,,0.0,0.0,,
1.0,ADIDAS,Licensed,ACCESSORIES,Balls,WC_26_PRO_BEACH_BALL,WC Pro Beach Ball,JD8036,MC,Multicolour,3,,148475,0,0,0,0,0,39.95,0.0,85.0,0.0,85.0,0.0,0.0,,ADIDAS,0.0,0.0,,,,,,,Balls,False,1.0,True,0.0,,True,True,False,1.0,,,,,0.0,0.0,,
1.0,ADIDAS,Licensed,ACCESSORIES,Balls,WC_26_PRO_BEACH_BALL,WC Pro Beach Ball,JD8036,MC,Multicolour,4,,148476,0,0,0,0,0,39.95,0.0,85.0,0.0,85.0,0.0,0.0,,ADIDAS,0.0,0.0,,,,,,,Balls,False,1.0,True,0.0,,True,True,False,1.0,,,,,0.0,0.0,,
1.0,ADIDAS,Licensed,ACCESSORIES,Balls,WC_26_PRO_BEACH_BALL,WC Pro Beach Ball,JD8036,MC,Multicolour,5,,148477,1,0,0,0,1,39.95,39.95,85.0,85.0,85.0,85.0,0.0,,ADIDAS,0.0,0.0,,,,,,,Balls,False,1.0,True,0.0,,True,True,False,1.0,,,,,1.0,2.0,10/01/25 12:00:27 PM,
1.0,NIKE,Licensed,Apparel,Jerseys,FCB_25_H_JSY,FC Barcelona Home Jersey,HJ4590,RED,Red,XS,,148638,0,0,0,0,0,52.32,0.0,115.0,0.0,115.0,0.0,0.0,,NIKE,0.0,0.0,,,,,,,Tops,False,1.0,True,0.0,,True,True,False,1.0,,,,,0.0,0.0,,
1.0,NIKE,Licensed,Apparel,Jerseys,FCB_25_H_JSY,FC Barcelona Home Jersey,HJ4590,RED,Red,S,,148639,4,0,0,0,4,52.32,209.28,115.0,460.0,115.0,460.0,0.0,,NIKE,0.0,0.0,,,,,,,Tops,False,1.0,True,0.0,,True,True,False,1.0,,,,,1.0,2.0,11/04/25 12:10:27 PM,
1.0,NIKE,Licensed,Apparel,Jerseys,FCB_25_H_JSY,FC Barcelona Home Jersey,HJ4590,RED,Red,M,,148640,4,0,0,0,4,52.32,209.28,115.0,460.0,115.0,460.0,0.0,,NIKE,0.0,0.0,,,,,,,Tops,False,1.0,True,0.0,,True,True,False,1.0,,,,,1.0,2.0,11/04/25 12:10:27 PM,
1.0,NIKE,Licensed,Apparel,Jerseys,FCB_25_H_JSY,FC Barcelona Home Jersey,HJ4590,RED,Red,L,,148641,1,0,0,0,1,52.32,52.32,115.0,115.0,115.0,115.0,0.0,,NIKE,0.0,0.0,,,,,,,Tops,False,1.0,True,0.0,,True,True,False,1.0,,,,,0.0,1.0,11/04/25 12:10:27 PM,
1.0,NIKE,Licensed,Apparel,Jerseys,FCB_25_H_JSY,FC Barcelona Home Jersey,HJ4590,RED,Red,XL,,148642,0,0,0,0,0,52.32,0.0,115.0,0.0,115.0,0.0,0.0,,NIKE,0.0,0.0,,,,,,,Tops,False,1.0,True,0.0,,True,True,False,1.0,,,,,1.0,1.0,10/07/25 1:51:19 PM,
1.0,NIKE,Licensed,Apparel,Jerseys,FCB_25_H_JSY,FC Barcelona Home Jersey,HJ4590,RED,Red,XXL,,148643,0,0,0,0,0,52.32,0.0,115.0,0.0,115.0,0.0,0.0,,NIKE,0.0,0.0,,,,,,,Tops,False,1.0,True,0.0,,True,True,False,1.0,,,,,0.0,0.0,,
1.0,NIKE,Licensed,Apparel,Jerseys,FCB_25_H_JSY,FC Barcelona Home Jersey,HJ4590,RED,Red,XXXL,,148644,0,0,0,0,0,52.32,0.0,115.0,0.0,115.0,0.0,0.0,,NIKE,0.0,0.0,,,,,,,Tops,False,1.0,True,0.0,,True,True,False,1.0,,,,,0.0,0.0,,
1.0,NIKE,Licensed,Apparel,Jerseys,FCB_25_H_JSY_Y,FC Barcelona Home Jersey Youth,HJ5287,RED,Red,Y2XS,,148652,0,0,0,0,0,43.22,0.0,95.0,0.0,95.0,0.0,0.0,,NIKE,0.0,0.0,,,,,,,Tops_Youth,False,1.0,True,0.0,,True,True,False,1.0,,,,,0.0,0.0,,
1.0,NIKE,Licensed,Apparel,T-Shirt,CAN_26_GK_T-SHIRT,Canada Goalkeeper T-Shirt,IO4571,BLK,Black,XS,,148631,0,0,0,0,0,30.55,0.0,65.0,0.0,65.0,0.0,0.0,,,0.0,0.0,,,,,,,Tops,False,1.0,True,0.0,,True,True,False,1.0,,,,,0.0,0.0,,
1.0,NIKE,Licensed,Apparel,T-Shirt,CAN_26_GK_T-SHIRT,Canada Goalkeeper T-Shirt,IO4571,BLK,Black,S,,148632,0,0,0,0,0,30.55,0.0,65.0,0.0,65.0,0.0,0.0,,,0.0,0.0,,,,,,,Tops,False,1.0,True,0.0,,True,True,False,1.0,,,,,1.0,1.0,10/07/25 1:47:05 PM,
1.0,NIKE,Licensed,Apparel,T-Shirt,CAN_26_GK_T-SHIRT,Canada Goalkeeper T-Shirt,IO4571,BLK,Black,M,,148633,1,0,0,0,1,30.55,30.55,65.0,65.0,65.0,65.0,0.0,,,0.0,0.0,,,,,,,Tops,False,1.0,True,0.0,,True,True,False,1.0,,,,,0.0,1.0,10/07/25 1:47:06 PM,
1.0,NIKE,Licensed,Apparel,T-Shirt,CAN_26_GK_T-SHIRT,Canada Goalkeeper T-Shirt,IO4571,BLK,Black,L,,148634,0,0,0,0,0,30.55,0.0,65.0,0.0,65.0,0.0,0.0,,,0.0,0.0,,,,,,,Tops,False,1.0,True,0.0,,True,True,False,1.0,,,,,1.0,1.0,10/07/25 1:47:06 PM,
1.0,NIKE,Licensed,Apparel,T-Shirt,CAN_26_GK_T-SHIRT,Canada Goalkeeper T-Shirt,IO4571,BLK,Black,XL,,148635,0,0,0,0,0,30.55,0.0,65.0,0.0,65.0,0.0,0.0,,,0.0,0.0,,,,,,,Tops,False,1.0,True,0.0,,True,True,False,1.0,,,,,0.0,0.0,,
1.0,NIKE,Licensed,Apparel,T-Shirt,CAN_26_GK_T-SHIRT,Canada Goalkeeper T-Shirt,IO4571,BLK,Black,XXL,,148636,0,0,0,0,0,30.55,0.0,65.0,0.0,65.0,0.0,0.0,,,0.0,0.0,,,,,,,Tops,False,1.0,True,0.0,,True,True,False,1.0,,,,,0.0,0.0,,
1.0,NIKE,Licensed,Apparel,T-Shirt,CAN_26_GK_T-SHIRT,Canada Goalkeeper T-Shirt,IO4571,BLK,Black,XXXL,,148637,0,0,0,0,0,30.55,0.0,65.0,0.0,65.0,0.0,0.0,,,0.0,0.0,,,,,,,Tops,False,1.0,True,0.0,,True,True,False,1.0,,,,,0.0,0.0,,
1.0,NIKE,Licensed,Apparel,Jerseys,FCB_25_H_JSY_LS,FC Barcelona Home Jersey LS,HJ4611,RED,Red,XS,,148645,0,0,0,0,0,61.6,0.0,130.0,0.0,130.0,0.0,0.0,,NIKE,0.0,0.0,,,,,,,Tops,False,1.0,True,0.0,,True,True,False,1.0,,,,,0.0,0.0,,
1.0,NIKE,Licensed,Apparel,Jerseys,FCB_25_H_JSY_LS,FC Barcelona Home Jersey LS,HJ4611,RED,Red,S,,148646,1,0,0,0,1,61.6,61.6,130.0,130.0,130.0,130.0,0.0,,NIKE,0.0,0.0,,,,,,,Tops,False,1.0,True,0.0,,True,True,False,1.0,,,,,0.0,1.0,10/07/25 1:52:54 PM,
1.0,NIKE,Licensed,Apparel,Jerseys,FCB_25_H_JSY_LS,FC Barcelona Home Jersey LS,HJ4611,RED,Red,M,,148647,1,0,0,0,1,61.6,61.6,130.0,130.0,130.0,130.0,0.0,,NIKE,0.0,0.0,,,,,,,Tops,False,1.0,True,0.0,,True,True,False,1.0,,,,,0.0,1.0,10/07/25 1:52:54 PM,
1.0,NIKE,Licensed,Apparel,Jerseys,FCB_25_H_JSY_LS,FC Barcelona Home Jersey LS,HJ4611,RED,Red,L,,148648,0,0,0,0,0,61.6,0.0,130.0,0.0,130.0,0.0,0.0,,NIKE,0.0,0.0,,,,,,,Tops,False,1.0,True,0.0,,True,True,False,1.0,,,,,0.0,0.0,,
1.0,NIKE,Licensed,Apparel,Jerseys,FCB_25_H_JSY_LS,FC Barcelona Home Jersey LS,HJ4611,RED,Red,XL,,148649,0,0,0,0,0,61.6,0.0,130.0,0.0,130.0,0.0,0.0,,NIKE,0.0,0.0,,,,,,,Tops,False,1.0,True,0.0,,True,True,False,1.0,,,,,0.0,0.0,,
1.0,NIKE,Licensed,Apparel,Jerseys,FCB_25_H_JSY_LS,FC Barcelona Home Jersey LS,HJ4611,RED,Red,XXL,,148650,0,0,0,0,0,61.6,0.0,130.0,0.0,130.0,0.0,0.0,,NIKE,0.0,0.0,,,,,,,Tops,False,1.0,True,0.0,,True,True,False,1.0,,,,,0.0,0.0,,
1.0,NIKE,Licensed,Apparel,Jerseys,FCB_25_H_JSY_LS,FC Barcelona Home Jersey LS,HJ4611,RED,Red,XXXL,,148651,0,0,0,0,0,61.6,0.0,130.0,0.0,130.0,0.0,0.0,,NIKE,0.0,0.0,,,,,,,Tops,False,1.0,True,0.0,,True,True,False,1.0,,,,,0.0,0.0,,
1.0,NIKE,Licensed,Apparel,Jerseys,FCB_25_H_JSY_Y,FC Barcelona Home Jersey Youth,HJ5287,RED,Red,YXS,,148653,0,0,0,0,0,43.22,0.0,95.0,0.0,95.0,0.0,0.0,,NIKE,0.0,0.0,,,,,,,Tops_Youth,False,1.0,True,0.0,,True,True,False,1.0,,,,,1.0,1.0,10/07/25 1:55:38 PM,
1.0,NIKE,Licensed,Apparel,Jerseys,FCB_25_H_JSY_Y,FC Barcelona Home Jersey Youth,HJ5287,RED,Red,YS,,148654,1,0,0,0,1,43.22,43.22,95.0,95.0,95.0,95.0,0.0,,NIKE,0.0,0.0,,,,,,,Tops_Youth,False,1.0,True,0.0,,True,True,False,1.0,,,,,0.0,1.0,10/07/25 1:55:38 PM,
1.0,NIKE,Licensed,Apparel,Jerseys,FCB_25_H_JSY_Y,FC Barcelona Home Jersey Youth,HJ5287,RED,Red,YM,,148655,0,0,0,0,0,43.22,0.0,95.0,0.0,95.0,0.0,0.0,,NIKE,0.0,0.0,,,,,,,Tops_Youth,False,1.0,True,0.0,,True,True,False,1.0,,,,,1.0,1.0,10/07/25 1:55:38 PM,
1.0,NIKE,Licensed,Apparel,Jerseys,FCB_25_H_JSY_Y,FC Barcelona Home Jersey Youth,HJ5287,RED,Red,YL,,148656,0,0,0,0,0,43.22,0.0,95.0,0.0,95.0,0.0,0.0,,NIKE,0.0,0.0,,,,,,,Tops_Youth,False,1.0,True,0.0,,True,True,False,1.0,,,,,1.0,1.0,10/07/25 1:55:38 PM,
1.0,NIKE,Licensed,Apparel,Jerseys,FCB_25_H_JSY_Y,FC Barcelona Home Jersey Youth,HJ5287,RED,Red,YXL,,148657,1,0,0,0,1,43.22,43.22,95.0,95.0,95.0,95.0,0.0,,NIKE,0.0,0.0,,,,,,,Tops_Youth,False,1.0,True,0.0,,True,True,False,1.0,,,,,0.0,1.0,10/07/25 1:55:38 PM,
1.0,NIKE,Licensed,Apparel,Jerseys,FCB_25_A_JSY_Y,FC Barcelona Away Jersey Youth,HJ5286,GLD,Gold,Y2XS,,148658,0,0,0,0,0,43.22,0.0,95.0,0.0,95.0,0.0,0.0,,NIKE,0.0,0.0,,,,,,,Tops_Youth,False,1.0,True,0.0,,True,True,False,1.0,,,,,0.0,0.0,,
1.0,NIKE,Licensed,Apparel,Jerseys,FCB_25_A_JSY_Y,FC Barcelona Away Jersey Youth,HJ5286,GLD,Gold,YXS,,148659,1,0,0,0,1,43.22,43.22,95.0,95.0,95.0,95.0,0.0,,NIKE,0.0,0.0,,,,,,,Tops_Youth,False,1.0,True,0.0,,True,True,False,1.0,,,,,0.0,1.0,10/07/25 1:57:32 PM,
1.0,NIKE,Licensed,Apparel,Jerseys,FCB_25_A_JSY_Y,FC Barcelona Away Jersey Youth,HJ5286,GLD,Gold,YS,,148660,3,0,0,0,3,43.22,129.66,95.0,285.0,95.0,285.0,0.0,,NIKE,0.0,0.0,,,,,,,Tops_Youth,False,1.0,True,0.0,,True,True,False,1.0,,,,,1.0,2.0,10/23/25 1:24:54 PM,
1.0,NIKE,Licensed,Apparel,Jerseys,FCB_25_A_JSY_Y,FC Barcelona Away Jersey Youth,HJ5286,GLD,Gold,YM,,148661,3,0,0,0,3,43.22,129.66,95.0,285.0,95.0,285.0,0.0,,NIKE,0.0,0.0,,,,,,,Tops_Youth,False,1.0,True,0.0,,True,True,False,1.0,,,,,3.0,4.0,10/23/25 1:24:54 PM,
1.0,NIKE,Licensed,Apparel,Jerseys,FCB_25_A_JSY_Y,FC Barcelona Away Jersey Youth,HJ5286,GLD,Gold,YL,,148662,3,0,0,0,3,43.22,129.66,95.0,285.0,95.0,285.0,0.0,,NIKE,0.0,0.0,,,,,,,Tops_Youth,False,1.0,True,0.0,,True,True,False,1.0,,,,,3.0,4.0,10/23/25 1:24:54 PM,
1.0,NIKE,Licensed,Apparel,Jerseys,FCB_25_A_JSY_Y,FC Barcelona Away Jersey Youth,HJ5286,GLD,Gold,YXL,,148663,0,0,0,0,0,43.22,0.0,95.0,0.0,95.0,0.0,0.0,,NIKE,0.0,0.0,,,,,,,Tops_Youth,False,1.0,True,0.0,,True,True,False,1.0,,,,,2.0,2.0,10/23/25 1:24:54 PM,
1.0,NIKE,Licensed,Apparel,Socks,STRIKE_SX_CREW_25,Nike Strike Socks Crew,FZ8485,WHT,White,XS,,146249,0,0,0,0,0,9.1,0.0,20.0,0.0,20.0,0.0,0.0,,NIKE,0.0,0.0,,,,,,,Socks,False,1.0,True,0.0,,True,True,False,1.0,,,,,0.0,0.0,,
1.0,NIKE,Licensed,Apparel,Socks,STRIKE_SX_CREW_25,Nike Strike Socks Crew,FZ8485,WHT,White,S,,146250,0,0,0,0,0,9.1,0.0,20.0,0.0,20.0,0.0,0.0,,NIKE,0.0,0.0,,,,,,,Socks,False,1.0,True,0.0,,True,True,False,1.0,,,,,0.0,0.0,,
1.0,NIKE,Licensed,Apparel,Socks,STRIKE_SX_CREW_25,Nike Strike Socks Crew,FZ8485,WHT,White,M ,,146251,5,0,0,0,5,9.1,45.5,20.0,100.0,20.0,100.0,0.0,,NIKE,0.0,0.0,,,,,,,Socks,False,1.0,True,0.0,,True,True,False,1.0,,,,,1.0,6.0,1/31/25 4:34:53 PM,
1.0,NIKE,Licensed,Apparel,Socks,STRIKE_SX_CREW_25,Nike Strike Socks Crew,FZ8485,WHT,White,L,,146252,3,0,0,0,3,9.1,27.3,20.0,60.0,20.0,60.0,0.0,,NIKE,0.0,0.0,,,,,,,Socks,False,1.0,True,0.0,,True,True,False,1.0,,,,,1.0,4.0,1/31/25 3:58:32 PM,
1.0,NIKE,Licensed,Apparel,Socks,STRIKE_SX_CREW_25,Nike Strike Socks Crew,FZ8485,WHT,White,XL,,146253,0,0,0,0,0,9.1,0.0,20.0,0.0,20.0,0.0,0.0,,NIKE,0.0,0.0,,,,,,,Socks,False,1.0,True,0.0,,True,True,False,1.0,,,,,0.0,0.0,,
1.0,NIKE,Licensed,Apparel,Socks,STRIKE_SX_CREW_25,Nike Strike Socks Crew,FZ8485,BLK,Black,XS,,146254,0,0,0,0,0,9.1,0.0,20.0,0.0,20.0,0.0,0.0,,NIKE,0.0,0.0,,,,,,,Socks,False,1.0,True,0.0,,True,True,False,1.0,,,,,0.0,0.0,,
1.0,NIKE,Licensed,Apparel,Socks,STRIKE_SX_CREW_25,Nike Strike Socks Crew,FZ8485,BLK,Black,S,,146255,0,0,0,0,0,9.1,0.0,20.0,0.0,20.0,0.0,0.0,,NIKE,0.0,0.0,,,,,,,Socks,False,1.0,True,0.0,,True,True,False,1.0,,,,,0.0,0.0,,
1.0,NIKE,Licensed,Apparel,Socks,STRIKE_SX_CREW_25,Nike Strike Socks Crew,FZ8485,BLK,Black,M ,,146256,0,0,0,0,0,9.1,0.0,20.0,0.0,20.0,0.0,0.0,,NIKE,0.0,0.0,,,,,,,Socks,False,1.0,True,0.0,,True,True,False,1.0,,,,,0.0,0.0,,
1.0,NIKE,Licensed,Apparel,Socks,STRIKE_SX_CREW_25,Nike Strike Socks Crew,FZ8485,BLK,Black,L,,146257,5,0,0,0,5,9.1,45.5,20.0,100.0,20.0,100.0,0.0,,NIKE,0.0,0.0,,,,,,,Socks,False,1.0,True,0.0,,True,True,False,1.0,,,,,1.0,6.0,1/31/25 3:58:56 PM,
1.0,NIKE,Licensed,Apparel,Socks,STRIKE_SX_CREW_25,Nike Strike Socks Crew,FZ8485,BLK,Black,XL,,146258,0,0,0,0,0,9.1,0.0,20.0,0.0,20.0,0.0,0.0,,NIKE,0.0,0.0,,,,,,,Socks,False,1.0,True,0.0,,True,True,False,1.0,,,,,0.0,0.0,,
1.0,NIKE,Licensed,Apparel,Socks,STRIKE_SLEEVE_25,Nike Strike Sleeve Socks,FQ8282,BLK,Black,L,,146277,101,0,0,0,101,7.52,759.52,16.0,1616.0,16.0,1616.0,0.0,,NIKE,0.0,0.0,,,,,,,Socks,False,1.0,True,0.0,,True,True,False,1.0,,,,,13.0,24.0,10/28/25 12:55:56 PM,
1.0,NIKE,Licensed,Apparel,Socks,STRIKE_SLEEVE_25,Nike Strike Sleeve Socks,FQ8282,BLK,Black,XL,,146278,0,0,0,0,0,7.52,0.0,16.0,0.0,16.0,0.0,0.0,,NIKE,0.0,0.0,,,,,,,Socks,False,1.0,True,0.0,,True,True,False,1.0,,,,,0.0,0.0,,
1.0,NIKE,Licensed,Apparel,Socks,STRIKE_SLEEVE_25,Nike Strike Sleeve Socks,FQ8282,NVY,Navy,XS,,146279,0,0,0,0,0,7.52,0.0,16.0,0.0,16.0,0.0,0.0,,NIKE,0.0,0.0,,,,,,,Socks,False,1.0,True,0.0,,True,True,False,1.0,,,,,0.0,0.0,,
1.0,NIKE,Licensed,Apparel,Socks,STRIKE_SLEEVE_25,Nike Strike Sleeve Socks,FQ8282,NVY,Navy,S,,146280,0,0,0,0,0,7.52,0.0,16.0,0.0,16.0,0.0,0.0,,NIKE,0.0,0.0,,,,,,,Socks,False,1.0,True,0.0,,True,True,False,1.0,,,,,0.0,0.0,,
1.0,NIKE,Licensed,Apparel,Socks,STRIKE_SLEEVE_25,Nike Strike Sleeve Socks,FQ8282,NVY,Navy,M ,,146281,4,0,0,0,4,7.52,30.08,16.0,64.0,16.0,64.0,0.0,,NIKE,0.0,0.0,,,,,,,Socks,False,1.0,True,0.0,,True,True,False,1.0,,,,,2.0,6.0,1/31/25 4:07:23 PM,
1.0,NIKE,Licensed,Apparel,Socks,STRIKE_SLEEVE_25,Nike Strike Sleeve Socks,FQ8282,NVY,Navy,L,,146282,7,0,0,0,7,7.52,52.64,16.0,112.0,16.0,112.0,0.0,,NIKE,0.0,0.0,,,,,,,Socks,False,1.0,True,0.0,,True,True,False,1.0,,,,,2.0,6.0,10/28/25 12:55:56 PM,
1.0,NIKE,Licensed,Apparel,Socks,STRIKE_SLEEVE_25,Nike Strike Sleeve Socks,FQ8282,NVY,Navy,XL,,146283,0,0,0,0,0,7.52,0.0,16.0,0.0,16.0,0.0,0.0,,NIKE,0.0,0.0,,,,,,,Socks,False,1.0,True,0.0,,True,True,False,1.0,,,,,0.0,0.0,,
1.0,ADIDAS,Licensed,Apparel,Jerseys,FIGC_26_H_JSY_AU,Italy Home Jersey Authentic,JL6934,BLU,Blue,XXS,,149904,0,0,0,0,0,89.3,0.0,190.0,0.0,190.0,0.0,0.0,,ADIDAS,0.0,0.0,,,,,,,Tops,False,1.0,True,0.0,,True,True,False,1.0,,,,,0.0,0.0,,
1.0,ADIDAS,Licensed,Apparel,Jerseys,FIGC_26_H_JSY_AU,Italy Home Jersey Authentic,JL6934,BLU,Blue,XS,,149905,0,0,0,0,0,89.3,0.0,190.0,0.0,190.0,0.0,0.0,,ADIDAS,0.0,0.0,,,,,,,Tops,False,1.0,True,0.0,,True,True,False,1.0,,,,,0.0,0.0,,
1.0,ADIDAS,Licensed,Apparel,Jerseys,FIGC_26_H_JSY_AU,Italy Home Jersey Authentic,JL6934,BLU,Blue,S,,149906,1,0,0,0,1,89.3,89.3,190.0,190.0,190.0,190.0,0.0,,ADIDAS,0.0,0.0,,,,,,,Tops,False,1.0,True,0.0,,True,True,False,1.0,,,,,0.0,1.0,11/07/25 1:42:54 PM,
1.0,ADIDAS,Licensed,Apparel,Jerseys,FIGC_26_H_JSY_AU,Italy Home Jersey Authentic,JL6934,BLU,Blue,M,,149907,2,0,0,0,2,89.3,178.6,190.0,380.0,190.0,380.0,0.0,,ADIDAS,0.0,0.0,,,,,,,Tops,False,1.0,True,0.0,,True,True,False,1.0,,,,,0.0,2.0,11/07/25 1:42:54 PM,
1.0,ADIDAS,Licensed,Apparel,Jerseys,FIGC_26_H_JSY_AU,Italy Home Jersey Authentic,JL6934,BLU,Blue,L,,149908,1,0,0,0,1,89.3,89.3,190.0,190.0,190.0,190.0,0.0,,ADIDAS,0.0,0.0,,,,,,,Tops,False,1.0,True,0.0,,True,True,False,1.0,,,,,0.0,1.0,11/07/25 1:42:54 PM,
1.0,ADIDAS,Licensed,Apparel,Jerseys,FIGC_26_H_JSY_AU,Italy Home Jersey Authentic,JL6934,BLU,Blue,XL,,149909,0,0,0,0,0,89.3,0.0,190.0,0.0,190.0,0.0,0.0,,ADIDAS,0.0,0.0,,,,,,,Tops,False,1.0,True,0.0,,True,True,False,1.0,,,,,0.0,0.0,,
1.0,ADIDAS,Licensed,Apparel,Jerseys,FIGC_26_H_JSY_AU,Italy Home Jersey Authentic,JL6934,BLU,Blue,XXL,,149910,0,0,0,0,0,89.3,0.0,190.0,0.0,190.0,0.0,0.0,,ADIDAS,0.0,0.0,,,,,,,Tops,False,1.0,True,0.0,,True,True,False,1.0,,,,,0.0,0.0,,
1.0,ADIDAS,Licensed,Apparel,Jerseys,FIGC_26_H_JSY_AU,Italy Home Jersey Authentic,JL6934,BLU,Blue,XXXL,,149911,0,0,0,0,0,89.3,0.0,190.0,0.0,190.0,0.0,0.0,,ADIDAS,0.0,0.0,,,,,,,Tops,False,1.0,True,0.0,,True,True,False,1.0,,,,,0.0,0.0,,
1.0,ADIDAS,Licensed,Apparel,Jerseys,AFA_26_GK_H_JSY,Argentina GK  H JSY,JM8323,BLK,Black,XXS,,149920,0,0,0,0,0,56.4,0.0,120.0,0.0,120.0,0.0,0.0,,ADIDAS,0.0,0.0,,,,,,,Tops,False,1.0,True,0.0,,True,True,False,1.0,,,,,0.0,0.0,,
1.0,ADIDAS,Licensed,Apparel,Jerseys,AFA_26_GK_H_JSY,Argentina GK  H JSY,JM8323,BLK,Black,XS,,149921,0,0,0,0,0,56.4,0.0,120.0,0.0,120.0,0.0,0.0,,ADIDAS,0.0,0.0,,,,,,,Tops,False,1.0,True,0.0,,True,True,False,1.0,,,,,0.0,0.0,,
1.0,ADIDAS,Licensed,Apparel,Jerseys,AFA_26_GK_H_JSY,Argentina GK  H JSY,JM8323,BLK,Black,S,,149922,1,0,0,0,1,56.4,56.4,120.0,120.0,120.0,120.0,0.0,,ADIDAS,0.0,0.0,,,,,,,Tops,False,1.0,True,0.0,,True,True,False,1.0,,,,,0.0,1.0,11/07/25 1:49:06 PM,
1.0,ADIDAS,Licensed,Apparel,Jerseys,AFA_26_GK_H_JSY,Argentina GK  H JSY,JM8323,BLK,Black,M,,149923,0,0,0,0,0,56.4,0.0,120.0,0.0,120.0,0.0,0.0,,ADIDAS,0.0,0.0,,,,,,,Tops,False,1.0,True,0.0,,True,True,False,1.0,,,,,1.0,1.0,11/07/25 1:49:06 PM,
1.0,ADIDAS,Licensed,Apparel,Jerseys,AFA_26_GK_H_JSY,Argentina GK  H JSY,JM8323,BLK,Black,L,,149924,0,0,0,0,0,56.4,0.0,120.0,0.0,120.0,0.0,0.0,,ADIDAS,0.0,0.0,,,,,,,Tops,False,1.0,True,0.0,,True,True,False,1.0,,,,,0.0,0.0,,
1.0,ADIDAS,Licensed,Apparel,Jerseys,AFA_26_GK_H_JSY,Argentina GK  H JSY,JM8323,BLK,Black,XL,,149925,1,0,0,0,1,56.4,56.4,120.0,120.0,120.0,120.0,0.0,,ADIDAS,0.0,0.0,,,,,,,Tops,False,1.0,True,0.0,,True,True,False,1.0,,,,,0.0,1.0,11/07/25 1:49:06 PM,
1.0,ADIDAS,Licensed,Apparel,Jerseys,AFA_26_GK_H_JSY,Argentina GK  H JSY,JM8323,BLK,Black,XXL,,149926,0,0,0,0,0,56.4,0.0,120.0,0.0,120.0,0.0,0.0,,ADIDAS,0.0,0.0,,,,,,,Tops,False,1.0,True,0.0,,True,True,False,1.0,,,,,0.0,0.0,,
1.0,ADIDAS,Licensed,Apparel,Jerseys,AFA_26_GK_H_JSY,Argentina GK  H JSY,JM8323,BLK,Black,XXXL,,149927,0,0,0,0,0,56.4,0.0,120.0,0.0,120.0,0.0,0.0,,ADIDAS,0.0,0.0,,,,,,,Tops,False,1.0,True,0.0,,True,True,False,1.0,,,,,0.0,0.0,,
1.0,ADIDAS,Licensed,Apparel,Jerseys,IFA_26_H_JSY,Ireland H JSY,JL6919,GRN,Green,XXS,,149928,0,0,0,0,0,56.4,0.0,120.0,0.0,120.0,0.0,0.0,,ADIDAS,0.0,0.0,,,,,,,Tops,False,1.0,True,0.0,,True,True,False,1.0,,,,,0.0,0.0,,
1.0,ADIDAS,Licensed,Apparel,Jerseys,IFA_26_H_JSY,Ireland H JSY,JL6919,GRN,Green,XS,,149929,0,0,0,0,0,56.4,0.0,120.0,0.0,120.0,0.0,0.0,,ADIDAS,0.0,0.0,,,,,,,Tops,False,1.0,True,0.0,,True,True,False,1.0,,,,,0.0,0.0,,
1.0,ADIDAS,Licensed,Apparel,Jerseys,IFA_26_H_JSY,Ireland H JSY,JL6919,GRN,Green,S,,149930,0,0,0,0,0,56.4,0.0,120.0,0.0,120.0,0.0,0.0,,ADIDAS,0.0,0.0,,,,,,,Tops,False,1.0,True,0.0,,True,True,False,1.0,,,,,0.0,0.0,,
1.0,ADIDAS,Licensed,Apparel,Jerseys,IFA_26_H_JSY,Ireland H JSY,JL6919,GRN,Green,M,,149931,1,0,0,0,1,56.4,56.4,120.0,120.0,120.0,120.0,0.0,,ADIDAS,0.0,0.0,,,,,,,Tops,False,1.0,True,0.0,,True,True,False,1.0,,,,,0.0,1.0,11/07/25 1:50:51 PM,
1.0,ADIDAS,Licensed,Apparel,Jerseys,IFA_26_H_JSY,Ireland H JSY,JL6919,GRN,Green,L,,149932,1,0,0,0,1,56.4,56.4,120.0,120.0,120.0,120.0,0.0,,ADIDAS,0.0,0.0,,,,,,,Tops,False,1.0,True,0.0,,True,True,False,1.0,,,,,0.0,1.0,11/07/25 1:50:51 PM,
1.0,ADIDAS,Licensed,Apparel,Jerseys,IFA_26_H_JSY,Ireland H JSY,JL6919,GRN,Green,XL,,149933,0,0,0,0,0,56.4,0.0,120.0,0.0,120.0,0.0,0.0,,ADIDAS,0.0,0.0,,,,,,,Tops,False,1.0,True,0.0,,True,True,False,1.0,,,,,0.0,0.0,,
1.0,ADIDAS,Licensed,Apparel,Jerseys,IFA_26_H_JSY,Ireland H JSY,JL6919,GRN,Green,XXL,,149934,0,0,0,0,0,56.4,0.0,120.0,0.0,120.0,0.0,0.0,,ADIDAS,0.0,0.0,,,,,,,Tops,False,1.0,True,0.0,,True,True,False,1.0,,,,,0.0,0.0,,
1.0,ADIDAS,Licensed,Apparel,Jerseys,IFA_26_H_JSY,Ireland H JSY,JL6919,GRN,Green,XXXL,,149935,0,0,0,0,0,56.4,0.0,120.0,0.0,120.0,0.0,0.0,,ADIDAS,0.0,0.0,,,,,,,Tops,False,1.0,True,0.0,,True,True,False,1.0,,,,,0.0,0.0,,
1.0,ADIDAS,Licensed,Apparel,Jerseys,FIGC_26_H_JSY_Y,Italy H JSY D Y,JY7585,BLU,Blue,Y2XS,,149960,0,0,0,0,0,47.0,0.0,100.0,0.0,100.0,0.0,0.0,,ADIDAS,0.0,0.0,,,,,,,Tops_Youth,False,1.0,True,0.0,,True,True,False,1.0,,,,,0.0,0.0,,
1.0,ADIDAS,Licensed,Apparel,Jerseys,FIGC_26_H_JSY_Y,Italy H JSY D Y,JY7585,BLU,Blue,YXS,,149961,0,0,0,0,0,47.0,0.0,100.0,0.0,100.0,0.0,0.0,,ADIDAS,0.0,0.0,,,,,,,Tops_Youth,False,1.0,True,0.0,,True,True,False,1.0,,,,,0.0,0.0,,
1.0,ADIDAS,Licensed,Apparel,Jerseys,FIGC_26_H_JSY_Y,Italy H JSY D Y,JY7585,BLU,Blue,YS,,149962,1,0,0,0,1,47.0,47.0,100.0,100.0,100.0,100.0,0.0,,ADIDAS,0.0,0.0,,,,,,,Tops_Youth,False,1.0,True,0.0,,True,True,False,1.0,,,,,0.0,1.0,11/07/25 2:19:37 PM,
1.0,ADIDAS,Licensed,Apparel,Jerseys,FIGC_26_H_JSY_Y,Italy H JSY D Y,JY7585,BLU,Blue,YM,,149963,1,0,0,0,1,47.0,47.0,100.0,100.0,100.0,100.0,0.0,,ADIDAS,0.0,0.0,,,,,,,Tops_Youth,False,1.0,True,0.0,,True,True,False,1.0,,,,,2.0,3.0,11/07/25 2:19:37 PM,
1.0,ADIDAS,Licensed,Apparel,Jerseys,FIGC_26_H_JSY_Y,Italy H JSY D Y,JY7585,BLU,Blue,YL,,149964,3,0,0,0,3,47.0,141.0,100.0,300.0,100.0,300.0,0.0,,ADIDAS,0.0,0.0,,,,,,,Tops_Youth,False,1.0,True,0.0,,True,True,False,1.0,,,,,0.0,3.0,11/07/25 2:19:37 PM,
1.0,ADIDAS,Licensed,Apparel,Jerseys,FIGC_26_H_JSY_Y,Italy H JSY D Y,JY7585,BLU,Blue,YXL,,149965,2,0,0,0,2,47.0,94.0,100.0,200.0,100.0,200.0,0.0,,ADIDAS,0.0,0.0,,,,,,,Tops_Youth,False,1.0,True,0.0,,True,True,False,1.0,,,,,1.0,3.0,11/07/25 2:19:37 PM,
1.0,ADIDAS,Licensed,Apparel,Jerseys,FIGC_26_H_JSY_W,Italy H JSY Women,JY7586,BLU,Blue,XXS,,149966,0,0,0,0,0,56.4,0.0,120.0,0.0,120.0,0.0,0.0,,ADIDAS,0.0,0.0,,,,,,,Tops,False,1.0,True,0.0,,True,True,False,1.0,,,,,0.0,0.0,,
1.0,ADIDAS,Licensed,Apparel,Jerseys,FIGC_26_H_JSY_W,Italy H JSY Women,JY7586,BLU,Blue,XS,,149967,0,0,0,0,0,56.4,0.0,120.0,0.0,120.0,0.0,0.0,,ADIDAS,0.0,0.0,,,,,,,Tops,False,1.0,True,0.0,,True,True,False,1.0,,,,,1.0,1.0,11/07/25 2:21:05 PM,
1.0,ADIDAS,Licensed,Apparel,Jerseys,FIGC_26_H_JSY_W,Italy H JSY Women,JY7586,BLU,Blue,S,,149968,1,0,0,0,1,56.4,56.4,120.0,120.0,120.0,120.0,0.0,,ADIDAS,0.0,0.0,,,,,,,Tops,False,1.0,True,0.0,,True,True,False,1.0,,,,,1.0,2.0,11/07/25 2:21:05 PM,
1.0,ADIDAS,Licensed,Apparel,Jerseys,FIGC_26_H_JSY_W,Italy H JSY Women,JY7586,BLU,Blue,M,,149969,1,0,0,0,1,56.4,56.4,120.0,120.0,120.0,120.0,0.0,,ADIDAS,0.0,0.0,,,,,,,Tops,False,1.0,True,0.0,,True,True,False,1.0,,,,,0.0,1.0,11/07/25 2:21:05 PM,
1.0,ADIDAS,Licensed,Apparel,KITS,FIGC_26_H_BABY_KIT,Italy H Baby Kit,JY7583,BLU,Blue,3T,,149980,0,0,0,0,0,37.6,0.0,80.0,0.0,80.0,0.0,0.0,,ADIDAS,0.0,0.0,,,,,,,Baby,False,1.0,True,0.0,,True,True,False,1.0,,,,,0.0,0.0,,
1.0,ADIDAS,Licensed,Apparel,KITS,FIGC_26_H_BABY_KIT,Italy H Baby Kit,JY7583,BLU,Blue,4T,,149981,0,0,0,0,0,37.6,0.0,80.0,0.0,80.0,0.0,0.0,,ADIDAS,0.0,0.0,,,,,,,Baby,False,1.0,True,0.0,,True,True,False,1.0,,,,,0.0,0.0,,
1.0,ADIDAS,Licensed,Apparel,KITS,FIGC_26_H_BABY_KIT,Italy H Baby Kit,JY7583,BLU,Blue,5T,,149982,0,0,0,0,0,37.6,0.0,80.0,0.0,80.0,0.0,0.0,,ADIDAS,0.0,0.0,,,,,,,Baby,False,1.0,True,0.0,,True,True,False,1.0,,,,,0.0,0.0,,
1.0,ADIDAS,Licensed,Apparel,KITS,FIGC_26_H_BABY_KIT,Italy H Baby Kit,JY7583,BLU,Blue,6T,,149983,0,0,0,0,0,37.6,0.0,80.0,0.0,80.0,0.0,0.0,,ADIDAS,0.0,0.0,,,,,,,Baby,False,1.0,True,0.0,,True,True,False,1.0,,,,,0.0,0.0,,
1.0,ADIDAS,Licensed,ACCESSORIES,Balls,AFA_26_MINI_BALL,Argentina Mini Ball,JU0306,BLU,Blue,1,,149999,2,0,0,0,2,10.34,20.68,22.0,44.0,22.0,44.0,0.0,,ADIDAS,0.0,0.0,,,,,,,Balls,False,1.0,True,0.0,,True,True,False,1.0,,,,,0.0,2.0,11/07/25 2:30:23 PM,
1.0,ADIDAS,Licensed,ACCESSORIES,Balls,AFA_26_MINI_BALL,Argentina Mini Ball,JU0306,BLU,Blue,2,,150000,0,0,0,0,0,10.34,0.0,22.0,0.0,22.0,0.0,0.0,,ADIDAS,0.0,0.0,,,,,,,Balls,False,1.0,True,0.0,,True,True,False,1.0,,,,,0.0,0.0,,
1.0,ADIDAS,Licensed,ACCESSORIES,Balls,AFA_26_MINI_BALL,Argentina Mini Ball,JU0306,BLU,Blue,3,,150001,0,0,0,0,0,10.34,0.0,22.0,0.0,22.0,0.0,0.0,,ADIDAS,0.0,0.0,,,,,,,Balls,False,1.0,True,0.0,,True,True,False,1.0,,,,,0.0,0.0,,
1.0,ADIDAS,Licensed,ACCESSORIES,Balls,AFA_26_MINI_BALL,Argentina Mini Ball,JU0306,BLU,Blue,4,,150002,0,0,0,0,0,10.34,0.0,22.0,0.0,22.0,0.0,0.0,,ADIDAS,0.0,0.0,,,,,,,Balls,False,1.0,True,0.0,,True,True,False,1.0,,,,,0.0,0.0,,
1.0,ADIDAS,Licensed,ACCESSORIES,Balls,AFA_26_MINI_BALL,Argentina Mini Ball,JU0306,BLU,Blue,5,,150003,0,0,0,0,0,10.34,0.0,22.0,0.0,22.0,0.0,0.0,,ADIDAS,0.0,0.0,,,,,,,Balls,False,1.0,True,0.0,,True,True,False,1.0,,,,,0.0,0.0,,
1.0,ADIDAS,Licensed,ACCESSORIES,Balls,FIGC_26_MINI_BALL,Italy Mini Ball,JY0249,BLU,Blue,1,,150004,24,0,0,0,24,10.34,248.16,22.0,528.0,22.0,528.0,0.0,,ADIDAS,0.0,0.0,,,,,,,Balls,False,1.0,True,0.0,,True,True,False,1.0,,,,,2.0,24.0,1/13/26 11:29:41 AM,
1.0,ADIDAS,Licensed,ACCESSORIES,Balls,FIGC_26_MINI_BALL,Italy Mini Ball,JY0249,BLU,Blue,2,,150005,0,0,0,0,0,10.34,0.0,22.0,0.0,22.0,0.0,0.0,,ADIDAS,0.0,0.0,,,,,,,Balls,False,1.0,True,0.0,,True,True,False,1.0,,,,,0.0,0.0,,
1.0,ADIDAS,Licensed,ACCESSORIES,Balls,FIGC_26_MINI_BALL,Italy Mini Ball,JY0249,BLU,Blue,3,,150006,0,0,0,0,0,10.34,0.0,22.0,0.0,22.0,0.0,0.0,,ADIDAS,0.0,0.0,,,,,,,Balls,False,1.0,True,0.0,,True,True,False,1.0,,,,,0.0,0.0,,
1.0,ADIDAS,Licensed,ACCESSORIES,Balls,FIGC_26_MINI_BALL,Italy Mini Ball,JY0249,BLU,Blue,4,,150007,0,0,0,0,0,10.34,0.0,22.0,0.0,22.0,0.0,0.0,,ADIDAS,0.0,0.0,,,,,,,Balls,False,1.0,True,0.0,,True,True,False,1.0,,,,,0.0,0.0,,
1.0,ADIDAS,Licensed,ACCESSORIES,Balls,FIGC_26_MINI_BALL,Italy Mini Ball,JY0249,BLU,Blue,5,,150008,0,0,0,0,0,10.34,0.0,22.0,0.0,22.0,0.0,0.0,,ADIDAS,0.0,0.0,,,,,,,Balls,False,1.0,True,0.0,,True,True,False,1.0,,,,,0.0,0.0,,
1.0,ADIDAS,Licensed,Apparel,Jerseys,DFB_26_GK_H_JSY,Germany GK  H JSY,JM3716,GRN,Green,XXS,,150009,0,0,0,0,0,61.6,0.0,120.0,0.0,130.0,0.0,130.0,,ADIDAS,0.0,0.0,,,,,,,Tops,False,1.0,True,0.0,,True,True,False,1.0,,,,,0.0,0.0,,
1.0,ADIDAS,Licensed,Apparel,Jerseys,DFB_26_GK_H_JSY,Germany GK  H JSY,JM3716,GRN,Green,XS,,150010,0,0,0,0,0,61.6,0.0,120.0,0.0,130.0,0.0,130.0,,ADIDAS,0.0,0.0,,,,,,,Tops,False,1.0,True,0.0,,True,True,False,1.0,,,,,0.0,0.0,,
1.0,ADIDAS,Licensed,Apparel,Jerseys,DFB_26_GK_H_JSY,Germany GK  H JSY,JM3716,GRN,Green,S,,150011,1,0,0,0,1,61.6,61.6,120.0,120.0,130.0,130.0,130.0,,ADIDAS,0.0,0.0,,,,,,,Tops,False,1.0,True,0.0,,True,True,False,1.0,,,,,0.0,1.0,11/12/25 2:06:01 PM,
1.0,ADIDAS,Licensed,Apparel,Jerseys,DFB_26_GK_H_JSY,Germany GK  H JSY,JM3716,GRN,Green,M,,150012,0,0,0,0,0,61.6,0.0,120.0,0.0,130.0,0.0,130.0,,ADIDAS,0.0,0.0,,,,,,,Tops,False,1.0,True,0.0,,True,True,False,1.0,,,,,0.0,0.0,,
1.0,ADIDAS,Licensed,Apparel,Jerseys,DFB_26_GK_H_JSY,Germany GK  H JSY,JM3716,GRN,Green,L,,150013,1,0,0,0,1,61.6,61.6,120.0,120.0,130.0,130.0,130.0,,ADIDAS,0.0,0.0,,,,,,,Tops,False,1.0,True,0.0,,True,True,False,1.0,,,,,0.0,1.0,11/12/25 2:06:02 PM,
1.0,ADIDAS,Licensed,Apparel,Jerseys,DFB_26_GK_H_JSY,Germany GK  H JSY,JM3716,GRN,Green,XL,,150014,0,0,0,0,0,61.6,0.0,120.0,0.0,130.0,0.0,130.0,,ADIDAS,0.0,0.0,,,,,,,Tops,False,1.0,True,0.0,,True,True,False,1.0,,,,,0.0,0.0,,
1.0,ADIDAS,Licensed,Apparel,Jerseys,DFB_26_GK_H_JSY,Germany GK  H JSY,JM3716,GRN,Green,XXL,,150015,0,0,0,0,0,61.6,0.0,120.0,0.0,130.0,0.0,130.0,,ADIDAS,0.0,0.0,,,,,,,Tops,False,1.0,True,0.0,,True,True,False,1.0,,,,,0.0,0.0,,
1.0,ADIDAS,Licensed,Apparel,Jerseys,DFB_26_GK_H_JSY,Germany GK  H JSY,JM3716,GRN,Green,XXXL,,150016,0,0,0,0,0,61.6,0.0,120.0,0.0,130.0,0.0,130.0,,ADIDAS,0.0,0.0,,,,,,,Tops,False,1.0,True,0.0,,True,True,False,1.0,,,,,0.0,0.0,,
1.0,NIKE,Licensed,Apparel,Jerseys,CANADA_26_GK_JSY,Canada GK Jersey,IO0791,BLK,Black,XXS,,150017,0,0,0,0,0,56.4,0.0,120.0,0.0,120.0,0.0,0.0,,NIKE,0.0,0.0,,,,,,,Tops,False,1.0,True,0.0,,True,True,False,1.0,,,,,0.0,0.0,,
1.0,NIKE,Licensed,Apparel,Jerseys,CANADA_26_GK_JSY,Canada GK Jersey,IO0791,BLK,Black,S,,150019,1,0,0,0,1,56.4,56.4,120.0,120.0,120.0,120.0,0.0,,NIKE,0.0,0.0,,,,,,,Tops,False,1.0,True,0.0,,True,True,False,1.0,,,,,1.0,2.0,11/20/25 2:00:33 PM,
1.0,NIKE,Licensed,Apparel,Jerseys,CANADA_26_GK_JSY,Canada GK Jersey,IO0791,BLK,Black,M,,150020,0,0,0,0,0,56.4,0.0,120.0,0.0,120.0,0.0,0.0,,NIKE,0.0,0.0,,,,,,,Tops,False,1.0,True,0.0,,True,True,False,1.0,,,,,0.0,0.0,,
1.0,NIKE,Licensed,Apparel,Jerseys,CANADA_26_GK_JSY,Canada GK Jersey,IO0791,BLK,Black,L,,150021,0,0,0,0,0,56.4,0.0,120.0,0.0,120.0,0.0,0.0,,NIKE,0.0,0.0,,,,,,,Tops,False,1.0,True,0.0,,True,True,False,1.0,,,,,1.0,1.0,11/20/25 2:00:33 PM,
1.0,NIKE,Licensed,Apparel,Jerseys,CANADA_26_GK_JSY,Canada GK Jersey,IO0791,BLK,Black,XL,,150022,0,0,0,0,0,56.4,0.0,120.0,0.0,120.0,0.0,0.0,,NIKE,0.0,0.0,,,,,,,Tops,False,1.0,True,0.0,,True,True,False,1.0,,,,,0.0,0.0,,
1.0,NIKE,Licensed,Apparel,Jerseys,CANADA_26_GK_JSY,Canada GK Jersey,IO0791,BLK,Black,XXL,,150023,0,0,0,0,0,56.4,0.0,120.0,0.0,120.0,0.0,0.0,,NIKE,0.0,0.0,,,,,,,Tops,False,1.0,True,0.0,,True,True,False,1.0,,,,,0.0,0.0,,
1.0,NIKE,Licensed,Apparel,Jerseys,CANADA_26_GK_JSY,Canada GK Jersey,IO0791,BLK,Black,XXXL,,150024,0,0,0,0,0,56.4,0.0,120.0,0.0,120.0,0.0,0.0,,NIKE,0.0,0.0,,,,,,,Tops,False,1.0,True,0.0,,True,True,False,1.0,,,,,0.0,0.0,,
1.0,NIKE,Licensed,Apparel,Jerseys,CBF_26_AU_GK_JSY,Canada Authentic GK Jersey,IO0795,BLK,Black,XXS,,150025,0,0,0,0,0,56.4,0.0,120.0,0.0,120.0,0.0,0.0,,NIKE,0.0,0.0,,,,,,,Tops,False,1.0,True,0.0,,True,True,False,1.0,,,,,0.0,0.0,,
1.0,NIKE,Licensed,Apparel,Jerseys,CBF_26_AU_GK_JSY,Canada Authentic GK Jersey,IO0795,BLK,Black,XS,,150026,0,0,0,0,0,56.4,0.0,120.0,0.0,120.0,0.0,0.0,,NIKE,0.0,0.0,,,,,,,Tops,False,1.0,True,0.0,,True,True,False,1.0,,,,,0.0,0.0,,
1.0,NIKE,Licensed,Apparel,Jerseys,CBF_26_AU_GK_JSY,Canada Authentic GK Jersey,IO0795,BLK,Black,S,,150027,2,0,0,0,2,56.4,112.8,120.0,240.0,120.0,240.0,0.0,,NIKE,0.0,0.0,,,,,,,Tops,False,1.0,True,0.0,,True,True,False,1.0,,,,,0.0,2.0,11/20/25 2:03:01 PM,
1.0,NIKE,Licensed,Apparel,Jerseys,CBF_26_AU_GK_JSY,Canada Authentic GK Jersey,IO0795,BLK,Black,M,,150028,2,0,0,0,2,56.4,112.8,120.0,240.0,120.0,240.0,0.0,,NIKE,0.0,0.0,,,,,,,Tops,False,1.0,True,0.0,,True,True,False,1.0,,,,,0.0,2.0,11/20/25 2:03:01 PM,
1.0,NIKE,Licensed,Apparel,Jerseys,CBF_26_AU_GK_JSY,Canada Authentic GK Jersey,IO0795,BLK,Black,L,,150029,1,0,0,0,1,56.4,56.4,120.0,120.0,120.0,120.0,0.0,,NIKE,0.0,0.0,,,,,,,Tops,False,1.0,True,0.0,,True,True,False,1.0,,,,,0.0,1.0,11/20/25 2:03:01 PM,
1.0,ADIDAS,Licensed,Apparel,Jerseys,MUFC_25_H_JSY,MUFC Home Jersey,JI7428,RED,Red,XXXL,,148298,0,0,0,0,0,60.72,0.0,120.0,0.0,120.0,0.0,0.0,,ADIDAS,0.0,0.0,,,,,,,Tops,False,1.0,True,0.0,,True,True,False,1.0,,,,,0.0,0.0,,
1.0,ADIDAS,Licensed,Apparel,Jerseys,SLB_25_H_JSY,Benfica Home Jersey,JD1403,RED,Red,XS,,148299,0,0,0,0,0,60.72,0.0,120.0,0.0,120.0,0.0,0.0,,ADIDAS,0.0,0.0,,,,,,,Tops,False,1.0,True,0.0,,True,True,False,1.0,,,,,0.0,0.0,,
1.0,ADIDAS,Licensed,Apparel,Jerseys,SLB_25_H_JSY,Benfica Home Jersey,JD1403,RED,Red,S,,148300,1,0,0,0,1,60.72,60.72,120.0,120.0,120.0,120.0,0.0,,ADIDAS,0.0,0.0,,,,,,,Tops,False,1.0,True,0.0,,True,True,False,1.0,,,,,0.0,1.0,8/22/25 2:11:18 PM,
1.0,ADIDAS,Licensed,Apparel,Jerseys,SLB_25_H_JSY,Benfica Home Jersey,JD1403,RED,Red,M,,148301,0,0,0,0,0,60.72,0.0,120.0,0.0,120.0,0.0,0.0,,ADIDAS,0.0,0.0,,,,,,,Tops,False,1.0,True,0.0,,True,True,False,1.0,,,,,1.0,1.0,8/22/25 2:11:18 PM,
1.0,ADIDAS,Licensed,Apparel,Jerseys,SLB_25_H_JSY,Benfica Home Jersey,JD1403,RED,Red,L,,148302,1,0,0,0,1,60.72,60.72,120.0,120.0,120.0,120.0,0.0,,ADIDAS,0.0,0.0,,,,,,,Tops,False,1.0,True,0.0,,True,True,False,1.0,,,,,0.0,1.0,8/22/25 2:11:18 PM,
1.0,ADIDAS,Licensed,Apparel,Jerseys,SLB_25_H_JSY,Benfica Home Jersey,JD1403,RED,Red,XL,,148303,1,0,0,0,1,60.72,60.72,120.0,120.0,120.0,120.0,0.0,,ADIDAS,0.0,0.0,,,,,,,Tops,False,1.0,True,0.0,,True,True,False,1.0,,,,,0.0,1.0,8/22/25 2:11:18 PM,
1.0,ADIDAS,Licensed,Apparel,Jerseys,SLB_25_H_JSY,Benfica Home Jersey,JD1403,RED,Red,XXL,,148304,1,0,0,0,1,60.72,60.72,120.0,120.0,120.0,120.0,0.0,,ADIDAS,0.0,0.0,,,,,,,Tops,False,1.0,True,0.0,,True,True,False,1.0,,,,,0.0,1.0,8/22/25 2:11:18 PM,
1.0,ADIDAS,Licensed,Apparel,Jerseys,SLB_25_H_JSY,Benfica Home Jersey,JD1403,RED,Red,XXXL,,148305,0,0,0,0,0,60.72,0.0,120.0,0.0,120.0,0.0,0.0,,ADIDAS,0.0,0.0,,,,,,,Tops,False,1.0,True,0.0,,True,True,False,1.0,,,,,0.0,0.0,,
1.0,ADIDAS,Licensed,Apparel,Jerseys,JUVE_25_H_JSY,Juventus Home Jersey,JJ4320,WHT,White,M,,148308,1,0,0,0,1,60.72,60.72,120.0,120.0,120.0,120.0,0.0,,ADIDAS,0.0,0.0,,,,,,,Tops,False,1.0,True,0.0,,True,True,False,1.0,,,,,1.0,2.0,8/22/25 2:12:44 PM,
1.0,ADIDAS,Licensed,Apparel,Jerseys,JUVE_25_H_JSY,Juventus Home Jersey,JJ4320,WHT,White,L,,148309,-6,0,0,0,-6,60.72,-364.32,120.0,-720.0,120.0,-720.0,0.0,,ADIDAS,0.0,0.0,,,,,,,Tops,False,1.0,True,0.0,,True,True,False,1.0,,,,,8.0,2.0,8/22/25 2:12:44 PM,
1.0,ADIDAS,Licensed,Apparel,Jerseys,JUVE_25_H_JSY,Juventus Home Jersey,JJ4320,WHT,White,XL,,148310,-7,0,0,0,-7,60.72,-425.04,120.0,-840.0,120.0,-840.0,0.0,,ADIDAS,0.0,0.0,,,,,,,Tops,False,1.0,True,0.0,,True,True,False,1.0,,,,,8.0,1.0,8/22/25 2:12:44 PM,
1.0,ADIDAS,Licensed,Apparel,Jerseys,JUVE_25_H_JSY,Juventus Home Jersey,JJ4320,WHT,White,XXL,,148311,0,0,0,0,0,60.72,0.0,120.0,0.0,120.0,0.0,0.0,,ADIDAS,0.0,0.0,,,,,,,Tops,False,1.0,True,0.0,,True,True,False,1.0,,,,,0.0,0.0,,
1.0,ADIDAS,Licensed,Apparel,Jerseys,JUVE_25_H_JSY,Juventus Home Jersey,JJ4320,WHT,White,XXXL,,148312,0,0,0,0,0,60.72,0.0,120.0,0.0,120.0,0.0,0.0,,ADIDAS,0.0,0.0,,,,,,,Tops,False,1.0,True,0.0,,True,True,False,1.0,,,,,0.0,0.0,,
1.0,ADIDAS,Licensed,Apparel,Jerseys,AFC_25_H_JSY,Arsenal Home Jersey,JI9517,RED,Red,XS,,148313,0,0,0,0,0,60.72,0.0,120.0,0.0,120.0,0.0,0.0,,ADIDAS,0.0,0.0,,,,,,,Tops,False,1.0,True,0.0,,True,True,False,1.0,,,,,0.0,0.0,,
1.0,ADIDAS,Licensed,Apparel,Jerseys,AFC_25_H_JSY,Arsenal Home Jersey,JI9517,RED,Red,S,,148314,0,0,0,0,0,60.72,0.0,120.0,0.0,120.0,0.0,0.0,,ADIDAS,0.0,0.0,,,,,,,Tops,False,1.0,True,0.0,,True,True,False,1.0,,,,,1.0,1.0,8/22/25 2:13:52 PM,
1.0,ADIDAS,Licensed,Apparel,Jerseys,AFC_25_H_JSY,Arsenal Home Jersey,JI9517,RED,Red,M,,148315,0,0,0,0,0,60.72,0.0,120.0,0.0,120.0,0.0,0.0,,ADIDAS,0.0,0.0,,,,,,,Tops,False,1.0,True,0.0,,True,True,False,1.0,,,,,1.0,1.0,8/22/25 2:13:52 PM,
1.0,ADIDAS,Licensed,Apparel,Jerseys,AFC_25_H_JSY,Arsenal Home Jersey,JI9517,RED,Red,L,,148316,1,0,0,0,1,60.72,60.72,120.0,120.0,120.0,120.0,0.0,,ADIDAS,0.0,0.0,,,,,,,Tops,False,1.0,True,0.0,,True,True,False,1.0,,,,,0.0,1.0,8/22/25 2:13:52 PM,
1.0,ADIDAS,Licensed,Apparel,Jerseys,AFC_25_H_JSY,Arsenal Home Jersey,JI9517,RED,Red,XL,,148317,-1,0,0,1,0,60.72,-60.72,120.0,-120.0,120.0,-120.0,0.0,,ADIDAS,0.0,0.0,,,,,,,Tops,False,1.0,True,0.0,,True,True,False,1.0,,,,,1.0,0.0,,
1.0,ADIDAS,Licensed,Apparel,Jerseys,AFC_25_H_JSY,Arsenal Home Jersey,JI9517,RED,Red,XXL,,148318,0,0,0,0,0,60.72,0.0,120.0,0.0,120.0,0.0,0.0,,ADIDAS,0.0,0.0,,,,,,,Tops,False,1.0,True,0.0,,True,True,False,1.0,,,,,0.0,0.0,,
1.0,ADIDAS,Licensed,Apparel,Jerseys,AFC_25_H_JSY,Arsenal Home Jersey,JI9517,RED,Red,XXXL,,148319,0,0,0,0,0,60.72,0.0,120.0,0.0,120.0,0.0,0.0,,ADIDAS,0.0,0.0,,,,,,,Tops,False,1.0,True,0.0,,True,True,False,1.0,,,,,0.0,0.0,,
1.0,ADIDAS,Licensed,Apparel,Jerseys,AFC_25_H_JSY_Y,Arsenal Home Jersey Y,JI9533,RED,Red,Y2XS,,148320,0,0,0,0,0,47.0,0.0,100.0,0.0,100.0,0.0,0.0,,ADIDAS,0.0,0.0,,,,,,,Tops_Youth,False,1.0,True,0.0,,True,True,False,1.0,,,,,0.0,0.0,,
1.0,ADIDAS,Licensed,Apparel,Jerseys,AFC_25_H_JSY_Y,Arsenal Home Jersey Y,JI9533,RED,Red,YXS,,148321,0,0,0,0,0,47.0,0.0,100.0,0.0,100.0,0.0,0.0,,ADIDAS,0.0,0.0,,,,,,,Tops_Youth,False,1.0,True,0.0,,True,True,False,1.0,,,,,0.0,0.0,,
1.0,ADIDAS,Licensed,Apparel,Jerseys,AFC_25_H_JSY_Y,Arsenal Home Jersey Y,JI9533,RED,Red,YS,,148322,0,0,0,0,0,47.0,0.0,100.0,0.0,100.0,0.0,0.0,,ADIDAS,0.0,0.0,,,,,,,Tops_Youth,False,1.0,True,0.0,,True,True,False,1.0,,,,,0.0,0.0,,
1.0,ADIDAS,Licensed,Apparel,Jerseys,AFC_25_H_JSY_Y,Arsenal Home Jersey Y,JI9533,RED,Red,YM,,148323,0,0,0,0,0,47.0,0.0,100.0,0.0,100.0,0.0,0.0,,ADIDAS,0.0,0.0,,,,,,,Tops_Youth,False,1.0,True,0.0,,True,True,False,1.0,,,,,1.0,1.0,8/22/25 2:16:22 PM,
1.0,ADIDAS,Licensed,Apparel,Jerseys,AFC_25_H_JSY_Y,Arsenal Home Jersey Y,JI9533,RED,Red,YL,,148324,1,0,0,0,1,47.0,47.0,100.0,100.0,100.0,100.0,0.0,,ADIDAS,0.0,0.0,,,,,,,Tops_Youth,False,1.0,True,0.0,,True,True,False,1.0,,,,,0.0,1.0,8/22/25 2:16:23 PM,
1.0,ADIDAS,Licensed,Apparel,Jerseys,AFC_25_H_JSY_Y,Arsenal Home Jersey Y,JI9533,RED,Red,YXL,,148325,0,0,0,1,1,47.0,0.0,100.0,0.0,100.0,0.0,0.0,,ADIDAS,0.0,0.0,,,,,,,Tops_Youth,False,1.0,True,0.0,,True,True,False,1.0,,,,,1.0,1.0,8/22/25 2:16:23 PM,
1.0,ADIDAS,Licensed,Apparel,Top,RM_25_TR_JSY,Real Madrid Training Jersey,JP3977,GRN,Green,XS,,148326,0,0,0,0,0,30.55,0.0,65.0,0.0,65.0,0.0,0.0,,ADIDAS,0.0,0.0,,,,,,,Tops,False,1.0,True,0.0,,True,True,False,1.0,,,,,0.0,0.0,,
1.0,ADIDAS,Licensed,Apparel,Top,RM_25_TR_JSY,Real Madrid Training Jersey,JP3977,GRN,Green,S,,148327,1,0,0,0,1,30.55,30.55,65.0,65.0,65.0,65.0,0.0,,ADIDAS,0.0,0.0,,,,,,,Tops,False,1.0,True,0.0,,True,True,False,1.0,,,,,0.0,1.0,10/01/25 11:48:22 AM,
1.0,ADIDAS,Licensed,Apparel,Top,RM_25_TR_JSY,Real Madrid Training Jersey,JP3977,GRN,Green,M,,148328,0,0,0,0,0,30.55,0.0,65.0,0.0,65.0,0.0,0.0,,ADIDAS,0.0,0.0,,,,,,,Tops,False,1.0,True,0.0,,True,True,False,1.0,,,,,1.0,1.0,8/22/25 2:23:20 PM,
1.0,ADIDAS,Licensed,Apparel,Top,RM_25_TR_JSY,Real Madrid Training Jersey,JP3977,GRN,Green,L,,148329,0,0,0,0,0,30.55,0.0,65.0,0.0,65.0,0.0,0.0,,ADIDAS,0.0,0.0,,,,,,,Tops,False,1.0,True,0.0,,True,True,False,1.0,,,,,0.0,0.0,,
1.0,ADIDAS,Licensed,Apparel,Top,RM_25_TR_JSY,Real Madrid Training Jersey,JP3977,GRN,Green,XL,,148330,0,0,0,0,0,30.55,0.0,65.0,0.0,65.0,0.0,0.0,,ADIDAS,0.0,0.0,,,,,,,Tops,False,1.0,True,0.0,,True,True,False,1.0,,,,,0.0,0.0,,
1.0,ADIDAS,Licensed,Apparel,Top,RM_25_TR_JSY,Real Madrid Training Jersey,JP3977,GRN,Green,XXL,,148331,0,0,0,0,0,30.55,0.0,65.0,0.0,65.0,0.0,0.0,,ADIDAS,0.0,0.0,,,,,,,Tops,False,1.0,True,0.0,,True,True,False,1.0,,,,,0.0,0.0,,
1.0,ADIDAS,Licensed,Apparel,Top,RM_25_TR_JSY,Real Madrid Training Jersey,JP3977,GRN,Green,XXXL,,148332,0,0,0,0,0,30.55,0.0,65.0,0.0,65.0,0.0,0.0,,ADIDAS,0.0,0.0,,,,,,,Tops,False,1.0,True,0.0,,True,True,False,1.0,,,,,0.0,0.0,,
1.0,ADIDAS,Licensed,Apparel,Jerseys,AFA_26_H_CR_W_JSY,AFA H Cropped Wmn JSY ,KE5982,Blu,Blue,XXS,,149936,0,0,0,0,0,0.0,0.0,0.0,0.0,0.0,0.0,0.0,,ADIDAS,0.0,0.0,,,,,,,Tops,False,1.0,True,0.0,,True,True,False,1.0,,,,,0.0,0.0,,
1.0,ADIDAS,Licensed,Apparel,Jerseys,AFA_26_H_CR_W_JSY,AFA H Cropped Wmn JSY ,KE5982,Blu,Blue,XS,,149937,0,0,0,0,0,0.0,0.0,0.0,0.0,0.0,0.0,0.0,,ADIDAS,0.0,0.0,,,,,,,Tops,False,1.0,True,0.0,,True,True,False,1.0,,,,,0.0,0.0,,
1.0,ADIDAS,Licensed,Apparel,Jerseys,AFA_26_H_CR_W_JSY,AFA H Cropped Wmn JSY ,KE5982,Blu,Blue,S,,149938,1,0,0,0,1,0.0,0.0,0.0,0.0,0.0,0.0,0.0,,ADIDAS,0.0,0.0,,,,,,,Tops,False,1.0,True,0.0,,True,True,False,1.0,,,,,0.0,1.0,11/07/25 2:07:18 PM,
1.0,ADIDAS,Licensed,Apparel,Jerseys,AFA_26_H_CR_W_JSY,AFA H Cropped Wmn JSY ,KE5982,Blu,Blue,M,,149939,0,0,0,0,0,0.0,0.0,0.0,0.0,0.0,0.0,0.0,,ADIDAS,0.0,0.0,,,,,,,Tops,False,1.0,True,0.0,,True,True,False,1.0,,,,,0.0,0.0,,
1.0,ADIDAS,Licensed,Apparel,Jerseys,AFA_26_H_CR_W_JSY,AFA H Cropped Wmn JSY ,KE5982,Blu,Blue,L,,149940,0,0,0,0,0,0.0,0.0,0.0,0.0,0.0,0.0,0.0,,ADIDAS,0.0,0.0,,,,,,,Tops,False,1.0,True,0.0,,True,True,False,1.0,,,,,0.0,0.0,,
1.0,ADIDAS,Licensed,Apparel,Jerseys,AFA_26_H_CR_W_JSY,AFA H Cropped Wmn JSY ,KE5982,Blu,Blue,XL,,149941,0,0,0,0,0,0.0,0.0,0.0,0.0,0.0,0.0,0.0,,ADIDAS,0.0,0.0,,,,,,,Tops,False,1.0,True,0.0,,True,True,False,1.0,,,,,0.0,0.0,,
1.0,ADIDAS,Licensed,Apparel,Jerseys,AFA_26_H_CR_W_JSY,AFA H Cropped Wmn JSY ,KE5982,Blu,Blue,XXL,,149942,0,0,0,0,0,0.0,0.0,0.0,0.0,0.0,0.0,0.0,,ADIDAS,0.0,0.0,,,,,,,Tops,False,1.0,True,0.0,,True,True,False,1.0,,,,,0.0,0.0,,
1.0,ADIDAS,Licensed,Apparel,Jerseys,AFA_26_H_CR_W_JSY,AFA H Cropped Wmn JSY ,KE5982,Blu,Blue,XXXL,,149943,0,0,0,0,0,0.0,0.0,0.0,0.0,0.0,0.0,0.0,,ADIDAS,0.0,0.0,,,,,,,Tops,False,1.0,True,0.0,,True,True,False,1.0,,,,,0.0,0.0,,
1.0,ADIDAS,Licensed,Apparel,Jerseys,DFB_26_H_JSY_Y,Germany  Home Jersey Y,JZ4560,WHT,White,XXS,,149944,0,0,0,0,0,47.0,0.0,100.0,0.0,100.0,0.0,0.0,,ADIDAS,0.0,0.0,,,,,,,Tops,False,1.0,True,0.0,,True,True,False,1.0,,,,,0.0,0.0,,
1.0,ADIDAS,Licensed,Apparel,Jerseys,DFB_26_H_JSY_Y,Germany  Home Jersey Y,JZ4560,WHT,White,XS,,149945,0,0,0,0,0,47.0,0.0,100.0,0.0,100.0,0.0,0.0,,ADIDAS,0.0,0.0,,,,,,,Tops,False,1.0,True,0.0,,True,True,False,1.0,,,,,0.0,0.0,,
1.0,ADIDAS,Licensed,Apparel,Jerseys,DFB_26_H_JSY_Y,Germany  Home Jersey Y,JZ4560,WHT,White,S,,149946,0,0,0,0,0,47.0,0.0,100.0,0.0,100.0,0.0,0.0,,ADIDAS,0.0,0.0,,,,,,,Tops,False,1.0,True,0.0,,True,True,False,1.0,,,,,0.0,0.0,,
1.0,ADIDAS,Licensed,Apparel,Jerseys,DFB_26_H_JSY_Y,Germany  Home Jersey Y,JZ4560,WHT,White,M,,149947,1,0,0,0,1,47.0,47.0,100.0,100.0,100.0,100.0,0.0,,ADIDAS,0.0,0.0,,,,,,,Tops,False,1.0,True,0.0,,True,True,False,1.0,,,,,1.0,2.0,11/07/25 2:13:52 PM,
1.0,ADIDAS,Licensed,Apparel,Jerseys,DFB_26_H_JSY_Y,Germany  Home Jersey Y,JZ4560,WHT,White,L,,149948,1,0,0,0,1,47.0,47.0,100.0,100.0,100.0,100.0,0.0,,ADIDAS,0.0,0.0,,,,,,,Tops,False,1.0,True,0.0,,True,True,False,1.0,,,,,1.0,2.0,11/07/25 2:13:53 PM,
1.0,ADIDAS,Licensed,Apparel,Jerseys,DFB_26_H_JSY_Y,Germany  Home Jersey Y,JZ4560,WHT,White,XL,,149949,2,0,0,0,2,47.0,94.0,100.0,200.0,100.0,200.0,0.0,,ADIDAS,0.0,0.0,,,,,,,Tops,False,1.0,True,0.0,,True,True,False,1.0,,,,,0.0,1.0,1/13/26 11:35:07 AM,
1.0,ADIDAS,Licensed,Apparel,Jerseys,DFB_26_H_JSY_Y,Germany  Home Jersey Y,JZ4560,WHT,White,XXL,,149950,0,0,0,0,0,47.0,0.0,100.0,0.0,100.0,0.0,0.0,,ADIDAS,0.0,0.0,,,,,,,Tops,False,1.0,True,0.0,,True,True,False,1.0,,,,,0.0,0.0,,
1.0,ADIDAS,Licensed,Apparel,Jerseys,DFB_26_H_JSY_Y,Germany  Home Jersey Y,JZ4560,WHT,White,XXXL,,149951,0,0,0,0,0,47.0,0.0,100.0,0.0,100.0,0.0,0.0,,ADIDAS,0.0,0.0,,,,,,,Tops,False,1.0,True,0.0,,True,True,False,1.0,,,,,0.0,0.0,,
1.0,ADIDAS,Licensed,Apparel,Jerseys,UAF_26_H_JSY,Ukraine H JSY,JZ4622,YEL,Yellow,XXS,,149952,0,0,0,0,0,56.4,0.0,120.0,0.0,120.0,0.0,0.0,,ADIDAS,0.0,0.0,,,,,,,Tops,False,1.0,True,0.0,,True,True,False,1.0,,,,,0.0,0.0,,
1.0,ADIDAS,Licensed,Apparel,Jerseys,UAF_26_H_JSY,Ukraine H JSY,JZ4622,YEL,Yellow,XS,,149953,0,0,0,0,0,56.4,0.0,120.0,0.0,120.0,0.0,0.0,,ADIDAS,0.0,0.0,,,,,,,Tops,False,1.0,True,0.0,,True,True,False,1.0,,,,,0.0,0.0,,
1.0,ADIDAS,Licensed,Apparel,Jerseys,UAF_26_H_JSY,Ukraine H JSY,JZ4622,YEL,Yellow,S,,149954,2,0,0,0,2,56.4,112.8,120.0,240.0,120.0,240.0,0.0,,ADIDAS,0.0,0.0,,,,,,,Tops,False,1.0,True,0.0,,True,True,False,1.0,,,,,1.0,3.0,11/07/25 2:16:44 PM,
1.0,ADIDAS,Licensed,Apparel,Jerseys,UAF_26_H_JSY,Ukraine H JSY,JZ4622,YEL,Yellow,M,,149955,1,0,0,0,1,56.4,56.4,120.0,120.0,120.0,120.0,0.0,,ADIDAS,0.0,0.0,,,,,,,Tops,False,1.0,True,0.0,,True,True,False,1.0,,,,,2.0,3.0,11/07/25 2:16:44 PM,
1.0,ADIDAS,Licensed,Apparel,Jerseys,UAF_26_H_JSY,Ukraine H JSY,JZ4622,YEL,Yellow,L,,149956,2,0,0,0,2,56.4,112.8,120.0,240.0,120.0,240.0,0.0,,ADIDAS,0.0,0.0,,,,,,,Tops,False,1.0,True,0.0,,True,True,False,1.0,,,,,1.0,3.0,11/07/25 2:16:44 PM,
1.0,ADIDAS,Licensed,Apparel,Jerseys,UAF_26_H_JSY,Ukraine H JSY,JZ4622,YEL,Yellow,XL,,149957,1,0,0,0,1,56.4,56.4,120.0,120.0,120.0,120.0,0.0,,ADIDAS,0.0,0.0,,,,,,,Tops,False,1.0,True,0.0,,True,True,False,1.0,,,,,1.0,2.0,11/07/25 2:16:44 PM,
1.0,ADIDAS,Licensed,Apparel,Jerseys,UAF_26_H_JSY,Ukraine H JSY,JZ4622,YEL,Yellow,XXL,,149958,1,0,0,0,1,56.4,56.4,120.0,120.0,120.0,120.0,0.0,,ADIDAS,0.0,0.0,,,,,,,Tops,False,1.0,True,0.0,,True,True,False,1.0,,,,,0.0,1.0,11/07/25 2:16:44 PM,
1.0,ADIDAS,Licensed,Apparel,Jerseys,UAF_26_H_JSY,Ukraine H JSY,JZ4622,YEL,Yellow,XXXL,,149959,0,0,0,0,0,56.4,0.0,120.0,0.0,120.0,0.0,0.0,,ADIDAS,0.0,0.0,,,,,,,Tops,False,1.0,True,0.0,,True,True,False,1.0,,,,,0.0,0.0,,
1.0,ADIDAS,Licensed,Apparel,Jerseys,FIGC_26_H_JSY_W,Italy H JSY Women,JY7586,BLU,Blue,L,,149970,0,0,0,0,0,56.4,0.0,120.0,0.0,120.0,0.0,0.0,,ADIDAS,0.0,0.0,,,,,,,Tops,False,1.0,True,0.0,,True,True,False,1.0,,,,,0.0,0.0,,
1.0,ADIDAS,Licensed,Apparel,Jerseys,FIGC_26_H_JSY_W,Italy H JSY Women,JY7586,BLU,Blue,XL,,149971,0,0,0,0,0,56.4,0.0,120.0,0.0,120.0,0.0,0.0,,ADIDAS,0.0,0.0,,,,,,,Tops,False,1.0,True,0.0,,True,True,False,1.0,,,,,0.0,0.0,,
1.0,ADIDAS,Licensed,Apparel,Jerseys,FIGC_26_H_JSY_W,Italy H JSY Women,JY7586,BLU,Blue,XXL,,149972,0,0,0,0,0,56.4,0.0,120.0,0.0,120.0,0.0,0.0,,ADIDAS,0.0,0.0,,,,,,,Tops,False,1.0,True,0.0,,True,True,False,1.0,,,,,0.0,0.0,,
1.0,ADIDAS,Licensed,Apparel,Jerseys,FIGC_26_H_JSY_W,Italy H JSY Women,JY7586,BLU,Blue,XXXL,,149973,0,0,0,0,0,56.4,0.0,120.0,0.0,120.0,0.0,0.0,,ADIDAS,0.0,0.0,,,,,,,Tops,False,1.0,True,0.0,,True,True,False,1.0,,,,,0.0,0.0,,
1.0,ADIDAS,Licensed,Apparel,KITS,FIGC_26_H_BABY_KIT,Italy H Baby Kit,JY7583,BLU,Blue,0-3,,149974,0,0,0,0,0,37.6,0.0,80.0,0.0,80.0,0.0,0.0,,ADIDAS,0.0,0.0,,,,,,,Baby,False,1.0,True,0.0,,True,True,False,1.0,,,,,0.0,0.0,,
1.0,ADIDAS,Licensed,Apparel,KITS,FIGC_26_H_BABY_KIT,Italy H Baby Kit,JY7583,BLU,Blue,3-6,,149975,0,0,0,0,0,37.6,0.0,80.0,0.0,80.0,0.0,0.0,,ADIDAS,0.0,0.0,,,,,,,Baby,False,1.0,True,0.0,,True,True,False,1.0,,,,,0.0,0.0,,
1.0,ADIDAS,Licensed,Apparel,KITS,FIGC_26_H_BABY_KIT,Italy H Baby Kit,JY7583,BLU,Blue,6-9,,149976,0,0,0,0,0,37.6,0.0,80.0,0.0,80.0,0.0,0.0,,ADIDAS,0.0,0.0,,,,,,,Baby,False,1.0,True,0.0,,True,True,False,1.0,,,,,0.0,0.0,,
1.0,ADIDAS,Licensed,Apparel,KITS,FIGC_26_H_BABY_KIT,Italy H Baby Kit,JY7583,BLU,Blue,12M,,149977,2,0,0,0,2,37.6,75.2,80.0,160.0,80.0,160.0,0.0,,ADIDAS,0.0,0.0,,,,,,,Baby,False,1.0,True,0.0,,True,True,False,1.0,,,,,0.0,2.0,11/07/25 2:23:13 PM,
1.0,ADIDAS,Licensed,Apparel,KITS,FIGC_26_H_BABY_KIT,Italy H Baby Kit,JY7583,BLU,Blue,18M,,149978,0,0,0,0,0,37.6,0.0,80.0,0.0,80.0,0.0,0.0,,ADIDAS,0.0,0.0,,,,,,,Baby,False,1.0,True,0.0,,True,True,False,1.0,,,,,0.0,0.0,,
1.0,ADIDAS,Licensed,Apparel,KITS,FIGC_26_H_BABY_KIT,Italy H Baby Kit,JY7583,BLU,Blue,2T,,149979,0,0,0,0,0,37.6,0.0,80.0,0.0,80.0,0.0,0.0,,ADIDAS,0.0,0.0,,,,,,,Baby,False,1.0,True,0.0,,True,True,False,1.0,,,,,0.0,0.0,,
1.0,ADIDAS,Licensed,ACCESSORIES,Balls,AFA_26_CLB_BALL,Argentina Ball,JY0304,BLU,Blue,1,,149984,0,0,0,0,0,16.75,0.0,35.0,0.0,35.0,0.0,0.0,,ADIDAS,0.0,0.0,,,,,,,Balls,False,1.0,True,0.0,,True,True,False,1.0,,,,,0.0,0.0,,
1.0,ADIDAS,Licensed,ACCESSORIES,Balls,AFA_26_CLB_BALL,Argentina Ball,JY0304,BLU,Blue,2,,149985,0,0,0,0,0,16.75,0.0,35.0,0.0,35.0,0.0,0.0,,ADIDAS,0.0,0.0,,,,,,,Balls,False,1.0,True,0.0,,True,True,False,1.0,,,,,0.0,0.0,,
1.0,ADIDAS,Licensed,ACCESSORIES,Balls,AFA_26_CLB_BALL,Argentina Ball,JY0304,BLU,Blue,3,,149986,0,0,0,0,0,16.75,0.0,35.0,0.0,35.0,0.0,0.0,,ADIDAS,0.0,0.0,,,,,,,Balls,False,1.0,True,0.0,,True,True,False,1.0,,,,,0.0,0.0,,
1.0,ADIDAS,Licensed,ACCESSORIES,Balls,AFA_26_CLB_BALL,Argentina Ball,JY0304,BLU,Blue,4,,149987,0,0,0,0,0,16.75,0.0,35.0,0.0,35.0,0.0,0.0,,ADIDAS,0.0,0.0,,,,,,,Balls,False,1.0,True,0.0,,True,True,False,1.0,,,,,0.0,0.0,,
1.0,ADIDAS,Licensed,ACCESSORIES,Balls,AFA_26_CLB_BALL,Argentina Ball,JY0304,BLU,Blue,5,,149988,1,0,0,0,1,16.75,16.75,35.0,35.0,35.0,35.0,0.0,,ADIDAS,0.0,0.0,,,,,,,Balls,False,1.0,True,0.0,,True,True,False,1.0,,,,,1.0,2.0,11/07/25 2:26:06 PM,
1.0,ADIDAS,Licensed,ACCESSORIES,Balls,FIGC_26_CLB_BALL,Italy Ball,JY0248,BLU,Blue,1,,149989,0,0,0,0,0,16.75,0.0,35.0,0.0,35.0,0.0,0.0,,ADIDAS,0.0,0.0,,,,,,,Balls,False,1.0,True,0.0,,True,True,False,1.0,,,,,0.0,0.0,,
1.0,ADIDAS,Licensed,ACCESSORIES,Balls,FIGC_26_CLB_BALL,Italy Ball,JY0248,BLU,Blue,2,,149990,0,0,0,0,0,16.75,0.0,35.0,0.0,35.0,0.0,0.0,,ADIDAS,0.0,0.0,,,,,,,Balls,False,1.0,True,0.0,,True,True,False,1.0,,,,,0.0,0.0,,
1.0,ADIDAS,Licensed,ACCESSORIES,Balls,FIGC_26_CLB_BALL,Italy Ball,JY0248,BLU,Blue,3,,149991,0,0,0,0,0,16.75,0.0,35.0,0.0,35.0,0.0,0.0,,ADIDAS,0.0,0.0,,,,,,,Balls,False,1.0,True,0.0,,True,True,False,1.0,,,,,0.0,0.0,,
1.0,ADIDAS,Licensed,ACCESSORIES,Balls,FIGC_26_CLB_BALL,Italy Ball,JY0248,BLU,Blue,4,,149992,0,0,0,0,0,16.75,0.0,35.0,0.0,35.0,0.0,0.0,,ADIDAS,0.0,0.0,,,,,,,Balls,False,1.0,True,0.0,,True,True,False,1.0,,,,,0.0,0.0,,
1.0,ADIDAS,Licensed,ACCESSORIES,Balls,FIGC_26_CLB_BALL,Italy Ball,JY0248,BLU,Blue,5,,149993,2,0,0,0,2,16.75,33.5,35.0,70.0,35.0,70.0,0.0,,ADIDAS,0.0,0.0,,,,,,,Balls,False,1.0,True,0.0,,True,True,False,1.0,,,,,0.0,2.0,11/07/25 2:26:52 PM,
1.0,ADIDAS,Licensed,ACCESSORIES,Balls,DFB_26_CLB_BALL,Germany Ball,JY0242,WHT,White,1,,149994,0,0,0,0,0,16.75,0.0,35.0,0.0,35.0,0.0,0.0,,ADIDAS,0.0,0.0,,,,,,,Balls,False,1.0,True,0.0,,True,True,False,1.0,,,,,0.0,0.0,,
1.0,ADIDAS,Licensed,ACCESSORIES,Balls,DFB_26_CLB_BALL,Germany Ball,JY0242,WHT,White,2,,149995,0,0,0,0,0,16.75,0.0,35.0,0.0,35.0,0.0,0.0,,ADIDAS,0.0,0.0,,,,,,,Balls,False,1.0,True,0.0,,True,True,False,1.0,,,,,0.0,0.0,,
1.0,ADIDAS,Licensed,ACCESSORIES,Balls,DFB_26_CLB_BALL,Germany Ball,JY0242,WHT,White,3,,149996,0,0,0,0,0,16.75,0.0,35.0,0.0,35.0,0.0,0.0,,ADIDAS,0.0,0.0,,,,,,,Balls,False,1.0,True,0.0,,True,True,False,1.0,,,,,0.0,0.0,,
1.0,ADIDAS,Licensed,ACCESSORIES,Balls,DFB_26_CLB_BALL,Germany Ball,JY0242,WHT,White,4,,149997,0,0,0,0,0,16.75,0.0,35.0,0.0,35.0,0.0,0.0,,ADIDAS,0.0,0.0,,,,,,,Balls,False,1.0,True,0.0,,True,True,False,1.0,,,,,0.0,0.0,,
1.0,ADIDAS,Licensed,ACCESSORIES,Balls,DFB_26_CLB_BALL,Germany Ball,JY0242,WHT,White,5,,149998,1,0,0,0,1,16.75,16.75,35.0,35.0,35.0,35.0,0.0,,ADIDAS,0.0,0.0,,,,,,,Balls,False,1.0,True,0.0,,True,True,False,1.0,,,,,0.0,1.0,11/07/25 2:27:44 PM,
1.0,NIKE,Licensed,Apparel,Jerseys,CANADA_26_GK_JSY,Canada GK Jersey,IO0791,BLK,Black,XS,,150018,0,0,0,0,0,56.4,0.0,120.0,0.0,120.0,0.0,0.0,,NIKE,0.0,0.0,,,,,,,Tops,False,1.0,True,0.0,,True,True,False,1.0,,,,,0.0,0.0,,
1.0,NIKE,Licensed,Apparel,Hoody,CANADA_26_FLC_HOODY,Canada Fleece Hoody,M31233,RED,Red,XXS,,150047,0,0,0,0,0,51.7,0.0,110.0,0.0,110.0,0.0,0.0,,NIKE,0.0,0.0,,,,,,,Tops,False,1.0,True,0.0,,True,True,False,1.0,,,,,0.0,0.0,,
1.0,NIKE,Licensed,Apparel,Hoody,CANADA_26_FLC_HOODY,Canada Fleece Hoody,M31233,RED,Red,XS,,150048,0,0,0,0,0,51.7,0.0,110.0,0.0,110.0,0.0,0.0,,NIKE,0.0,0.0,,,,,,,Tops,False,1.0,True,0.0,,True,True,False,1.0,,,,,0.0,0.0,,
1.0,NIKE,Licensed,Apparel,Hoody,CANADA_26_FLC_HOODY,Canada Fleece Hoody,M31233,RED,Red,S,,150049,1,0,0,0,1,51.7,51.7,110.0,110.0,110.0,110.0,0.0,,NIKE,0.0,0.0,,,,,,,Tops,False,1.0,True,0.0,,True,True,False,1.0,,,,,0.0,1.0,12/01/25 11:57:13 AM,
1.0,NIKE,Licensed,Apparel,Hoody,CANADA_26_FLC_HOODY,Canada Fleece Hoody,M31233,RED,Red,M,,150050,-1,0,0,0,-1,51.7,-51.7,110.0,-110.0,110.0,-110.0,0.0,,NIKE,0.0,0.0,,,,,,,Tops,False,1.0,True,0.0,,True,True,False,1.0,,,,,3.0,2.0,12/01/25 11:57:14 AM,
1.0,NIKE,Licensed,Apparel,Hoody,CANADA_26_FLC_HOODY,Canada Fleece Hoody,M31233,RED,Red,L,,150051,1,0,0,0,1,51.7,51.7,110.0,110.0,110.0,110.0,0.0,,NIKE,0.0,0.0,,,,,,,Tops,False,1.0,True,0.0,,True,True,False,1.0,,,,,0.0,1.0,12/01/25 11:57:14 AM,
1.0,NIKE,Licensed,Apparel,Hoody,CANADA_26_FLC_HOODY,Canada Fleece Hoody,M31233,RED,Red,XL,,150052,0,0,0,0,0,51.7,0.0,110.0,0.0,110.0,0.0,0.0,,NIKE,0.0,0.0,,,,,,,Tops,False,1.0,True,0.0,,True,True,False,1.0,,,,,0.0,0.0,,
1.0,NIKE,Licensed,Apparel,Hoody,CANADA_26_FLC_HOODY,Canada Fleece Hoody,M31233,RED,Red,XXL,,150053,0,0,0,0,0,51.7,0.0,110.0,0.0,110.0,0.0,0.0,,NIKE,0.0,0.0,,,,,,,Tops,False,1.0,True,0.0,,True,True,False,1.0,,,,,0.0,0.0,,
1.0,NIKE,Licensed,Apparel,Hoody,CANADA_26_FLC_HOODY,Canada Fleece Hoody,M31233,RED,Red,XXXL,,150054,0,0,0,0,0,51.7,0.0,110.0,0.0,110.0,0.0,0.0,,NIKE,0.0,0.0,,,,,,,Tops,False,1.0,True,0.0,,True,True,False,1.0,,,,,0.0,0.0,,
1.0,NIKE,Licensed,Apparel,Jerseys,FCB_25_A_JSY,FC Barcelona Away Jersey,HJ4603,BGE,Biege,XS,,148691,0,0,0,0,0,52.32,0.0,115.0,0.0,115.0,0.0,0.0,,NIKE,0.0,0.0,,,,,,,Tops,False,1.0,True,0.0,,True,True,False,1.0,,,,,0.0,0.0,,
1.0,NIKE,Licensed,Apparel,Jerseys,FCB_25_A_JSY,FC Barcelona Away Jersey,HJ4603,BGE,Biege,S,,148692,2,0,0,0,2,52.32,104.64,115.0,230.0,115.0,230.0,0.0,,NIKE,0.0,0.0,,,,,,,Tops,False,1.0,True,0.0,,True,True,False,1.0,,,,,1.0,1.0,10/23/25 1:26:17 PM,
1.0,NIKE,Licensed,Apparel,Jerseys,FCB_25_A_JSY,FC Barcelona Away Jersey,HJ4603,BGE,Biege,M,,148693,2,0,0,0,2,52.32,104.64,115.0,230.0,115.0,230.0,0.0,,NIKE,0.0,0.0,,,,,,,Tops,False,1.0,True,0.0,,True,True,False,1.0,,,,,0.0,2.0,10/08/25 2:50:38 PM,
1.0,NIKE,Licensed,Apparel,Jerseys,FCB_25_A_JSY,FC Barcelona Away Jersey,HJ4603,BGE,Biege,L,,148694,1,0,0,0,1,52.32,52.32,115.0,115.0,115.0,115.0,0.0,,NIKE,0.0,0.0,,,,,,,Tops,False,1.0,True,0.0,,True,True,False,1.0,,,,,1.0,2.0,10/08/25 2:50:38 PM,
1.0,NIKE,Licensed,Apparel,Jerseys,FCB_25_A_JSY,FC Barcelona Away Jersey,HJ4603,BGE,Biege,XL,,148695,2,0,0,0,2,52.32,104.64,115.0,230.0,115.0,230.0,0.0,,NIKE,0.0,0.0,,,,,,,Tops,False,1.0,True,0.0,,True,True,False,1.0,,,,,0.0,2.0,10/08/25 2:50:38 PM,
1.0,NIKE,Licensed,Apparel,Jerseys,FCB_25_A_JSY,FC Barcelona Away Jersey,HJ4603,BGE,Biege,XXL,,148696,0,0,0,0,0,52.32,0.0,115.0,0.0,115.0,0.0,0.0,,NIKE,0.0,0.0,,,,,,,Tops,False,1.0,True,0.0,,True,True,False,1.0,,,,,0.0,0.0,,
1.0,NIKE,Licensed,Apparel,Jerseys,FCB_25_A_JSY,FC Barcelona Away Jersey,HJ4603,BGE,Biege,XXXL,,148697,0,0,0,0,0,52.32,0.0,115.0,0.0,115.0,0.0,0.0,,NIKE,0.0,0.0,,,,,,,Tops,False,1.0,True,0.0,,True,True,False,1.0,,,,,0.0,0.0,,
1.0,NIKE,Licensed,Apparel,Jerseys,FCB_25_3RD_JSY,FC Barcelona 3rd Jersey,HM3201,ORG,Orange,XS,,148731,0,0,0,0,0,52.32,0.0,115.0,0.0,115.0,0.0,0.0,,NIKE,0.0,0.0,,,,,,,Tops,False,1.0,True,0.0,,True,True,False,1.0,,,,,0.0,0.0,,
1.0,NIKE,Licensed,Apparel,Jerseys,FCB_25_3RD_JSY,FC Barcelona 3rd Jersey,HM3201,ORG,Orange,S,,148732,1,0,0,0,1,52.32,52.32,115.0,115.0,115.0,115.0,0.0,,NIKE,0.0,0.0,,,,,,,Tops,False,1.0,True,0.0,,True,True,False,1.0,,,,,1.0,2.0,10/09/25 3:17:32 PM,
1.0,NIKE,Licensed,Apparel,Jerseys,FCB_25_3RD_JSY,FC Barcelona 3rd Jersey,HM3201,ORG,Orange,M,,148733,2,0,0,0,2,52.32,104.64,115.0,230.0,115.0,230.0,0.0,,NIKE,0.0,0.0,,,,,,,Tops,False,1.0,True,0.0,,True,True,False,1.0,,,,,0.0,1.0,10/22/25 12:12:51 PM,
1.0,NIKE,Licensed,Apparel,Jerseys,FCB_25_3RD_JSY,FC Barcelona 3rd Jersey,HM3201,ORG,Orange,L,,148734,1,0,0,0,1,52.32,52.32,115.0,115.0,115.0,115.0,0.0,,NIKE,0.0,0.0,,,,,,,Tops,False,1.0,True,0.0,,True,True,False,1.0,,,,,0.0,1.0,10/09/25 3:17:33 PM,
1.0,NIKE,Licensed,Apparel,Jerseys,FCB_25_3RD_JSY,FC Barcelona 3rd Jersey,HM3201,ORG,Orange,XL,,148735,0,0,0,0,0,52.32,0.0,115.0,0.0,115.0,0.0,0.0,,NIKE,0.0,0.0,,,,,,,Tops,False,1.0,True,0.0,,True,True,False,1.0,,,,,0.0,0.0,,
1.0,NIKE,Licensed,Apparel,Jerseys,FCB_25_3RD_JSY,FC Barcelona 3rd Jersey,HM3201,ORG,Orange,XXL,,148736,0,0,0,0,0,52.32,0.0,115.0,0.0,115.0,0.0,0.0,,NIKE,0.0,0.0,,,,,,,Tops,False,1.0,True,0.0,,True,True,False,1.0,,,,,0.0,0.0,,
1.0,NIKE,Licensed,Apparel,Jerseys,FCB_25_3RD_JSY,FC Barcelona 3rd Jersey,HM3201,ORG,Orange,XXXL,,148737,0,0,0,0,0,52.32,0.0,115.0,0.0,115.0,0.0,0.0,,NIKE,0.0,0.0,,,,,,,Tops,False,1.0,True,0.0,,True,True,False,1.0,,,,,0.0,0.0,,
1.0,NIKE,Licensed,Apparel,Jerseys,FCB_25_3RD_JSY_Y,FC Barcelona 3rd Jersey Youth,HM4122,ORG,Orange,Y2XS,,148738,0,0,0,0,0,43.22,0.0,95.0,0.0,95.0,0.0,0.0,,NIKE,0.0,0.0,,,,,,,Tops_Youth,False,1.0,True,0.0,,True,True,False,1.0,,,,,0.0,0.0,,
1.0,NIKE,Licensed,Apparel,Jerseys,FCB_25_3RD_JSY_Y,FC Barcelona 3rd Jersey Youth,HM4122,ORG,Orange,YXS,,148739,0,0,0,0,0,43.22,0.0,95.0,0.0,95.0,0.0,0.0,,NIKE,0.0,0.0,,,,,,,Tops_Youth,False,1.0,True,0.0,,True,True,False,1.0,,,,,0.0,0.0,,
1.0,NIKE,Licensed,Apparel,Jerseys,FCB_25_3RD_JSY_Y,FC Barcelona 3rd Jersey Youth,HM4122,ORG,Orange,YS,,148740,1,0,0,0,1,43.22,43.22,95.0,95.0,95.0,95.0,0.0,,NIKE,0.0,0.0,,,,,,,Tops_Youth,False,1.0,True,0.0,,True,True,False,1.0,,,,,0.0,1.0,10/09/25 3:19:11 PM,
1.0,NIKE,Licensed,Apparel,Jerseys,FCB_25_3RD_JSY_Y,FC Barcelona 3rd Jersey Youth,HM4122,ORG,Orange,YM,,148741,0,0,0,0,0,43.22,0.0,95.0,0.0,95.0,0.0,0.0,,NIKE,0.0,0.0,,,,,,,Tops_Youth,False,1.0,True,0.0,,True,True,False,1.0,,,,,2.0,2.0,10/09/25 3:19:11 PM,
1.0,NIKE,Licensed,Apparel,Jerseys,FCB_25_3RD_JSY_Y,FC Barcelona 3rd Jersey Youth,HM4122,ORG,Orange,YL,,148742,0,0,0,0,0,43.22,0.0,95.0,0.0,95.0,0.0,0.0,,NIKE,0.0,0.0,,,,,,,Tops_Youth,False,1.0,True,0.0,,True,True,False,1.0,,,,,2.0,2.0,10/09/25 3:19:11 PM,
1.0,NIKE,Licensed,Apparel,Jerseys,FCB_25_3RD_JSY_Y,FC Barcelona 3rd Jersey Youth,HM4122,ORG,Orange,YXL,,148743,0,0,0,0,0,43.22,0.0,95.0,0.0,95.0,0.0,0.0,,NIKE,0.0,0.0,,,,,,,Tops_Youth,False,1.0,True,0.0,,True,True,False,1.0,,,,,1.0,1.0,10/09/25 3:19:11 PM,
1.0,ADIDAS,Licensed,Apparel,Jacket,FIGC_125_JKT,Italy 125 Jacket,HY5437,WHT,White,XS,,135651,0,0,0,0,0,61.6,0.0,130.0,0.0,130.0,0.0,0.0,,ADIDAS,0.0,0.0,,,,,,,Tops,False,1.0,True,0.0,,True,True,False,1.0,,,,,0.0,0.0,,
1.0,ADIDAS,Licensed,Apparel,Jacket,FIGC_125_JKT,Italy 125 Jacket,HY5437,WHT,White,S,,135652,0,0,0,0,0,61.6,0.0,130.0,0.0,130.0,0.0,0.0,,ADIDAS,0.0,0.0,,,,,,,Tops,False,1.0,True,0.0,,True,True,False,1.0,,,,,0.0,0.0,,
1.0,ADIDAS,Licensed,Apparel,Jacket,FIGC_125_JKT,Italy 125 Jacket,HY5437,WHT,White,M,,135653,0,0,0,0,0,61.6,0.0,130.0,0.0,130.0,0.0,0.0,,ADIDAS,0.0,0.0,,,,,,,Tops,False,1.0,True,0.0,,True,True,False,1.0,,,,,1.0,1.0,5/20/23 11:27:44 AM,
1.0,ADIDAS,Licensed,Apparel,Jacket,FIGC_125_JKT,Italy 125 Jacket,HY5437,WHT,White,L,,135654,0,0,0,0,0,61.6,0.0,130.0,0.0,130.0,0.0,0.0,,ADIDAS,0.0,0.0,,,,,,,Tops,False,1.0,True,0.0,,True,True,False,1.0,,,,,1.0,1.0,5/20/23 11:27:44 AM,
1.0,ADIDAS,Licensed,Apparel,Jacket,FIGC_125_JKT,Italy 125 Jacket,HY5437,WHT,White,XL,,135655,0,0,0,0,0,61.6,0.0,130.0,0.0,130.0,0.0,0.0,,ADIDAS,0.0,0.0,,,,,,,Tops,False,1.0,True,0.0,,True,True,False,1.0,,,,,0.0,0.0,,
1.0,ADIDAS,Licensed,Apparel,Jacket,FIGC_125_JKT,Italy 125 Jacket,HY5437,WHT,White,XXL,,135656,0,0,0,0,0,61.6,0.0,130.0,0.0,130.0,0.0,0.0,,ADIDAS,0.0,0.0,,,,,,,Tops,False,1.0,True,0.0,,True,True,False,1.0,,,,,0.0,0.0,,
1.0,ADIDAS,Licensed,Apparel,Jacket,FIGC_125_JKT,Italy 125 Jacket,HY5437,WHT,White,XXXL,,135657,0,0,0,0,0,61.6,0.0,130.0,0.0,130.0,0.0,0.0,,ADIDAS,0.0,0.0,,,,,,,Tops,False,1.0,True,0.0,,True,True,False,1.0,,,,,0.0,0.0,,
1.0,NIKE,Licensed,Apparel,KITS,FCB_25_H_KIT_Y,FCB Home Kt Y,HJ5619,RED,Red,Y2XS,,148905,0,0,0,0,0,47.0,0.0,100.0,0.0,100.0,0.0,0.0,,NIKE,0.0,0.0,,,,,,,Tops_Youth,False,1.0,True,0.0,,True,True,False,1.0,,,,,0.0,0.0,,
1.0,NIKE,Licensed,Apparel,KITS,FCB_25_H_KIT_Y,FCB Home Kt Y,HJ5619,RED,Red,YXS,,148906,0,0,0,0,0,47.0,0.0,100.0,0.0,100.0,0.0,0.0,,NIKE,0.0,0.0,,,,,,,Tops_Youth,False,1.0,True,0.0,,True,True,False,1.0,,,,,0.0,0.0,,
1.0,NIKE,Licensed,Apparel,KITS,FCB_25_H_KIT_Y,FCB Home Kt Y,HJ5619,RED,Red,YS,,148907,0,0,0,0,0,47.0,0.0,100.0,0.0,100.0,0.0,0.0,,NIKE,0.0,0.0,,,,,,,Tops_Youth,False,1.0,True,0.0,,True,True,False,1.0,,,,,0.0,0.0,,
1.0,NIKE,Licensed,Apparel,KITS,FCB_25_H_KIT_Y,FCB Home Kt Y,HJ5619,RED,Red,YM,,148908,1,0,0,0,1,47.0,47.0,100.0,100.0,100.0,100.0,0.0,,NIKE,0.0,0.0,,,,,,,Tops_Youth,False,1.0,True,0.0,,True,True,False,1.0,,,,,1.0,2.0,10/14/25 1:04:41 PM,
1.0,NIKE,Licensed,Apparel,KITS,FCB_25_H_KIT_Y,FCB Home Kt Y,HJ5619,RED,Red,YL,,148909,2,0,0,0,2,47.0,94.0,100.0,200.0,100.0,200.0,0.0,,NIKE,0.0,0.0,,,,,,,Tops_Youth,False,1.0,True,0.0,,True,True,False,1.0,,,,,0.0,2.0,10/14/25 1:04:42 PM,
1.0,NIKE,Licensed,Apparel,KITS,FCB_25_H_KIT_Y,FCB Home Kt Y,HJ5619,RED,Red,YXL,,148910,0,0,0,0,0,47.0,0.0,100.0,0.0,100.0,0.0,0.0,,NIKE,0.0,0.0,,,,,,,Tops_Youth,False,1.0,True,0.0,,True,True,False,1.0,,,,,1.0,1.0,10/14/25 1:04:42 PM,
1.0,NIKE,Licensed,Apparel,Jerseys,FCB_25_H_DRFIT_JSY_Y,FCB Dri-Fit Jsy Y,HJ7831,RED,Red,Y2XS,,148911,0,0,0,0,0,23.5,0.0,50.0,0.0,50.0,0.0,0.0,,NIKE,0.0,0.0,,,,,,,Tops_Youth,False,1.0,True,0.0,,True,True,False,1.0,,,,,0.0,0.0,,
1.0,NIKE,Licensed,Apparel,Jerseys,FCB_25_H_DRFIT_JSY_Y,FCB Dri-Fit Jsy Y,HJ7831,RED,Red,YXS,,148912,2,0,0,0,2,23.5,47.0,50.0,100.0,50.0,100.0,0.0,,NIKE,0.0,0.0,,,,,,,Tops_Youth,False,1.0,True,0.0,,True,True,False,1.0,,,,,0.0,2.0,10/14/25 1:10:59 PM,
1.0,NIKE,Licensed,Apparel,Jerseys,FCB_25_H_DRFIT_JSY_Y,FCB Dri-Fit Jsy Y,HJ7831,RED,Red,YS,,148913,3,0,0,0,3,23.5,70.5,50.0,150.0,50.0,150.0,0.0,,NIKE,0.0,0.0,,,,,,,Tops_Youth,False,1.0,True,0.0,,True,True,False,1.0,,,,,0.0,3.0,10/14/25 1:10:59 PM,
1.0,NIKE,Licensed,Apparel,Jerseys,FCB_25_H_DRFIT_JSY_Y,FCB Dri-Fit Jsy Y,HJ7831,RED,Red,YM,,148914,0,0,0,0,0,23.5,0.0,50.0,0.0,50.0,0.0,0.0,,NIKE,0.0,0.0,,,,,,,Tops_Youth,False,1.0,True,0.0,,True,True,False,1.0,,,,,2.0,2.0,10/14/25 1:10:59 PM,
1.0,NIKE,Licensed,Apparel,Jerseys,FCB_25_H_DRFIT_JSY_Y,FCB Dri-Fit Jsy Y,HJ7831,RED,Red,YL,,148915,1,0,0,0,1,23.5,23.5,50.0,50.0,50.0,50.0,0.0,,NIKE,0.0,0.0,,,,,,,Tops_Youth,False,1.0,True,0.0,,True,True,False,1.0,,,,,1.0,2.0,10/14/25 1:10:59 PM,
1.0,NIKE,Licensed,Apparel,Jerseys,FCB_25_H_DRFIT_JSY_Y,FCB Dri-Fit Jsy Y,HJ7831,RED,Red,YXL,,148916,0,0,0,0,0,23.5,0.0,50.0,0.0,50.0,0.0,0.0,,NIKE,0.0,0.0,,,,,,,Tops_Youth,False,1.0,True,0.0,,True,True,False,1.0,,,,,0.0,0.0,,
1.0,NIKE,Licensed,Apparel,Jacket,FCB_25_3RD_ATHM_JKT,FCB Anthem Jacket,HM3334,NVY,Navy,XS,,149038,0,0,0,0,0,89.3,0.0,190.0,0.0,190.0,0.0,0.0,,NIKE,0.0,0.0,,,,,,,Tops,False,1.0,True,0.0,,True,True,False,1.0,,,,,0.0,0.0,,
1.0,NIKE,Licensed,Apparel,Jacket,FCB_25_3RD_ATHM_JKT,FCB Anthem Jacket,HM3334,NVY,Navy,S,,149039,1,0,0,0,1,89.3,89.3,190.0,190.0,190.0,190.0,0.0,,NIKE,0.0,0.0,,,,,,,Tops,False,1.0,True,0.0,,True,True,False,1.0,,,,,0.0,1.0,10/14/25 2:58:22 PM,
1.0,NIKE,Licensed,Apparel,Jacket,FCB_25_3RD_ATHM_JKT,FCB Anthem Jacket,HM3334,NVY,Navy,M,,149040,1,0,0,0,1,89.3,89.3,190.0,190.0,190.0,190.0,0.0,,NIKE,0.0,0.0,,,,,,,Tops,False,1.0,True,0.0,,True,True,False,1.0,,,,,0.0,1.0,10/14/25 2:58:22 PM,
1.0,NIKE,Licensed,Apparel,Jacket,FCB_25_3RD_ATHM_JKT,FCB Anthem Jacket,HM3334,NVY,Navy,L,,149041,0,0,0,0,0,89.3,0.0,190.0,0.0,190.0,0.0,0.0,,NIKE,0.0,0.0,,,,,,,Tops,False,1.0,True,0.0,,True,True,False,1.0,,,,,0.0,0.0,,
1.0,NIKE,Licensed,Apparel,Jacket,FCB_25_3RD_ATHM_JKT,FCB Anthem Jacket,HM3334,NVY,Navy,XL,,149042,0,0,0,0,0,89.3,0.0,190.0,0.0,190.0,0.0,0.0,,NIKE,0.0,0.0,,,,,,,Tops,False,1.0,True,0.0,,True,True,False,1.0,,,,,0.0,0.0,,
1.0,NIKE,Licensed,Apparel,Jacket,FCB_25_3RD_ATHM_JKT,FCB Anthem Jacket,HM3334,NVY,Navy,XXL,,149043,0,0,0,0,0,89.3,0.0,190.0,0.0,190.0,0.0,0.0,,NIKE,0.0,0.0,,,,,,,Tops,False,1.0,True,0.0,,True,True,False,1.0,,,,,0.0,0.0,,
1.0,NIKE,Licensed,Apparel,Jacket,FCB_25_3RD_ATHM_JKT,FCB Anthem Jacket,HM3334,NVY,Navy,XXXL,,149044,0,0,0,0,0,89.3,0.0,190.0,0.0,190.0,0.0,0.0,,NIKE,0.0,0.0,,,,,,,Tops,False,1.0,True,0.0,,True,True,False,1.0,,,,,0.0,0.0,,
1.0,NIKE,Licensed,Apparel,Jerseys,CFC_25_3RD_JSY_Y,Chelsea 3rd Jersey Youth,HM4123,BLK,Black,Y2XS,,149045,0,0,0,0,0,43.22,0.0,95.0,0.0,95.0,0.0,0.0,,NIKE,0.0,0.0,,,,,,,Tops_Youth,False,1.0,True,0.0,,True,True,False,1.0,,,,,0.0,0.0,,
1.0,NIKE,Licensed,Apparel,Jerseys,CFC_25_3RD_JSY_Y,Chelsea 3rd Jersey Youth,HM4123,BLK,Black,YXS,,149046,0,0,0,0,0,43.22,0.0,95.0,0.0,95.0,0.0,0.0,,NIKE,0.0,0.0,,,,,,,Tops_Youth,False,1.0,True,0.0,,True,True,False,1.0,,,,,0.0,0.0,,
1.0,NIKE,Licensed,Apparel,Jerseys,CFC_25_3RD_JSY_Y,Chelsea 3rd Jersey Youth,HM4123,BLK,Black,YS,,149047,0,0,0,0,0,43.22,0.0,95.0,0.0,95.0,0.0,0.0,,NIKE,0.0,0.0,,,,,,,Tops_Youth,False,1.0,True,0.0,,True,True,False,1.0,,,,,0.0,0.0,,
1.0,NIKE,Licensed,Apparel,Jerseys,CFC_25_3RD_JSY_Y,Chelsea 3rd Jersey Youth,HM4123,BLK,Black,YM,,149048,1,0,0,0,1,43.22,43.22,95.0,95.0,95.0,95.0,0.0,,NIKE,0.0,0.0,,,,,,,Tops_Youth,False,1.0,True,0.0,,True,True,False,1.0,,,,,0.0,1.0,10/14/25 3:04:56 PM,
1.0,NIKE,Licensed,Apparel,Jerseys,CFC_25_3RD_JSY_Y,Chelsea 3rd Jersey Youth,HM4123,BLK,Black,YL,,149049,0,0,0,0,0,43.22,0.0,95.0,0.0,95.0,0.0,0.0,,NIKE,0.0,0.0,,,,,,,Tops_Youth,False,1.0,True,0.0,,True,True,False,1.0,,,,,1.0,1.0,10/14/25 3:04:56 PM,
1.0,NIKE,Licensed,Apparel,Jerseys,CFC_25_3RD_JSY_Y,Chelsea 3rd Jersey Youth,HM4123,BLK,Black,YXL,,149050,0,0,0,0,0,43.22,0.0,95.0,0.0,95.0,0.0,0.0,,NIKE,0.0,0.0,,,,,,,Tops_Youth,False,1.0,True,0.0,,True,True,False,1.0,,,,,1.0,1.0,10/14/25 3:04:56 PM,
1.0,NIKE,Licensed,Apparel,Jerseys,CFC_25_3RD_JSY,Chelsea 3rd Jersey,HM3202,BLK,Black,XS,,149051,0,0,0,0,0,52.32,0.0,115.0,0.0,115.0,0.0,0.0,,NIKE,0.0,0.0,,,,,,,Tops,False,1.0,True,0.0,,True,True,False,1.0,,,,,0.0,0.0,,
1.0,NIKE,Licensed,Apparel,Jerseys,CFC_25_3RD_JSY,Chelsea 3rd Jersey,HM3202,BLK,Black,S,,149052,0,0,0,0,0,52.32,0.0,115.0,0.0,115.0,0.0,0.0,,NIKE,0.0,0.0,,,,,,,Tops,False,1.0,True,0.0,,True,True,False,1.0,,,,,1.0,1.0,10/14/25 3:06:18 PM,
1.0,NIKE,Licensed,Apparel,Jerseys,CFC_25_3RD_JSY,Chelsea 3rd Jersey,HM3202,BLK,Black,M,,149053,0,0,0,0,0,52.32,0.0,115.0,0.0,115.0,0.0,0.0,,NIKE,0.0,0.0,,,,,,,Tops,False,1.0,True,0.0,,True,True,False,1.0,,,,,1.0,1.0,10/14/25 3:06:18 PM,
1.0,NIKE,Licensed,Apparel,Jerseys,CFC_25_3RD_JSY,Chelsea 3rd Jersey,HM3202,BLK,Black,L,,149054,0,0,0,0,0,52.32,0.0,115.0,0.0,115.0,0.0,0.0,,NIKE,0.0,0.0,,,,,,,Tops,False,1.0,True,0.0,,True,True,False,1.0,,,,,0.0,0.0,,
1.0,NIKE,Licensed,Apparel,Jerseys,CFC_25_3RD_JSY,Chelsea 3rd Jersey,HM3202,BLK,Black,XL,,149055,0,0,0,0,0,52.32,0.0,115.0,0.0,115.0,0.0,0.0,,NIKE,0.0,0.0,,,,,,,Tops,False,1.0,True,0.0,,True,True,False,1.0,,,,,0.0,0.0,,
1.0,NIKE,Licensed,Apparel,Jerseys,CFC_25_3RD_JSY,Chelsea 3rd Jersey,HM3202,BLK,Black,XXL,,149056,0,0,0,0,0,52.32,0.0,115.0,0.0,115.0,0.0,0.0,,NIKE,0.0,0.0,,,,,,,Tops,False,1.0,True,0.0,,True,True,False,1.0,,,,,0.0,0.0,,
1.0,NIKE,Licensed,Apparel,Jerseys,CFC_25_3RD_JSY,Chelsea 3rd Jersey,HM3202,BLK,Black,XXXL,,149057,0,0,0,0,0,52.32,0.0,115.0,0.0,115.0,0.0,0.0,,NIKE,0.0,0.0,,,,,,,Tops,False,1.0,True,0.0,,True,True,False,1.0,,,,,0.0,0.0,,
1.0,NIKE,Licensed,Apparel,Jerseys,PSG_25_4TH_JSY,PSG 4th Jersey,HM3206,BLK,Black,XS,,149429,0,0,0,0,0,39.95,0.0,85.0,0.0,85.0,0.0,0.0,,NIKE,0.0,0.0,,,,,,,Tops,False,1.0,True,0.0,,True,True,False,1.0,,,,,0.0,0.0,,
1.0,NIKE,Licensed,Apparel,Jerseys,PSG_25_4TH_JSY,PSG 4th Jersey,HM3206,BLK,Black,S,,149430,1,0,0,0,1,39.95,39.95,85.0,85.0,85.0,85.0,0.0,,NIKE,0.0,0.0,,,,,,,Tops,False,1.0,True,0.0,,True,True,False,1.0,,,,,0.0,1.0,10/22/25 12:21:27 PM,
1.0,NIKE,Licensed,Apparel,Jerseys,PSG_25_4TH_JSY,PSG 4th Jersey,HM3206,BLK,Black,M,,149431,1,0,0,0,1,39.95,39.95,85.0,85.0,85.0,85.0,0.0,,NIKE,0.0,0.0,,,,,,,Tops,False,1.0,True,0.0,,True,True,False,1.0,,,,,0.0,1.0,10/22/25 12:21:28 PM,
1.0,NIKE,Licensed,Apparel,Jerseys,PSG_25_4TH_JSY,PSG 4th Jersey,HM3206,BLK,Black,L,,149432,0,0,0,0,0,39.95,0.0,85.0,0.0,85.0,0.0,0.0,,NIKE,0.0,0.0,,,,,,,Tops,False,1.0,True,0.0,,True,True,False,1.0,,,,,0.0,0.0,,
1.0,NIKE,Licensed,Apparel,Jerseys,PSG_25_4TH_JSY,PSG 4th Jersey,HM3206,BLK,Black,XL,,149433,0,0,0,0,0,39.95,0.0,85.0,0.0,85.0,0.0,0.0,,NIKE,0.0,0.0,,,,,,,Tops,False,1.0,True,0.0,,True,True,False,1.0,,,,,0.0,0.0,,
1.0,NIKE,Licensed,Apparel,Jerseys,PSG_25_4TH_JSY,PSG 4th Jersey,HM3206,BLK,Black,XXL,,149434,0,0,0,0,0,39.95,0.0,85.0,0.0,85.0,0.0,0.0,,NIKE,0.0,0.0,,,,,,,Tops,False,1.0,True,0.0,,True,True,False,1.0,,,,,0.0,0.0,,
1.0,NIKE,Licensed,Apparel,Jerseys,PSG_25_4TH_JSY,PSG 4th Jersey,HM3206,BLK,Black,XXXL,,149435,0,0,0,0,0,39.95,0.0,85.0,0.0,85.0,0.0,0.0,,NIKE,0.0,0.0,,,,,,,Tops,False,1.0,True,0.0,,True,True,False,1.0,,,,,0.0,0.0,,
1.0,MIMI,Licensed,Apparel,hat,MUFC_25_NEW_ERA_HAT,MUFC New Era Hat,60595701,GREY,White,OS,,149552,1,0,0,0,1,24.0,24.0,50.0,50.0,50.0,50.0,0.0,,MIMI,0.0,0.0,,,,,,,OS,False,1.0,True,0.0,,True,True,False,1.0,,,,,0.0,1.0,10/25/25 10:15:11 AM,
1.0,ADIDAS,Licensed,ACCESSORIES,Balls,WC_26_PRO_BALL_W,WC Pro Ball,JD8023,YEL,Yellow,1,,149597,0,0,0,0,0,98.7,0.0,210.0,0.0,210.0,0.0,0.0,,ADIDAS,0.0,0.0,,,,,,,Balls,False,1.0,True,0.0,,True,True,False,1.0,,,,,0.0,0.0,,
1.0,ADIDAS,Licensed,ACCESSORIES,Balls,WC_26_PRO_BALL_W,WC Pro Ball,JD8023,YEL,Yellow,2,,149598,0,0,0,0,0,98.7,0.0,210.0,0.0,210.0,0.0,0.0,,ADIDAS,0.0,0.0,,,,,,,Balls,False,1.0,True,0.0,,True,True,False,1.0,,,,,0.0,0.0,,
1.0,ADIDAS,Licensed,ACCESSORIES,Balls,WC_26_PRO_BALL_W,WC Pro Ball,JD8023,YEL,Yellow,3,,149599,0,0,0,0,0,98.7,0.0,210.0,0.0,210.0,0.0,0.0,,ADIDAS,0.0,0.0,,,,,,,Balls,False,1.0,True,0.0,,True,True,False,1.0,,,,,0.0,0.0,,
1.0,ADIDAS,Licensed,ACCESSORIES,Balls,WC_26_PRO_BALL_W,WC Pro Ball,JD8023,YEL,Yellow,4,,149600,0,0,0,0,0,98.7,0.0,210.0,0.0,210.0,0.0,0.0,,ADIDAS,0.0,0.0,,,,,,,Balls,False,1.0,True,0.0,,True,True,False,1.0,,,,,0.0,0.0,,
1.0,ADIDAS,Licensed,ACCESSORIES,Balls,WC_26_PRO_BALL_W,WC Pro Ball,JD8023,YEL,Yellow,5,,149601,4,0,0,0,4,98.7,394.8,210.0,840.0,210.0,840.0,0.0,,ADIDAS,0.0,0.0,,,,,,,Balls,False,1.0,True,0.0,,True,True,False,1.0,,,,,2.0,6.0,10/31/25 12:15:45 PM,
1.0,ADIDAS,Licensed,ACCESSORIES,Balls,WC_26_PRO_FUTSAL,TRIONDA Futsal Pro Ball,JD8833,MC,Multicolour,1,,149602,0,0,0,0,0,37.6,0.0,80.0,0.0,80.0,0.0,0.0,,ADIDAS,0.0,0.0,,,,,,,Balls,False,1.0,True,0.0,,True,True,False,1.0,,,,,0.0,0.0,,
1.0,ADIDAS,Licensed,ACCESSORIES,Balls,WC_26_PRO_FUTSAL,TRIONDA Futsal Pro Ball,JD8833,MC,Multicolour,2,,149603,0,0,0,0,0,37.6,0.0,80.0,0.0,80.0,0.0,0.0,,ADIDAS,0.0,0.0,,,,,,,Balls,False,1.0,True,0.0,,True,True,False,1.0,,,,,0.0,0.0,,
1.0,ADIDAS,Licensed,ACCESSORIES,Balls,WC_26_PRO_FUTSAL,TRIONDA Futsal Pro Ball,JD8833,MC,Multicolour,3,,149604,0,0,0,0,0,37.6,0.0,80.0,0.0,80.0,0.0,0.0,,ADIDAS,0.0,0.0,,,,,,,Balls,False,1.0,True,0.0,,True,True,False,1.0,,,,,0.0,0.0,,
1.0,ADIDAS,Licensed,ACCESSORIES,Balls,WC_26_PRO_FUTSAL,TRIONDA Futsal Pro Ball,JD8833,MC,Multicolour,4,,149605,-8,0,0,0,-8,37.6,-300.8,80.0,-640.0,80.0,-640.0,0.0,,ADIDAS,0.0,0.0,,,,,,,Balls,False,1.0,True,0.0,,True,True,False,1.0,,,,,14.0,6.0,10/31/25 12:35:14 PM,
1.0,ADIDAS,Licensed,ACCESSORIES,Balls,WC_26_PRO_FUTSAL,TRIONDA Futsal Pro Ball,JD8833,MC,Multicolour,5,,149606,0,0,0,0,0,37.6,0.0,80.0,0.0,80.0,0.0,0.0,,ADIDAS,0.0,0.0,,,,,,,Balls,False,1.0,True,0.0,,True,True,False,1.0,,,,,0.0,0.0,,
1.0,NIKE,Licensed,Apparel,hat,HNS_26_TRUCKER_HAT,Croatia Hat,C16819,RED,Red,OS,,151354,5,0,0,0,5,23.52,117.6,48.0,240.0,48.0,240.0,0.0,,NIKE,0.0,0.0,,,,,,,OS,False,1.0,True,0.0,,True,True,False,1.0,,,,,1.0,6.0,3/20/26 3:06:30 PM,
1.0,ADIDAS,Licensed,Apparel,Jerseys,AFA_26_A_JSY_AU,Argentina Away Jersey Authentic,JM5901,NVY,Navy,XXS,,151371,0,0,0,0,0,89.3,0.0,190.0,0.0,190.0,0.0,0.0,,ADIDAS,0.0,0.0,,,,,,,Tops,False,1.0,True,0.0,,True,True,False,1.0,,,,,0.0,0.0,,
1.0,ADIDAS,Licensed,Apparel,Jerseys,AFA_26_A_JSY_AU,Argentina Away Jersey Authentic,JM5901,NVY,Navy,XS,,151372,0,0,0,0,0,89.3,0.0,190.0,0.0,190.0,0.0,0.0,,ADIDAS,0.0,0.0,,,,,,,Tops,False,1.0,True,0.0,,True,True,False,1.0,,,,,0.0,0.0,,
1.0,ADIDAS,Licensed,Apparel,Jerseys,AFA_26_A_JSY_AU,Argentina Away Jersey Authentic,JM5901,NVY,Navy,S,,151373,0,0,0,0,0,89.3,0.0,190.0,0.0,190.0,0.0,0.0,,ADIDAS,0.0,0.0,,,,,,,Tops,False,1.0,True,0.0,,True,True,False,1.0,,,,,0.0,0.0,,
1.0,ADIDAS,Licensed,Apparel,Jerseys,AFA_26_A_JSY_AU,Argentina Away Jersey Authentic,JM5901,NVY,Navy,M,,151374,1,0,0,0,1,89.3,89.3,190.0,190.0,190.0,190.0,0.0,,ADIDAS,0.0,0.0,,,,,,,Tops,False,1.0,True,0.0,,True,True,False,1.0,,,,,0.0,1.0,3/23/26 3:11:12 PM,
1.0,ADIDAS,Licensed,Apparel,Jerseys,AFA_26_A_JSY_AU,Argentina Away Jersey Authentic,JM5901,NVY,Navy,L,,151375,1,0,0,0,1,89.3,89.3,190.0,190.0,190.0,190.0,0.0,,ADIDAS,0.0,0.0,,,,,,,Tops,False,1.0,True,0.0,,True,True,False,1.0,,,,,0.0,1.0,3/23/26 3:11:12 PM,
1.0,ADIDAS,Licensed,Apparel,Jerseys,AFA_26_A_JSY_AU,Argentina Away Jersey Authentic,JM5901,NVY,Navy,XL,,151376,0,0,0,0,0,89.3,0.0,190.0,0.0,190.0,0.0,0.0,,ADIDAS,0.0,0.0,,,,,,,Tops,False,1.0,True,0.0,,True,True,False,1.0,,,,,0.0,0.0,,
1.0,ADIDAS,Licensed,Apparel,Jerseys,AFA_26_A_JSY_AU,Argentina Away Jersey Authentic,JM5901,NVY,Navy,XXL,,151377,0,0,0,0,0,89.3,0.0,190.0,0.0,190.0,0.0,0.0,,ADIDAS,0.0,0.0,,,,,,,Tops,False,1.0,True,0.0,,True,True,False,1.0,,,,,0.0,0.0,,
1.0,ADIDAS,Licensed,Apparel,Jerseys,AFA_26_A_JSY_AU,Argentina Away Jersey Authentic,JM5901,NVY,Navy,XXXL,,151378,0,0,0,0,0,89.3,0.0,190.0,0.0,190.0,0.0,0.0,,ADIDAS,0.0,0.0,,,,,,,Tops,False,1.0,True,0.0,,True,True,False,1.0,,,,,0.0,0.0,,
1.0,ADIDAS,Licensed,Apparel,Jerseys,AFA_26_A_MESSI_JSY_Y,AFA Away JSY D Y,KH3942,NVY,Navy,Y2XS,,151379,0,0,0,0,0,56.4,0.0,120.0,0.0,120.0,0.0,0.0,,ADIDAS,0.0,0.0,,,,,,,Tops_Youth,False,1.0,True,0.0,,True,True,False,1.0,,,,,0.0,0.0,,
1.0,ADIDAS,Licensed,Apparel,Jerseys,AFA_26_A_MESSI_JSY_Y,AFA Away JSY D Y,KH3942,NVY,Navy,YXS,,151380,0,0,0,0,0,56.4,0.0,120.0,0.0,120.0,0.0,0.0,,ADIDAS,0.0,0.0,,,,,,,Tops_Youth,False,1.0,True,0.0,,True,True,False,1.0,,,,,0.0,0.0,,
1.0,ADIDAS,Licensed,Apparel,Jerseys,AFA_26_A_MESSI_JSY_Y,AFA Away JSY D Y,KH3942,NVY,Navy,YS,,151381,0,0,0,0,0,56.4,0.0,120.0,0.0,120.0,0.0,0.0,,ADIDAS,0.0,0.0,,,,,,,Tops_Youth,False,1.0,True,0.0,,True,True,False,1.0,,,,,0.0,0.0,,
1.0,ADIDAS,Licensed,Apparel,Jerseys,AFA_26_A_MESSI_JSY_Y,AFA Away JSY D Y,KH3942,NVY,Navy,YM,,151382,1,0,0,0,1,56.4,56.4,120.0,120.0,120.0,120.0,0.0,,ADIDAS,0.0,0.0,,,,,,,Tops_Youth,False,1.0,True,0.0,,True,True,False,1.0,,,,,0.0,1.0,3/23/26 3:12:22 PM,
1.0,ADIDAS,Licensed,Apparel,Jerseys,AFA_26_A_MESSI_JSY_Y,AFA Away JSY D Y,KH3942,NVY,Navy,YL,,151383,0,0,0,0,0,56.4,0.0,120.0,0.0,120.0,0.0,0.0,,ADIDAS,0.0,0.0,,,,,,,Tops_Youth,False,1.0,True,0.0,,True,True,False,1.0,,,,,0.0,0.0,,
1.0,ADIDAS,Licensed,Apparel,Jerseys,AFA_26_A_MESSI_JSY_Y,AFA Away JSY D Y,KH3942,NVY,Navy,YXL,,151384,0,0,0,0,0,56.4,0.0,120.0,0.0,120.0,0.0,0.0,,ADIDAS,0.0,0.0,,,,,,,Tops_Youth,False,1.0,True,0.0,,True,True,False,1.0,,,,,0.0,0.0,,
1.0,ADIDAS,Licensed,Apparel,Jerseys,AFA_26_A_JSY_Y,AFA Away JSY D Y,KB0626,NVY,Navy,Y2XS,,151385,0,0,0,0,0,47.0,0.0,100.0,0.0,100.0,0.0,0.0,,ADIDAS,0.0,0.0,,,,,,,Tops_Youth,False,1.0,True,0.0,,True,True,False,1.0,,,,,0.0,0.0,,
1.0,ADIDAS,Licensed,Apparel,Jerseys,AFA_26_A_JSY_Y,AFA Away JSY D Y,KB0626,NVY,Navy,YXS,,151386,0,0,0,0,0,47.0,0.0,100.0,0.0,100.0,0.0,0.0,,ADIDAS,0.0,0.0,,,,,,,Tops_Youth,False,1.0,True,0.0,,True,True,False,1.0,,,,,0.0,0.0,,
1.0,ADIDAS,Licensed,Apparel,Jerseys,AFA_26_A_JSY_Y,AFA Away JSY D Y,KB0626,NVY,Navy,YS,,151387,0,0,0,0,0,47.0,0.0,100.0,0.0,100.0,0.0,0.0,,ADIDAS,0.0,0.0,,,,,,,Tops_Youth,False,1.0,True,0.0,,True,True,False,1.0,,,,,0.0,0.0,,
1.0,ADIDAS,Licensed,Apparel,Jerseys,AFA_26_A_JSY_Y,AFA Away JSY D Y,KB0626,NVY,Navy,YM,,151388,0,0,0,0,0,47.0,0.0,100.0,0.0,100.0,0.0,0.0,,ADIDAS,0.0,0.0,,,,,,,Tops_Youth,False,1.0,True,0.0,,True,True,False,1.0,,,,,1.0,1.0,3/23/26 3:13:46 PM,
1.0,ADIDAS,Licensed,Apparel,Jerseys,AFA_26_A_JSY_Y,AFA Away JSY D Y,KB0626,NVY,Navy,YL,,151389,-1,0,0,0,-1,47.0,-47.0,100.0,-100.0,100.0,-100.0,0.0,,ADIDAS,0.0,0.0,,,,,,,Tops_Youth,False,1.0,True,0.0,,True,True,False,1.0,,,,,2.0,1.0,3/23/26 3:13:46 PM,
1.0,ADIDAS,Licensed,Apparel,Jerseys,AFA_26_A_JSY_Y,AFA Away JSY D Y,KB0626,NVY,Navy,YXL,,151390,1,0,0,0,1,47.0,47.0,100.0,100.0,100.0,100.0,0.0,,ADIDAS,0.0,0.0,,,,,,,Tops_Youth,False,1.0,True,0.0,,True,True,False,1.0,,,,,0.0,1.0,3/23/26 3:13:46 PM,
1.0,ADIDAS,Licensed,Apparel,Jerseys,AFA_26_A_JSY,AFA Away JSY D,JM8395,NVY,Navy,XXS,,151391,0,0,0,0,0,56.4,0.0,120.0,0.0,120.0,0.0,0.0,,ADIDAS,0.0,0.0,,,,,,,Tops,False,1.0,True,0.0,,True,True,False,1.0,,,,,0.0,0.0,,
1.0,ADIDAS,Licensed,Apparel,Jerseys,AFA_26_A_JSY,AFA Away JSY D,JM8395,NVY,Navy,XS,,151392,0,0,0,0,0,56.4,0.0,120.0,0.0,120.0,0.0,0.0,,ADIDAS,0.0,0.0,,,,,,,Tops,False,1.0,True,0.0,,True,True,False,1.0,,,,,0.0,0.0,,
1.0,ADIDAS,Licensed,Apparel,Jerseys,AFA_26_A_JSY,AFA Away JSY D,JM8395,NVY,Navy,S,,151393,1,0,0,0,1,56.4,56.4,120.0,120.0,120.0,120.0,0.0,,ADIDAS,0.0,0.0,,,,,,,Tops,False,1.0,True,0.0,,True,True,False,1.0,,,,,0.0,1.0,3/23/26 3:14:47 PM,
1.0,ADIDAS,Licensed,Apparel,Jerseys,AFA_26_A_JSY,AFA Away JSY D,JM8395,NVY,Navy,M,,151394,2,0,0,0,2,56.4,112.8,120.0,240.0,120.0,240.0,0.0,,ADIDAS,0.0,0.0,,,,,,,Tops,False,1.0,True,0.0,,True,True,False,1.0,,,,,0.0,2.0,3/23/26 3:14:47 PM,
1.0,ADIDAS,Licensed,Apparel,Jerseys,AFA_26_A_JSY,AFA Away JSY D,JM8395,NVY,Navy,L,,151395,1,0,0,0,1,56.4,56.4,120.0,120.0,120.0,120.0,0.0,,ADIDAS,0.0,0.0,,,,,,,Tops,False,1.0,True,0.0,,True,True,False,1.0,,,,,1.0,2.0,3/23/26 3:14:47 PM,
1.0,ADIDAS,Licensed,Apparel,Jerseys,AFA_26_A_JSY,AFA Away JSY D,JM8395,NVY,Navy,XL,,151396,1,0,0,0,1,56.4,56.4,120.0,120.0,120.0,120.0,0.0,,ADIDAS,0.0,0.0,,,,,,,Tops,False,1.0,True,0.0,,True,True,False,1.0,,,,,0.0,1.0,3/23/26 3:14:47 PM,
1.0,ADIDAS,Licensed,Apparel,Jerseys,AFA_26_A_JSY,AFA Away JSY D,JM8395,NVY,Navy,XXL,,151397,0,0,0,0,0,56.4,0.0,120.0,0.0,120.0,0.0,0.0,,ADIDAS,0.0,0.0,,,,,,,Tops,False,1.0,True,0.0,,True,True,False,1.0,,,,,0.0,0.0,,
1.0,ADIDAS,Licensed,Apparel,Jerseys,AFA_26_A_JSY,AFA Away JSY D,JM8395,NVY,Navy,XXXL,,151398,0,0,0,0,0,56.4,0.0,120.0,0.0,120.0,0.0,0.0,,ADIDAS,0.0,0.0,,,,,,,Tops,False,1.0,True,0.0,,True,True,False,1.0,,,,,0.0,0.0,,
1.0,ADIDAS,Licensed,Apparel,Jerseys,AFA_26_A_MESSI_JSY,AFA Away JSY D,KH3940,NVY,Navy,XXS,,151399,0,0,0,0,0,56.4,0.0,140.0,0.0,140.0,0.0,0.0,,ADIDAS,0.0,0.0,,,,,,,Tops,False,1.0,True,0.0,,True,True,False,1.0,,,,,0.0,0.0,,
1.0,ADIDAS,Licensed,Apparel,Jerseys,AFA_26_A_MESSI_JSY,AFA Away JSY D,KH3940,NVY,Navy,XS,,151400,0,0,0,0,0,56.4,0.0,140.0,0.0,140.0,0.0,0.0,,ADIDAS,0.0,0.0,,,,,,,Tops,False,1.0,True,0.0,,True,True,False,1.0,,,,,0.0,0.0,,
1.0,ADIDAS,Licensed,Apparel,Jerseys,AFA_26_A_MESSI_JSY,AFA Away JSY D,KH3940,NVY,Navy,S,,151401,0,0,0,0,0,56.4,0.0,140.0,0.0,140.0,0.0,0.0,,ADIDAS,0.0,0.0,,,,,,,Tops,False,1.0,True,0.0,,True,True,False,1.0,,,,,1.0,1.0,3/23/26 3:15:57 PM,
1.0,ADIDAS,Licensed,Apparel,Jerseys,AFA_26_A_MESSI_JSY,AFA Away JSY D,KH3940,NVY,Navy,M,,151402,0,0,0,0,0,56.4,0.0,140.0,0.0,140.0,0.0,0.0,,ADIDAS,0.0,0.0,,,,,,,Tops,False,1.0,True,0.0,,True,True,False,1.0,,,,,1.0,1.0,3/23/26 3:15:57 PM,
1.0,ADIDAS,Licensed,Apparel,Jerseys,AFA_26_A_MESSI_JSY,AFA Away JSY D,KH3940,NVY,Navy,L,,151403,0,0,0,0,0,56.4,0.0,140.0,0.0,140.0,0.0,0.0,,ADIDAS,0.0,0.0,,,,,,,Tops,False,1.0,True,0.0,,True,True,False,1.0,,,,,2.0,2.0,3/23/26 3:15:57 PM,
1.0,NIKE,Licensed,Apparel,hat,HSN_26_HAT,Croatia Hat,C16941,BLU,Blue,OS,,151355,5,0,0,0,5,19.6,98.0,40.0,200.0,40.0,200.0,0.0,,NIKE,0.0,0.0,,,,,,,OS,False,1.0,True,0.0,,True,True,False,1.0,,,,,1.0,6.0,3/20/26 3:11:21 PM,
1.0,NIKE,Licensed,Apparel,hat,HSN_26_BUCKET_HAT,Croatia Hat,C16987,RED,Red,OS,,151356,6,0,0,0,6,24.5,147.0,50.0,300.0,50.0,300.0,0.0,,NIKE,0.0,0.0,,,,,,,OS,False,1.0,True,0.0,,True,True,False,1.0,,,,,0.0,6.0,3/20/26 3:13:10 PM,
1.0,ADIDAS,Licensed,Apparel,Jerseys,FIGC_26_A_JSY_Y,Italy Away JSY D Y,JY5681,WHT,White,Y2XS,,151357,0,0,0,0,0,47.0,0.0,100.0,0.0,100.0,0.0,0.0,,ADIDAS,0.0,0.0,,,,,,,Tops_Youth,False,1.0,True,0.0,,True,True,False,1.0,,,,,0.0,0.0,,
1.0,ADIDAS,Licensed,Apparel,Jerseys,FIGC_26_A_JSY_Y,Italy Away JSY D Y,JY5681,WHT,White,YXS,,151358,0,0,0,0,0,47.0,0.0,100.0,0.0,100.0,0.0,0.0,,ADIDAS,0.0,0.0,,,,,,,Tops_Youth,False,1.0,True,0.0,,True,True,False,1.0,,,,,0.0,0.0,,
1.0,ADIDAS,Licensed,Apparel,Jerseys,FIGC_26_A_JSY_Y,Italy Away JSY D Y,JY5681,WHT,White,YS,,151359,0,0,0,0,0,47.0,0.0,100.0,0.0,100.0,0.0,0.0,,ADIDAS,0.0,0.0,,,,,,,Tops_Youth,False,1.0,True,0.0,,True,True,False,1.0,,,,,0.0,0.0,,
1.0,ADIDAS,Licensed,Apparel,Jerseys,FIGC_26_A_JSY_Y,Italy Away JSY D Y,JY5681,WHT,White,YM,,151360,2,0,0,0,2,47.0,94.0,100.0,200.0,100.0,200.0,0.0,,ADIDAS,0.0,0.0,,,,,,,Tops_Youth,False,1.0,True,0.0,,True,True,False,1.0,,,,,0.0,2.0,3/23/26 2:48:03 PM,
1.0,ADIDAS,Licensed,Apparel,Jerseys,FIGC_26_A_JSY_Y,Italy Away JSY D Y,JY5681,WHT,White,YL,,151361,2,0,0,0,2,47.0,94.0,100.0,200.0,100.0,200.0,0.0,,ADIDAS,0.0,0.0,,,,,,,Tops_Youth,False,1.0,True,0.0,,True,True,False,1.0,,,,,0.0,2.0,3/23/26 2:48:03 PM,
1.0,ADIDAS,Licensed,Apparel,Jerseys,FIGC_26_A_JSY_Y,Italy Away JSY D Y,JY5681,WHT,White,YXL,,151362,3,0,0,0,3,47.0,141.0,100.0,300.0,100.0,300.0,0.0,,ADIDAS,0.0,0.0,,,,,,,Tops_Youth,False,1.0,True,0.0,,True,True,False,1.0,,,,,0.0,3.0,3/23/26 2:48:03 PM,
1.0,ADIDAS,Licensed,Apparel,Jerseys,FIGC_26_A_JSY,Italy Away JSY,KC8704,WHT,White,XXS,,151363,0,0,0,0,0,56.4,0.0,120.0,0.0,120.0,0.0,0.0,,ADIDAS,0.0,0.0,,,,,,,Tops,False,1.0,True,0.0,,True,True,False,1.0,,,,,0.0,0.0,,
1.0,ADIDAS,Licensed,Apparel,Jerseys,FIGC_26_A_JSY,Italy Away JSY,KC8704,WHT,White,XS,,151364,0,0,0,0,0,56.4,0.0,120.0,0.0,120.0,0.0,0.0,,ADIDAS,0.0,0.0,,,,,,,Tops,False,1.0,True,0.0,,True,True,False,1.0,,,,,0.0,0.0,,
1.0,ADIDAS,Licensed,Apparel,Jerseys,FIGC_26_A_JSY,Italy Away JSY,KC8704,WHT,White,S,,151365,1,0,0,0,1,56.4,56.4,120.0,120.0,120.0,120.0,0.0,,ADIDAS,0.0,0.0,,,,,,,Tops,False,1.0,True,0.0,,True,True,False,1.0,,,,,1.0,2.0,3/23/26 2:49:26 PM,
1.0,ADIDAS,Licensed,Apparel,Jerseys,FIGC_26_A_JSY,Italy Away JSY,KC8704,WHT,White,M,,151366,3,0,0,0,3,56.4,169.2,120.0,360.0,120.0,360.0,0.0,,ADIDAS,0.0,0.0,,,,,,,Tops,False,1.0,True,0.0,,True,True,False,1.0,,,,,0.0,3.0,3/23/26 2:49:26 PM,
1.0,ADIDAS,Licensed,Apparel,Jerseys,FIGC_26_A_JSY,Italy Away JSY,KC8704,WHT,White,L,,151367,1,0,0,0,1,56.4,56.4,120.0,120.0,120.0,120.0,0.0,,ADIDAS,0.0,0.0,,,,,,,Tops,False,1.0,True,0.0,,True,True,False,1.0,,,,,0.0,1.0,3/23/26 2:49:26 PM,
1.0,ADIDAS,Licensed,Apparel,Jerseys,FIGC_26_A_JSY,Italy Away JSY,KC8704,WHT,White,XL,,151368,0,0,0,0,0,56.4,0.0,120.0,0.0,120.0,0.0,0.0,,ADIDAS,0.0,0.0,,,,,,,Tops,False,1.0,True,0.0,,True,True,False,1.0,,,,,0.0,0.0,,
1.0,ADIDAS,Licensed,Apparel,Jerseys,FIGC_26_A_JSY,Italy Away JSY,KC8704,WHT,White,XXL,,151369,0,0,0,0,0,56.4,0.0,120.0,0.0,120.0,0.0,0.0,,ADIDAS,0.0,0.0,,,,,,,Tops,False,1.0,True,0.0,,True,True,False,1.0,,,,,0.0,0.0,,
1.0,ADIDAS,Licensed,Apparel,Jerseys,FIGC_26_A_JSY,Italy Away JSY,KC8704,WHT,White,XXXL,,151370,0,0,0,0,0,56.4,0.0,120.0,0.0,120.0,0.0,0.0,,ADIDAS,0.0,0.0,,,,,,,Tops,False,1.0,True,0.0,,True,True,False,1.0,,,,,0.0,0.0,,
1.0,ADIDAS,Licensed,Apparel,Jerseys,AFA_26_A_MESSI_JSY,AFA Away JSY D,KH3940,NVY,Navy,XL,,151404,0,0,0,0,0,56.4,0.0,140.0,0.0,140.0,0.0,0.0,,ADIDAS,0.0,0.0,,,,,,,Tops,False,1.0,True,0.0,,True,True,False,1.0,,,,,1.0,1.0,3/23/26 3:15:57 PM,
1.0,ADIDAS,Licensed,Apparel,Jerseys,AFA_26_A_MESSI_JSY,AFA Away JSY D,KH3940,NVY,Navy,XXL,,151405,0,0,0,0,0,56.4,0.0,140.0,0.0,140.0,0.0,0.0,,ADIDAS,0.0,0.0,,,,,,,Tops,False,1.0,True,0.0,,True,True,False,1.0,,,,,0.0,0.0,,
1.0,ADIDAS,Licensed,Apparel,Jerseys,AFA_26_A_MESSI_JSY,AFA Away JSY D,KH3940,NVY,Navy,XXXL,,151406,0,0,0,0,0,56.4,0.0,140.0,0.0,140.0,0.0,0.0,,ADIDAS,0.0,0.0,,,,,,,Tops,False,1.0,True,0.0,,True,True,False,1.0,,,,,0.0,0.0,,
1.0,ADIDAS,Licensed,Apparel,Jerseys,DFB_26_A_JSY,Germany Away Jersey,JN2074,NVY,Navy,XXS,,151407,0,0,0,0,0,56.4,0.0,120.0,0.0,120.0,0.0,0.0,,ADIDAS,0.0,0.0,,,,,,,Tops,False,1.0,True,0.0,,True,True,False,1.0,,,,,0.0,0.0,,
1.0,ADIDAS,Licensed,Apparel,Jerseys,DFB_26_A_JSY,Germany Away Jersey,JN2074,NVY,Navy,XS,,151408,0,0,0,0,0,56.4,0.0,120.0,0.0,120.0,0.0,0.0,,ADIDAS,0.0,0.0,,,,,,,Tops,False,1.0,True,0.0,,True,True,False,1.0,,,,,0.0,0.0,,
1.0,ADIDAS,Licensed,Apparel,Jerseys,DFB_26_A_JSY,Germany Away Jersey,JN2074,NVY,Navy,S,,151409,1,0,0,0,1,56.4,56.4,120.0,120.0,120.0,120.0,0.0,,ADIDAS,0.0,0.0,,,,,,,Tops,False,1.0,True,0.0,,True,True,False,1.0,,,,,0.0,1.0,3/23/26 3:18:00 PM,
1.0,ADIDAS,Licensed,Apparel,Jerseys,DFB_26_A_JSY,Germany Away Jersey,JN2074,NVY,Navy,M,,151410,1,0,0,0,1,56.4,56.4,120.0,120.0,120.0,120.0,0.0,,ADIDAS,0.0,0.0,,,,,,,Tops,False,1.0,True,0.0,,True,True,False,1.0,,,,,0.0,1.0,3/23/26 3:18:00 PM,
1.0,ADIDAS,Licensed,Apparel,Jerseys,DFB_26_A_JSY,Germany Away Jersey,JN2074,NVY,Navy,L,,151411,1,0,0,0,1,56.4,56.4,120.0,120.0,120.0,120.0,0.0,,ADIDAS,0.0,0.0,,,,,,,Tops,False,1.0,True,0.0,,True,True,False,1.0,,,,,0.0,1.0,3/23/26 3:18:00 PM,
1.0,ADIDAS,Licensed,Apparel,Jerseys,DFB_26_A_JSY,Germany Away Jersey,JN2074,NVY,Navy,XL,,151412,0,0,0,0,0,56.4,0.0,120.0,0.0,120.0,0.0,0.0,,ADIDAS,0.0,0.0,,,,,,,Tops,False,1.0,True,0.0,,True,True,False,1.0,,,,,0.0,0.0,,
1.0,ADIDAS,Licensed,Apparel,Jerseys,DFB_26_A_JSY,Germany Away Jersey,JN2074,NVY,Navy,XXL,,151413,0,0,0,0,0,56.4,0.0,120.0,0.0,120.0,0.0,0.0,,ADIDAS,0.0,0.0,,,,,,,Tops,False,1.0,True,0.0,,True,True,False,1.0,,,,,0.0,0.0,,
1.0,ADIDAS,Licensed,Apparel,Jerseys,DFB_26_A_JSY,Germany Away Jersey,JN2074,NVY,Navy,XXXL,,151414,0,0,0,0,0,56.4,0.0,120.0,0.0,120.0,0.0,0.0,,ADIDAS,0.0,0.0,,,,,,,Tops,False,1.0,True,0.0,,True,True,False,1.0,,,,,0.0,0.0,,
1.0,ADIDAS,Licensed,Apparel,Jerseys,DFB_26_A_JSY_Y,Germany  Away Jersey Y,JZ4569,NVY,Navy,XXS,,151415,0,0,0,0,0,47.0,0.0,100.0,0.0,100.0,0.0,0.0,,ADIDAS,0.0,0.0,,,,,,,Tops,False,1.0,True,0.0,,True,True,False,1.0,,,,,0.0,0.0,,
1.0,ADIDAS,Licensed,Apparel,Jerseys,DFB_26_A_JSY_Y,Germany  Away Jersey Y,JZ4569,NVY,Navy,XS,,151416,0,0,0,0,0,47.0,0.0,100.0,0.0,100.0,0.0,0.0,,ADIDAS,0.0,0.0,,,,,,,Tops,False,1.0,True,0.0,,True,True,False,1.0,,,,,0.0,0.0,,
1.0,ADIDAS,Licensed,Apparel,Jerseys,DFB_26_A_JSY_Y,Germany  Away Jersey Y,JZ4569,NVY,Navy,S,,151417,0,0,0,0,0,47.0,0.0,100.0,0.0,100.0,0.0,0.0,,ADIDAS,0.0,0.0,,,,,,,Tops,False,1.0,True,0.0,,True,True,False,1.0,,,,,0.0,0.0,,
1.0,ADIDAS,Licensed,Apparel,Jerseys,DFB_26_A_JSY_Y,Germany  Away Jersey Y,JZ4569,NVY,Navy,M,,151418,1,0,0,0,1,47.0,47.0,100.0,100.0,100.0,100.0,0.0,,ADIDAS,0.0,0.0,,,,,,,Tops,False,1.0,True,0.0,,True,True,False,1.0,,,,,0.0,1.0,3/23/26 3:19:04 PM,
1.0,ADIDAS,Licensed,Apparel,Jerseys,DFB_26_A_JSY_Y,Germany  Away Jersey Y,JZ4569,NVY,Navy,L,,151419,0,0,0,0,0,47.0,0.0,100.0,0.0,100.0,0.0,0.0,,ADIDAS,0.0,0.0,,,,,,,Tops,False,1.0,True,0.0,,True,True,False,1.0,,,,,1.0,1.0,3/23/26 3:19:04 PM,
1.0,ADIDAS,Licensed,Apparel,Jerseys,DFB_26_A_JSY_Y,Germany  Away Jersey Y,JZ4569,NVY,Navy,XL,,151420,1,0,0,0,1,47.0,47.0,100.0,100.0,100.0,100.0,0.0,,ADIDAS,0.0,0.0,,,,,,,Tops,False,1.0,True,0.0,,True,True,False,1.0,,,,,0.0,1.0,3/23/26 3:19:04 PM,
1.0,ADIDAS,Licensed,Apparel,Jerseys,DFB_26_A_JSY_Y,Germany  Away Jersey Y,JZ4569,NVY,Navy,XXL,,151421,0,0,0,0,0,47.0,0.0,100.0,0.0,100.0,0.0,0.0,,ADIDAS,0.0,0.0,,,,,,,Tops,False,1.0,True,0.0,,True,True,False,1.0,,,,,0.0,0.0,,
1.0,ADIDAS,Licensed,Apparel,Jerseys,DFB_26_A_JSY_Y,Germany  Away Jersey Y,JZ4569,NVY,Navy,XXXL,,151422,0,0,0,0,0,47.0,0.0,100.0,0.0,100.0,0.0,0.0,,ADIDAS,0.0,0.0,,,,,,,Tops,False,1.0,True,0.0,,True,True,False,1.0,,,,,0.0,0.0,,
1.0,PUMA,Licensed,Apparel,hat,FPF_26_KING_HAT,Portugal King Trucker Hat,027084,MAR,,OS,,151423,8,0,0,0,8,16.0,128.0,40.0,320.0,40.0,320.0,0.0,,PUMA,0.0,0.0,,,,,,,OS,False,1.0,True,0.0,,True,True,False,1.0,,,,,0.0,8.0,3/27/26 2:09:08 PM,
1.0,PUMA,Licensed,Apparel,hat,FPF_26_ESS_HAT,Portugal ESSr Hat,027088,RED,Red,OS,,151424,8,0,0,0,8,12.0,96.0,30.0,240.0,30.0,240.0,0.0,,PUMA,0.0,0.0,,,,,,,OS,False,1.0,True,0.0,,True,True,False,1.0,,,,,0.0,8.0,3/27/26 2:11:49 PM,
1.0,PUMA,Licensed,Apparel,Top,MCFC_25_YOH_JSY,Manchester City FC YOH Jersey,785894,WHT,White,XXS,,150723,0,0,0,0,0,61.6,0.0,130.0,0.0,130.0,0.0,0.0,,PUMA,0.0,0.0,,,,,,,Tops,False,1.0,True,0.0,,True,True,False,1.0,,,,,0.0,0.0,,
1.0,PUMA,Licensed,Apparel,Top,MCFC_25_YOH_JSY,Manchester City FC YOH Jersey,785894,WHT,White,XS,,150724,0,0,0,0,0,61.6,0.0,130.0,0.0,130.0,0.0,0.0,,PUMA,0.0,0.0,,,,,,,Tops,False,1.0,True,0.0,,True,True,False,1.0,,,,,0.0,0.0,,
1.0,PUMA,Licensed,Apparel,Top,MCFC_25_YOH_JSY,Manchester City FC YOH Jersey,785894,WHT,White,S,,150725,0,0,0,0,0,61.6,0.0,130.0,0.0,130.0,0.0,0.0,,PUMA,0.0,0.0,,,,,,,Tops,False,1.0,True,0.0,,True,True,False,1.0,,,,,1.0,1.0,1/22/26 2:28:55 PM,
1.0,PUMA,Licensed,Apparel,Top,MCFC_25_YOH_JSY,Manchester City FC YOH Jersey,785894,WHT,White,M,,150726,2,0,0,0,2,61.6,123.2,130.0,260.0,130.0,260.0,0.0,,PUMA,0.0,0.0,,,,,,,Tops,False,1.0,True,0.0,,True,True,False,1.0,,,,,0.0,2.0,1/22/26 2:28:55 PM,
1.0,PUMA,Licensed,Apparel,Top,MCFC_25_YOH_JSY,Manchester City FC YOH Jersey,785894,WHT,White,L,,150727,2,0,0,0,2,61.6,123.2,130.0,260.0,130.0,260.0,0.0,,PUMA,0.0,0.0,,,,,,,Tops,False,1.0,True,0.0,,True,True,False,1.0,,,,,0.0,2.0,1/22/26 2:28:55 PM,
1.0,PUMA,Licensed,Apparel,Top,MCFC_25_YOH_JSY,Manchester City FC YOH Jersey,785894,WHT,White,XL,,150728,1,0,0,0,1,61.6,61.6,130.0,130.0,130.0,130.0,0.0,,PUMA,0.0,0.0,,,,,,,Tops,False,1.0,True,0.0,,True,True,False,1.0,,,,,0.0,1.0,1/22/26 2:28:55 PM,
1.0,PUMA,Licensed,Apparel,Top,MCFC_25_YOH_JSY,Manchester City FC YOH Jersey,785894,WHT,White,XXL,,150729,0,0,0,0,0,61.6,0.0,130.0,0.0,130.0,0.0,0.0,,PUMA,0.0,0.0,,,,,,,Tops,False,1.0,True,0.0,,True,True,False,1.0,,,,,0.0,0.0,,
1.0,PUMA,Licensed,Apparel,Top,MCFC_25_YOH_JSY,Manchester City FC YOH Jersey,785894,WHT,White,XXXL,,150730,0,0,0,0,0,61.6,0.0,130.0,0.0,130.0,0.0,0.0,,PUMA,0.0,0.0,,,,,,,Tops,False,1.0,True,0.0,,True,True,False,1.0,,,,,0.0,0.0,,
1.0,PUMA,Licensed,Apparel,Jacket,ACM_25_WARMUP_1/4,AC Milan Warmeup 1/4 Zip,782391,Red,Red,XXS,,150731,0,0,0,0,0,50.0,0.0,110.0,0.0,110.0,0.0,0.0,,PUMA,0.0,0.0,,,,,,,Tops,False,1.0,True,0.0,,True,True,False,1.0,,,,,0.0,0.0,,
1.0,PUMA,Licensed,ACCESSORIES,Balls,ACM_25_CULTURE_BALL,AC Culture Ball,084972,RED,Red,1,,150733,0,0,0,0,0,16.45,0.0,35.0,0.0,35.0,0.0,0.0,,PUMA,0.0,0.0,,,,,,,Balls,False,1.0,True,0.0,,True,True,False,1.0,,,,,0.0,0.0,,
1.0,PUMA,Licensed,ACCESSORIES,Balls,ACM_25_CULTURE_BALL,AC Culture Ball,084972,RED,Red,2,,150734,0,0,0,0,0,16.45,0.0,35.0,0.0,35.0,0.0,0.0,,PUMA,0.0,0.0,,,,,,,Balls,False,1.0,True,0.0,,True,True,False,1.0,,,,,0.0,0.0,,
1.0,PUMA,Licensed,ACCESSORIES,Balls,ACM_25_CULTURE_BALL,AC Culture Ball,084972,RED,Red,3,,150735,0,0,0,0,0,16.45,0.0,35.0,0.0,35.0,0.0,0.0,,PUMA,0.0,0.0,,,,,,,Balls,False,1.0,True,0.0,,True,True,False,1.0,,,,,0.0,0.0,,
1.0,PUMA,Licensed,ACCESSORIES,Balls,ACM_25_CULTURE_BALL,AC Culture Ball,084972,RED,Red,4,,150736,0,0,0,0,0,16.45,0.0,35.0,0.0,35.0,0.0,0.0,,PUMA,0.0,0.0,,,,,,,Balls,False,1.0,True,0.0,,True,True,False,1.0,,,,,0.0,0.0,,
1.0,PUMA,Licensed,ACCESSORIES,Balls,ACM_25_CULTURE_BALL,AC Culture Ball,084972,RED,Red,5,,150737,2,0,0,0,2,16.45,32.9,35.0,70.0,35.0,70.0,0.0,,PUMA,0.0,0.0,,,,,,,Balls,False,1.0,True,0.0,,True,True,False,1.0,,,,,0.0,2.0,1/22/26 2:41:53 PM,
1.0,PUMA,Licensed,Apparel,KITS,FPF_25_H_BABYKIT,Portugal Baby Kit,779196,RED,Red,0-3,,145921,1,0,0,0,1,32.55,32.55,70.0,70.0,70.0,70.0,0.0,,WEST COAST,0.0,0.0,,,,,,,Baby,False,1.0,True,0.0,,True,True,False,1.0,,,,,0.0,1.0,1/25/25 10:03:05 AM,
1.0,PUMA,Licensed,Apparel,KITS,FPF_25_H_BABYKIT,Portugal Baby Kit,779196,RED,Red,3-6,,145922,1,0,0,0,1,32.55,32.55,70.0,70.0,70.0,70.0,0.0,,WEST COAST,0.0,0.0,,,,,,,Baby,False,1.0,True,0.0,,True,True,False,1.0,,,,,0.0,1.0,1/25/25 10:03:05 AM,
1.0,PUMA,Licensed,Apparel,KITS,FPF_25_H_BABYKIT,Portugal Baby Kit,779196,RED,Red,6-9,,145923,2,0,0,0,2,32.55,65.1,70.0,140.0,70.0,140.0,0.0,,WEST COAST,0.0,0.0,,,,,,,Baby,False,1.0,True,0.0,,True,True,False,1.0,,,,,0.0,2.0,1/25/25 10:03:05 AM,
1.0,PUMA,Licensed,Apparel,KITS,FPF_25_H_BABYKIT,Portugal Baby Kit,779196,RED,Red,4T,,145924,1,0,0,0,1,32.55,32.55,70.0,70.0,70.0,70.0,0.0,,WEST COAST,0.0,0.0,,,,,,,Baby,False,1.0,True,0.0,,True,True,False,1.0,,,,,1.0,2.0,1/25/25 10:03:05 AM,
1.0,PUMA,Licensed,Apparel,KITS,FPF_25_H_BABYKIT,Portugal Baby Kit,779196,RED,Red,6T,,145925,0,0,0,0,0,32.55,0.0,70.0,0.0,70.0,0.0,0.0,,WEST COAST,0.0,0.0,,,,,,,Baby,False,1.0,True,0.0,,True,True,False,1.0,,,,,1.0,1.0,1/25/25 10:03:05 AM,
1.0,PUMA,Licensed,Apparel,KITS,FPF_25_H_BABYKIT,Portugal Baby Kit,779196,RED,Red,3T,,145926,-2,0,0,0,-2,55.0,-110.0,110.0,-220.0,110.0,-220.0,0.0,,WEST COAST,0.0,0.0,,,,,,,Baby,False,1.0,True,0.0,,True,True,False,1.0,,,,,2.0,0.0,,
1.0,PUMA,Licensed,Apparel,KITS,FPF_25_H_BABYKIT,Portugal Baby Kit,779196,RED,Red,5T,,145927,-2,0,0,0,-2,55.0,-110.0,110.0,-220.0,110.0,-220.0,0.0,,WEST COAST,0.0,0.0,,,,,,,Baby,False,1.0,True,0.0,,True,True,False,1.0,,,,,2.0,0.0,,
1.0,PUMA,Licensed,Apparel,Shorts,FPF_25_H_SHORTS,Portugal Shorts,779226,GRN,Green,XXS,,145928,0,0,0,0,0,32.55,0.0,70.0,0.0,70.0,0.0,0.0,,WEST COAST,0.0,0.0,,,,,,,Shorts,False,1.0,True,0.0,,True,True,False,1.0,,,,,0.0,0.0,,
1.0,PUMA,Licensed,Apparel,Shorts,FPF_25_H_SHORTS,Portugal Shorts,779226,GRN,Green,XS,,145929,0,0,0,0,0,32.55,0.0,70.0,0.0,70.0,0.0,0.0,,WEST COAST,0.0,0.0,,,,,,,Shorts,False,1.0,True,0.0,,True,True,False,1.0,,,,,0.0,0.0,,
1.0,PUMA,Licensed,Apparel,Shorts,FPF_25_H_SHORTS,Portugal Shorts,779226,GRN,Green,S,,145930,1,0,0,0,1,32.55,32.55,70.0,70.0,70.0,70.0,0.0,,WEST COAST,0.0,0.0,,,,,,,Shorts,False,1.0,True,0.0,,True,True,False,1.0,,,,,0.0,1.0,1/25/25 11:43:34 AM,
1.0,PUMA,Licensed,Apparel,Shorts,FPF_25_H_SHORTS,Portugal Shorts,779226,GRN,Green,M,,145931,1,0,0,0,1,32.55,32.55,70.0,70.0,70.0,70.0,0.0,,WEST COAST,0.0,0.0,,,,,,,Shorts,False,1.0,True,0.0,,True,True,False,1.0,,,,,1.0,2.0,1/25/25 11:43:34 AM,
1.0,PUMA,Licensed,Apparel,Shorts,FPF_25_H_SHORTS,Portugal Shorts,779226,GRN,Green,L,,145932,0,0,0,0,0,32.55,0.0,70.0,0.0,70.0,0.0,0.0,,WEST COAST,0.0,0.0,,,,,,,Shorts,False,1.0,True,0.0,,True,True,False,1.0,,,,,1.0,1.0,1/25/25 11:43:34 AM,
1.0,PUMA,Licensed,Apparel,Shorts,FPF_25_H_SHORTS,Portugal Shorts,779226,GRN,Green,XL,,145933,0,0,0,0,0,32.55,0.0,70.0,0.0,70.0,0.0,0.0,,WEST COAST,0.0,0.0,,,,,,,Shorts,False,1.0,True,0.0,,True,True,False,1.0,,,,,0.0,0.0,,
1.0,PUMA,Licensed,Apparel,Shorts,FPF_25_H_SHORTS,Portugal Shorts,779226,GRN,Green,XXL,,145934,0,0,0,0,0,32.55,0.0,70.0,0.0,70.0,0.0,0.0,,WEST COAST,0.0,0.0,,,,,,,Shorts,False,1.0,True,0.0,,True,True,False,1.0,,,,,0.0,0.0,,
1.0,PUMA,Licensed,Apparel,Shorts,FPF_25_A_SHORTS,Portugal Shorts,779226,WHT,White,XXS,,145935,0,0,0,0,0,32.55,0.0,70.0,0.0,70.0,0.0,0.0,,WEST COAST,0.0,0.0,,,,,,,Shorts,False,1.0,True,0.0,,True,True,False,1.0,,,,,0.0,0.0,,
1.0,PUMA,Licensed,Apparel,Shorts,FPF_25_A_SHORTS,Portugal Shorts,779226,WHT,White,XS,,145936,0,0,0,0,0,32.55,0.0,70.0,0.0,70.0,0.0,0.0,,WEST COAST,0.0,0.0,,,,,,,Shorts,False,1.0,True,0.0,,True,True,False,1.0,,,,,0.0,0.0,,
1.0,PUMA,Licensed,Apparel,Shorts,FPF_25_A_SHORTS,Portugal Shorts,779226,WHT,White,S,,145937,0,0,0,0,0,32.55,0.0,70.0,0.0,70.0,0.0,0.0,,WEST COAST,0.0,0.0,,,,,,,Shorts,False,1.0,True,0.0,,True,True,False,1.0,,,,,1.0,1.0,1/25/25 11:45:00 AM,
1.0,PUMA,Licensed,Apparel,Shorts,FPF_25_A_SHORTS,Portugal Shorts,779226,WHT,White,M,,145938,2,0,0,0,2,32.55,65.1,70.0,140.0,70.0,140.0,0.0,,WEST COAST,0.0,0.0,,,,,,,Shorts,False,1.0,True,0.0,,True,True,False,1.0,,,,,0.0,2.0,1/25/25 11:45:00 AM,
1.0,PUMA,Licensed,Apparel,Shorts,FPF_25_A_SHORTS,Portugal Shorts,779226,WHT,White,L,,145939,1,0,0,0,1,32.55,32.55,70.0,70.0,70.0,70.0,0.0,,WEST COAST,0.0,0.0,,,,,,,Shorts,False,1.0,True,0.0,,True,True,False,1.0,,,,,1.0,2.0,1/25/25 11:45:00 AM,
1.0,PUMA,Licensed,Apparel,Shorts,FPF_25_A_SHORTS,Portugal Shorts,779226,WHT,White,XL,,145940,0,0,0,0,0,32.55,0.0,70.0,0.0,70.0,0.0,0.0,,WEST COAST,0.0,0.0,,,,,,,Shorts,False,1.0,True,0.0,,True,True,False,1.0,,,,,0.0,0.0,,
1.0,PUMA,Licensed,Apparel,Shorts,FPF_25_A_SHORTS,Portugal Shorts,779226,WHT,White,XXL,,145941,0,0,0,0,0,32.55,0.0,70.0,0.0,70.0,0.0,0.0,,WEST COAST,0.0,0.0,,,,,,,Shorts,False,1.0,True,0.0,,True,True,False,1.0,,,,,0.0,0.0,,
1.0,PUMA,Licensed,Apparel,Jerseys,FPF_25_TRN_JSY,Portugal Training Jsy,779512,WHT,White,XXS,,145942,0,0,0,0,0,30.25,0.0,65.0,0.0,65.0,0.0,0.0,,PUMA,0.0,0.0,,,,,,,Shorts,False,1.0,True,0.0,,True,True,False,1.0,,,,,0.0,0.0,,
1.0,PUMA,Licensed,Apparel,Jerseys,FPF_25_TRN_JSY,Portugal Training Jsy,779512,WHT,White,XS,,145943,0,0,0,0,0,30.25,0.0,65.0,0.0,65.0,0.0,0.0,,PUMA,0.0,0.0,,,,,,,Shorts,False,1.0,True,0.0,,True,True,False,1.0,,,,,0.0,0.0,,
1.0,PUMA,Licensed,Apparel,Jerseys,FPF_25_TRN_JSY,Portugal Training Jsy,779512,WHT,White,S,,145944,1,0,0,0,1,30.25,30.25,65.0,65.0,65.0,65.0,0.0,,PUMA,0.0,0.0,,,,,,,Shorts,False,1.0,True,0.0,,True,True,False,1.0,,,,,1.0,2.0,1/25/25 11:52:15 AM,
1.0,PUMA,Licensed,Apparel,Jerseys,FPF_25_TRN_JSY,Portugal Training Jsy,779512,WHT,White,M,,145945,2,0,0,0,2,30.25,60.5,65.0,130.0,65.0,130.0,0.0,,PUMA,0.0,0.0,,,,,,,Shorts,False,1.0,True,0.0,,True,True,False,1.0,,,,,0.0,2.0,1/25/25 11:52:16 AM,
1.0,PUMA,Licensed,Apparel,Jerseys,FPF_25_TRN_JSY,Portugal Training Jsy,779512,WHT,White,L,,145946,1,0,0,0,1,30.25,30.25,65.0,65.0,65.0,65.0,0.0,,PUMA,0.0,0.0,,,,,,,Shorts,False,1.0,True,0.0,,True,True,False,1.0,,,,,1.0,2.0,1/25/25 11:52:16 AM,
1.0,PUMA,Licensed,Apparel,Jerseys,FPF_25_TRN_JSY,Portugal Training Jsy,779512,WHT,White,XL,,145947,0,0,0,0,0,30.25,0.0,65.0,0.0,65.0,0.0,0.0,,PUMA,0.0,0.0,,,,,,,Shorts,False,1.0,True,0.0,,True,True,False,1.0,,,,,0.0,0.0,,
1.0,PUMA,Licensed,Apparel,Jerseys,FPF_25_TRN_JSY,Portugal Training Jsy,779512,WHT,White,XXL,,145948,0,0,0,0,0,30.25,0.0,65.0,0.0,65.0,0.0,0.0,,PUMA,0.0,0.0,,,,,,,Shorts,False,1.0,True,0.0,,True,True,False,1.0,,,,,0.0,0.0,,
1.0,PUMA,Licensed,Apparel,Jerseys,FPF_25_TRN_JSY,Portugal Training Jsy,779512,NVY,Navy,XXS,,145949,0,0,0,0,0,30.25,0.0,65.0,0.0,65.0,0.0,0.0,,PUMA,0.0,0.0,,,,,,,Shorts,False,1.0,True,0.0,,True,True,False,1.0,,,,,0.0,0.0,,
1.0,PUMA,Licensed,Apparel,Jerseys,FPF_25_TRN_JSY,Portugal Training Jsy,779512,NVY,Navy,XS,,145950,0,0,0,0,0,30.25,0.0,65.0,0.0,65.0,0.0,0.0,,PUMA,0.0,0.0,,,,,,,Shorts,False,1.0,True,0.0,,True,True,False,1.0,,,,,0.0,0.0,,
1.0,PUMA,Licensed,Apparel,Jerseys,FPF_25_TRN_JSY,Portugal Training Jsy,779512,NVY,Navy,S,,145951,0,0,0,0,0,30.25,0.0,65.0,0.0,65.0,0.0,0.0,,PUMA,0.0,0.0,,,,,,,Shorts,False,1.0,True,0.0,,True,True,False,1.0,,,,,3.0,3.0,1/25/25 11:52:43 AM,
1.0,PUMA,Licensed,Apparel,Jerseys,FPF_25_TRN_JSY,Portugal Training Jsy,779512,NVY,Navy,M,,145952,1,0,0,0,1,30.25,30.25,65.0,65.0,65.0,65.0,0.0,,PUMA,0.0,0.0,,,,,,,Shorts,False,1.0,True,0.0,,True,True,False,1.0,,,,,2.0,3.0,1/25/25 11:52:43 AM,
1.0,PUMA,Licensed,Apparel,Jerseys,FPF_25_TRN_JSY,Portugal Training Jsy,779512,NVY,Navy,L,,145953,3,0,0,0,3,30.25,90.75,65.0,195.0,65.0,195.0,0.0,,PUMA,0.0,0.0,,,,,,,Shorts,False,1.0,True,0.0,,True,True,False,1.0,,,,,0.0,3.0,1/25/25 11:52:43 AM,
1.0,ADIDAS,Licensed,Apparel,Jerseys,T25_C_GK_JSY,T25 C GK Jersey,JI9726,PUR,Purple,XS,,146413,0,0,0,0,0,30.0,0.0,75.0,0.0,75.0,0.0,0.0,,PUMA,0.0,0.0,,,,,,,Tops,False,1.0,True,0.0,,True,True,False,1.0,,,,,0.0,0.0,,
1.0,ADIDAS,Licensed,Apparel,Jerseys,T25_C_GK_JSY,T25 C GK Jersey,JI9726,PUR,Purple,S,,146414,1,0,0,0,1,30.0,30.0,75.0,75.0,75.0,75.0,0.0,,PUMA,0.0,0.0,,,,,,,Tops,False,1.0,True,0.0,,True,True,False,1.0,,,,,0.0,1.0,2/14/25 4:15:45 PM,
1.0,ADIDAS,Licensed,Apparel,Jerseys,T25_C_GK_JSY,T25 C GK Jersey,JI9726,PUR,Purple,M,,146415,1,0,0,0,1,30.0,30.0,75.0,75.0,75.0,75.0,0.0,,PUMA,0.0,0.0,,,,,,,Tops,False,1.0,True,0.0,,True,True,False,1.0,,,,,0.0,1.0,2/14/25 4:15:45 PM,
1.0,ADIDAS,Licensed,Apparel,Jerseys,T25_C_GK_JSY,T25 C GK Jersey,JI9726,PUR,Purple,L,,146416,0,0,0,0,0,30.0,0.0,75.0,0.0,75.0,0.0,0.0,,PUMA,0.0,0.0,,,,,,,Tops,False,1.0,True,0.0,,True,True,False,1.0,,,,,1.0,1.0,2/14/25 4:15:45 PM,
1.0,ADIDAS,Licensed,Apparel,Jerseys,T25_C_GK_JSY,T25 C GK Jersey,JI9726,PUR,Purple,XL,,146417,0,0,0,0,0,30.0,0.0,75.0,0.0,75.0,0.0,0.0,,PUMA,0.0,0.0,,,,,,,Tops,False,1.0,True,0.0,,True,True,False,1.0,,,,,0.0,0.0,,
1.0,ADIDAS,Licensed,Apparel,Jerseys,T25_C_GK_JSY,T25 C GK Jersey,JI9726,PUR,Purple,XXL,,146418,0,0,0,0,0,30.0,0.0,75.0,0.0,75.0,0.0,0.0,,PUMA,0.0,0.0,,,,,,,Tops,False,1.0,True,0.0,,True,True,False,1.0,,,,,0.0,0.0,,
1.0,ADIDAS,Licensed,Apparel,Jerseys,T25_C_GK_JSY,T25 C GK Jersey,JI9726,PUR,Purple,XXXL,,146419,0,0,0,0,0,30.0,0.0,75.0,0.0,75.0,0.0,0.0,,PUMA,0.0,0.0,,,,,,,Tops,False,1.0,True,0.0,,True,True,False,1.0,,,,,0.0,0.0,,
1.0,ADIDAS,Licensed,Apparel,Jerseys,T25_C_GK_JSY,T25 C GK Jersey,JI9726,BLU,Blue,XS,,146420,0,0,0,0,0,30.0,0.0,75.0,0.0,75.0,0.0,0.0,,PUMA,0.0,0.0,,,,,,,Tops,False,1.0,True,0.0,,True,True,False,1.0,,,,,0.0,0.0,,
1.0,ADIDAS,Licensed,Apparel,Jerseys,T25_C_GK_JSY,T25 C GK Jersey,JI9726,BLU,Blue,S,,146421,1,0,0,0,1,30.0,30.0,75.0,75.0,75.0,75.0,0.0,,PUMA,0.0,0.0,,,,,,,Tops,False,1.0,True,0.0,,True,True,False,1.0,,,,,0.0,1.0,2/14/25 4:16:18 PM,
1.0,ADIDAS,Licensed,Apparel,Jerseys,T25_C_GK_JSY,T25 C GK Jersey,JI9726,BLU,Blue,M,,146422,1,0,0,0,1,30.0,30.0,75.0,75.0,75.0,75.0,0.0,,PUMA,0.0,0.0,,,,,,,Tops,False,1.0,True,0.0,,True,True,False,1.0,,,,,0.0,1.0,2/14/25 4:16:18 PM,
1.0,ADIDAS,Licensed,Apparel,Jerseys,T25_C_GK_JSY,T25 C GK Jersey,JI9726,BLU,Blue,L,,146423,0,0,0,0,0,30.0,0.0,75.0,0.0,75.0,0.0,0.0,,PUMA,0.0,0.0,,,,,,,Tops,False,1.0,True,0.0,,True,True,False,1.0,,,,,1.0,1.0,2/14/25 4:16:18 PM,
1.0,ADIDAS,Licensed,Apparel,Jerseys,T25_C_GK_JSY,T25 C GK Jersey,JI9726,BLU,Blue,XL,,146424,1,0,0,0,1,30.0,30.0,75.0,75.0,75.0,75.0,0.0,,PUMA,0.0,0.0,,,,,,,Tops,False,1.0,True,0.0,,True,True,False,1.0,,,,,0.0,1.0,2/14/25 4:16:18 PM,
1.0,ADIDAS,Licensed,Apparel,Jerseys,T25_C_GK_JSY,T25 C GK Jersey,JI9726,BLU,Blue,XXL,,146425,0,0,0,0,0,30.0,0.0,75.0,0.0,75.0,0.0,0.0,,PUMA,0.0,0.0,,,,,,,Tops,False,1.0,True,0.0,,True,True,False,1.0,,,,,0.0,0.0,,
1.0,ADIDAS,Licensed,Apparel,Jerseys,T25_C_GK_JSY,T25 C GK Jersey,JI9726,BLU,Blue,XXXL,,146426,0,0,0,0,0,30.0,0.0,75.0,0.0,75.0,0.0,0.0,,PUMA,0.0,0.0,,,,,,,Tops,False,1.0,True,0.0,,True,True,False,1.0,,,,,0.0,0.0,,
1.0,PUMA,Licensed,Apparel,Jerseys,FPF_25_H_JSY,Portugal Home Jersey,779190,RED,Red,XS,,146654,0,0,0,0,0,56.4,0.0,120.0,0.0,120.0,0.0,0.0,,WEST COAST,0.0,0.0,,,,,,,Tops,False,1.0,True,0.0,,True,True,False,1.0,,,,,0.0,0.0,,
1.0,PUMA,Licensed,Apparel,Jerseys,FPF_25_H_JSY,Portugal Home Jersey,779190,RED,Red,S,,146655,4,0,0,0,4,56.4,225.6,120.0,480.0,120.0,480.0,0.0,,WEST COAST,0.0,0.0,,,,,,,Tops,False,1.0,True,0.0,,True,True,False,1.0,,,,,1.0,5.0,3/23/25 12:37:01 PM,
1.0,PUMA,Licensed,Apparel,Jerseys,FPF_25_H_JSY,Portugal Home Jersey,779190,RED,Red,M,,146656,1,0,0,0,1,56.4,56.4,120.0,120.0,120.0,120.0,0.0,,WEST COAST,0.0,0.0,,,,,,,Tops,False,1.0,True,0.0,,True,True,False,1.0,,,,,4.0,5.0,3/23/25 12:37:01 PM,
1.0,PUMA,Licensed,Apparel,Jerseys,FPF_25_H_JSY,Portugal Home Jersey,779190,RED,Red,L,,146657,3,0,0,0,3,56.4,169.2,120.0,360.0,120.0,360.0,0.0,,WEST COAST,0.0,0.0,,,,,,,Tops,False,1.0,True,0.0,,True,True,False,1.0,,,,,2.0,5.0,3/23/25 12:37:01 PM,
1.0,PUMA,Licensed,Apparel,Jerseys,FPF_25_H_JSY,Portugal Home Jersey,779190,RED,Red,XL,,146658,0,0,0,0,0,56.4,0.0,120.0,0.0,120.0,0.0,0.0,,WEST COAST,0.0,0.0,,,,,,,Tops,False,1.0,True,0.0,,True,True,False,1.0,,,,,2.0,2.0,3/23/25 12:37:01 PM,
1.0,PUMA,Licensed,Apparel,Jerseys,FPF_25_H_JSY,Portugal Home Jersey,779190,RED,Red,XXL,,146659,-1,0,0,0,-1,56.4,-56.4,120.0,-120.0,120.0,-120.0,0.0,,WEST COAST,0.0,0.0,,,,,,,Tops,False,1.0,True,0.0,,True,True,False,1.0,,,,,2.0,1.0,3/23/25 12:37:01 PM,
1.0,PUMA,Licensed,Apparel,Jerseys,FPF_25_H_JSY,Portugal Home Jersey,779190,RED,Red,XXXL,,146660,1,0,0,0,1,56.4,56.4,120.0,120.0,120.0,120.0,0.0,,WEST COAST,0.0,0.0,,,,,,,Tops,False,1.0,True,0.0,,True,True,False,1.0,,,,,0.0,1.0,3/23/25 12:37:01 PM,
1.0,PUMA,Licensed,Apparel,Jerseys,FPF_25_A_JSY,Portugal Away Jersey,779209,RED,Red,XS,,146661,0,0,0,0,0,56.4,0.0,120.0,0.0,120.0,0.0,0.0,,WEST COAST,0.0,0.0,,,,,,,Tops,False,1.0,True,0.0,,True,True,False,1.0,,,,,0.0,0.0,,
1.0,PUMA,Licensed,Apparel,Jerseys,FPF_25_A_JSY,Portugal Away Jersey,779209,RED,Red,S,,146662,2,0,0,0,2,56.4,112.8,120.0,240.0,120.0,240.0,0.0,,WEST COAST,0.0,0.0,,,,,,,Tops,False,1.0,True,0.0,,True,True,False,1.0,,,,,2.0,4.0,3/23/25 12:39:36 PM,
1.0,PUMA,Licensed,Apparel,Jerseys,FPF_25_A_JSY,Portugal Away Jersey,779209,RED,Red,M,,146663,2,0,0,0,2,56.4,112.8,120.0,240.0,120.0,240.0,0.0,,WEST COAST,0.0,0.0,,,,,,,Tops,False,1.0,True,0.0,,True,True,False,1.0,,,,,4.0,6.0,3/23/25 12:39:36 PM,
1.0,PUMA,Licensed,Apparel,Jerseys,FPF_25_A_JSY,Portugal Away Jersey,779209,RED,Red,L,,146664,2,0,0,0,2,56.4,112.8,120.0,240.0,120.0,240.0,0.0,,WEST COAST,0.0,0.0,,,,,,,Tops,False,1.0,True,0.0,,True,True,False,1.0,,,,,4.0,6.0,3/23/25 12:39:36 PM,
1.0,PUMA,Licensed,Apparel,Jerseys,FPF_25_A_JSY,Portugal Away Jersey,779209,RED,Red,XL,,146665,2,0,0,0,2,56.4,112.8,120.0,240.0,120.0,240.0,0.0,,WEST COAST,0.0,0.0,,,,,,,Tops,False,1.0,True,0.0,,True,True,False,1.0,,,,,1.0,3.0,3/23/25 12:39:36 PM,
1.0,PUMA,Licensed,Apparel,Jerseys,FPF_25_A_JSY,Portugal Away Jersey,779209,RED,Red,XXL,,146666,0,0,0,0,0,56.4,0.0,120.0,0.0,120.0,0.0,0.0,,WEST COAST,0.0,0.0,,,,,,,Tops,False,1.0,True,0.0,,True,True,False,1.0,,,,,0.0,0.0,,
1.0,PUMA,Licensed,Apparel,Jerseys,FPF_25_A_JSY,Portugal Away Jersey,779209,RED,Red,XXXL,,146667,0,0,0,0,0,56.4,0.0,120.0,0.0,120.0,0.0,0.0,,WEST COAST,0.0,0.0,,,,,,,Tops,False,1.0,True,0.0,,True,True,False,1.0,,,,,0.0,0.0,,
1.0,NIKE,Licensed,Apparel,Hoody,ENG_25_HOODIE,England Fleece Hoodie,HF4183,BLU,Blue,XS,,146785,0,0,0,0,0,44.6,0.0,95.0,0.0,95.0,0.0,0.0,,NIKE,0.0,0.0,,,,,,,Tops,False,1.0,True,0.0,,True,True,False,1.0,,,,,0.0,0.0,,
1.0,NIKE,Licensed,Apparel,Hoody,ENG_25_HOODIE,England Fleece Hoodie,HF4183,BLU,Blue,S,,146786,0,0,0,0,0,44.6,0.0,95.0,0.0,95.0,0.0,0.0,,NIKE,0.0,0.0,,,,,,,Tops,False,1.0,True,0.0,,True,True,False,1.0,,,,,1.0,1.0,4/11/25 12:29:07 PM,
1.0,NIKE,Licensed,Apparel,Hoody,ENG_25_HOODIE,England Fleece Hoodie,HF4183,BLU,Blue,M,,146787,1,0,0,0,1,44.6,44.6,95.0,95.0,95.0,95.0,0.0,,NIKE,0.0,0.0,,,,,,,Tops,False,1.0,True,0.0,,True,True,False,1.0,,,,,0.0,1.0,4/11/25 12:29:07 PM,
1.0,NIKE,Licensed,Apparel,Hoody,ENG_25_HOODIE,England Fleece Hoodie,HF4183,BLU,Blue,L,,146788,1,0,0,0,1,44.6,44.6,95.0,95.0,95.0,95.0,0.0,,NIKE,0.0,0.0,,,,,,,Tops,False,1.0,True,0.0,,True,True,False,1.0,,,,,0.0,1.0,4/11/25 12:29:07 PM,
1.0,NIKE,Licensed,Apparel,Hoody,ENG_25_HOODIE,England Fleece Hoodie,HF4183,BLU,Blue,XL,,146789,0,0,0,0,0,44.6,0.0,95.0,0.0,95.0,0.0,0.0,,NIKE,0.0,0.0,,,,,,,Tops,False,1.0,True,0.0,,True,True,False,1.0,,,,,0.0,0.0,,
1.0,NIKE,Licensed,Apparel,Hoody,ENG_25_HOODIE,England Fleece Hoodie,HF4183,BLU,Blue,XXL,,146790,0,0,0,0,0,44.6,0.0,95.0,0.0,95.0,0.0,0.0,,NIKE,0.0,0.0,,,,,,,Tops,False,1.0,True,0.0,,True,True,False,1.0,,,,,0.0,0.0,,
1.0,NIKE,Licensed,Apparel,Hoody,ENG_25_HOODIE,England Fleece Hoodie,HF4183,BLU,Blue,XXXL,,146791,0,0,0,0,0,44.6,0.0,95.0,0.0,95.0,0.0,0.0,,NIKE,0.0,0.0,,,,,,,Tops,False,1.0,True,0.0,,True,True,False,1.0,,,,,0.0,0.0,,
1.0,NIKE,Licensed,Apparel,Socks,VAPOR_STRK_SLEEVE_25,Nike Strike Sleeve Socks,DH6616,WHT,White,XSS,,147773,0,0,0,0,0,12.22,0.0,26.0,0.0,26.0,0.0,0.0,,NIKE,0.0,0.0,,,,,,,Sleeves,False,1.0,True,0.0,,True,True,False,1.0,,,,,0.0,0.0,,
1.0,NIKE,Licensed,Apparel,Socks,VAPOR_STRK_SLEEVE_25,Nike Strike Sleeve Socks,DH6616,WHT,White,SM,,147774,16,0,0,0,16,12.22,195.52,26.0,416.0,26.0,416.0,0.0,,NIKE,0.0,0.0,,,,,,,Sleeves,False,1.0,True,0.0,,True,True,False,1.0,,,,,2.0,12.0,6/28/25 11:01:12 AM,
1.0,NIKE,Licensed,Apparel,Socks,VAPOR_STRK_SLEEVE_25,Nike Strike Sleeve Socks,DH6616,WHT,White,LX,,147775,30,0,0,0,30,12.22,366.6,26.0,780.0,26.0,780.0,0.0,,NIKE,0.0,0.0,,,,,,,Sleeves,False,1.0,True,0.0,,True,True,False,1.0,,,,,0.0,12.0,10/30/25 1:32:54 PM,
1.0,NIKE,Licensed,Apparel,Socks,VAPOR_STRK_SLEEVE_25,Nike Strike Sleeve Socks,DH6616,Blk,Black,XSS,,147873,0,0,0,0,0,12.22,0.0,26.0,0.0,26.0,0.0,0.0,,NIKE,0.0,0.0,,,,,,,Sleeves,False,1.0,True,0.0,,True,True,False,1.0,,,,,0.0,0.0,,
1.0,NIKE,Licensed,Apparel,Socks,VAPOR_STRK_SLEEVE_25,Nike Strike Sleeve Socks,DH6616,Blk,Black,SM,,147874,24,0,0,0,24,12.22,293.28,26.0,624.0,26.0,624.0,0.0,,NIKE,0.0,0.0,,,,,,,Sleeves,False,1.0,True,0.0,,True,True,False,1.0,,,,,0.0,12.0,6/28/25 11:01:12 AM,
1.0,NIKE,Licensed,Apparel,Socks,VAPOR_STRK_SLEEVE_25,Nike Strike Sleeve Socks,DH6616,Blk,Black,LX,,147875,41,0,0,0,41,12.22,501.02,26.0,1066.0,26.0,1066.0,0.0,,NIKE,0.0,0.0,,,,,,,Sleeves,False,1.0,True,0.0,,True,True,False,1.0,,,,,1.0,12.0,10/30/25 1:32:54 PM,
1.0,ADIDAS,Licensed,Apparel,Jerseys,RM_25_H_JSY_Y,Ream Madrid Home Jersey Y,JN8887,WHT,White,Y2XS,,147876,0,0,0,0,0,47.0,0.0,100.0,0.0,100.0,0.0,0.0,,ADIDAS,0.0,0.0,,,,,,,Tops_Youth,False,1.0,True,0.0,,True,True,False,1.0,,,,,0.0,0.0,,
1.0,ADIDAS,Licensed,Apparel,Jerseys,RM_25_H_JSY_Y,Ream Madrid Home Jersey Y,JN8887,WHT,White,YXS,,147877,0,0,0,0,0,47.0,0.0,100.0,0.0,100.0,0.0,0.0,,ADIDAS,0.0,0.0,,,,,,,Tops_Youth,False,1.0,True,0.0,,True,True,False,1.0,,,,,2.0,2.0,6/25/25 2:30:56 PM,
1.0,ADIDAS,Licensed,Apparel,Jerseys,RM_25_H_JSY_Y,Ream Madrid Home Jersey Y,JN8887,WHT,White,YS,,147878,0,0,0,0,0,47.0,0.0,100.0,0.0,100.0,0.0,0.0,,ADIDAS,0.0,0.0,,,,,,,Tops_Youth,False,1.0,True,0.0,,True,True,False,1.0,,,,,3.0,3.0,6/25/25 2:30:57 PM,
1.0,ADIDAS,Licensed,Apparel,Jerseys,RM_25_H_JSY_Y,Ream Madrid Home Jersey Y,JN8887,WHT,White,YM,,147879,3,0,0,0,3,47.0,141.0,100.0,300.0,100.0,300.0,0.0,,ADIDAS,0.0,0.0,,,,,,,Tops_Youth,False,1.0,True,0.0,,True,True,False,1.0,,,,,3.0,6.0,6/25/25 2:30:57 PM,
1.0,ADIDAS,Licensed,Apparel,Jerseys,RM_25_H_JSY_Y,Ream Madrid Home Jersey Y,JN8887,WHT,White,YL,,147880,3,0,0,0,3,47.0,141.0,100.0,300.0,100.0,300.0,0.0,,ADIDAS,0.0,0.0,,,,,,,Tops_Youth,False,1.0,True,0.0,,True,True,False,1.0,,,,,1.0,4.0,6/25/25 2:30:58 PM,
1.0,ADIDAS,Licensed,Apparel,Jerseys,RM_25_H_JSY_Y,Ream Madrid Home Jersey Y,JN8887,WHT,White,YXL,,147881,3,0,0,0,3,47.0,141.0,100.0,300.0,100.0,300.0,0.0,,ADIDAS,0.0,0.0,,,,,,,Tops_Youth,False,1.0,True,0.0,,True,True,False,1.0,,,,,0.0,3.0,8/22/25 1:34:20 PM,
1.0,ADIDAS,Licensed,Apparel,Jerseys,RM_25_H_JSY,Ream Madrid Home Jersey,JJ1931,WHT,White,XS,,147882,0,0,0,0,0,60.72,0.0,120.0,0.0,120.0,0.0,0.0,,ADIDAS,0.0,0.0,,,,,,,Tops,False,1.0,True,0.0,,True,True,False,1.0,,,,,0.0,0.0,,
1.0,ADIDAS,Licensed,Apparel,Jerseys,RM_25_H_JSY,Ream Madrid Home Jersey,JJ1931,WHT,White,S,,147883,1,0,0,0,1,60.72,60.72,120.0,120.0,120.0,120.0,0.0,,ADIDAS,0.0,0.0,,,,,,,Tops,False,1.0,True,0.0,,True,True,False,1.0,,,,,2.0,3.0,6/25/25 2:45:40 PM,
1.0,ADIDAS,Licensed,Apparel,Jerseys,RM_25_H_JSY,Ream Madrid Home Jersey,JJ1931,WHT,White,M,,147884,2,0,0,0,2,60.72,121.44,120.0,240.0,120.0,240.0,0.0,,ADIDAS,0.0,0.0,,,,,,,Tops,False,1.0,True,0.0,,True,True,False,1.0,,,,,1.0,3.0,6/25/25 2:45:40 PM,
1.0,ADIDAS,Licensed,Apparel,Jerseys,RM_25_H_JSY,Ream Madrid Home Jersey,JJ1931,WHT,White,L,,147885,2,0,0,0,2,60.72,121.44,120.0,240.0,120.0,240.0,0.0,,ADIDAS,0.0,0.0,,,,,,,Tops,False,1.0,True,0.0,,True,True,False,1.0,,,,,1.0,3.0,6/25/25 2:45:40 PM,
1.0,ADIDAS,Licensed,Apparel,Jerseys,RM_25_H_JSY,Ream Madrid Home Jersey,JJ1931,WHT,White,XL,,147886,0,0,0,0,0,60.72,0.0,120.0,0.0,120.0,0.0,0.0,,ADIDAS,0.0,0.0,,,,,,,Tops,False,1.0,True,0.0,,True,True,False,1.0,,,,,0.0,0.0,,
1.0,ADIDAS,Licensed,Apparel,Jerseys,RM_25_H_JSY,Ream Madrid Home Jersey,JJ1931,WHT,White,XXL,,147887,0,0,0,0,0,60.72,0.0,120.0,0.0,120.0,0.0,0.0,,ADIDAS,0.0,0.0,,,,,,,Tops,False,1.0,True,0.0,,True,True,False,1.0,,,,,0.0,0.0,,
1.0,ADIDAS,Licensed,Apparel,Jerseys,RM_25_H_JSY,Ream Madrid Home Jersey,JJ1931,WHT,White,XXXL,,147888,0,0,0,0,0,60.72,0.0,120.0,0.0,120.0,0.0,0.0,,ADIDAS,0.0,0.0,,,,,,,Tops,False,1.0,True,0.0,,True,True,False,1.0,,,,,0.0,0.0,,
1.0,ADIDAS,Licensed,Apparel,Jerseys,RM_25_H_JSY_AU,Ream Madrid Home Jersey Authentic,JV5918,WHT,White,XS,,147889,0,0,0,0,0,89.3,0.0,190.0,0.0,190.0,0.0,0.0,,ADIDAS,0.0,0.0,,,,,,,Tops,False,1.0,True,0.0,,True,True,False,1.0,,,,,0.0,0.0,,
1.0,ADIDAS,Licensed,Apparel,Jerseys,RM_25_H_JSY_AU,Ream Madrid Home Jersey Authentic,JV5918,WHT,White,S,,147890,1,0,0,0,1,89.3,89.3,190.0,190.0,190.0,190.0,0.0,,ADIDAS,0.0,0.0,,,,,,,Tops,False,1.0,True,0.0,,True,True,False,1.0,,,,,1.0,2.0,6/25/25 2:48:49 PM,
1.0,ADIDAS,Licensed,Apparel,Jerseys,RM_25_H_JSY_AU,Ream Madrid Home Jersey Authentic,JV5918,WHT,White,M,,147891,2,0,0,0,2,89.3,178.6,190.0,380.0,190.0,380.0,0.0,,ADIDAS,0.0,0.0,,,,,,,Tops,False,1.0,True,0.0,,True,True,False,1.0,,,,,0.0,2.0,6/25/25 2:48:49 PM,
1.0,ADIDAS,Licensed,Apparel,Jerseys,RM_25_H_JSY_AU,Ream Madrid Home Jersey Authentic,JV5918,WHT,White,L,,147892,1,0,0,0,1,89.3,89.3,190.0,190.0,190.0,190.0,0.0,,ADIDAS,0.0,0.0,,,,,,,Tops,False,1.0,True,0.0,,True,True,False,1.0,,,,,0.0,1.0,6/25/25 2:48:49 PM,
1.0,ADIDAS,Licensed,Apparel,Jerseys,RM_25_H_JSY_AU,Ream Madrid Home Jersey Authentic,JV5918,WHT,White,XL,,147893,0,0,0,0,0,89.3,0.0,190.0,0.0,190.0,0.0,0.0,,ADIDAS,0.0,0.0,,,,,,,Tops,False,1.0,True,0.0,,True,True,False,1.0,,,,,0.0,0.0,,
1.0,ADIDAS,Licensed,Apparel,Jerseys,RM_25_H_JSY_AU,Ream Madrid Home Jersey Authentic,JV5918,WHT,White,XXL,,147894,0,0,0,0,0,89.3,0.0,190.0,0.0,190.0,0.0,0.0,,ADIDAS,0.0,0.0,,,,,,,Tops,False,1.0,True,0.0,,True,True,False,1.0,,,,,0.0,0.0,,
1.0,ADIDAS,Licensed,Apparel,Jerseys,RM_25_H_JSY_AU,Ream Madrid Home Jersey Authentic,JV5918,WHT,White,XXXL,,147895,0,0,0,0,0,89.3,0.0,190.0,0.0,190.0,0.0,0.0,,ADIDAS,0.0,0.0,,,,,,,Tops,False,1.0,True,0.0,,True,True,False,1.0,,,,,0.0,0.0,,
1.0,ADIDAS,Licensed,Apparel,Jerseys,RM_25_H_MINI_KIT,Real Madrid Mini Kit,JN8870,WHT,White,2XS,,147896,0,0,0,0,0,42.3,0.0,90.0,0.0,90.0,0.0,0.0,,ADIDAS,0.0,0.0,,,,,,,Infant_Adi,False,1.0,True,0.0,,True,True,False,1.0,,,,,0.0,0.0,,
1.0,ADIDAS,Licensed,Apparel,Jerseys,RM_25_H_MINI_KIT,Real Madrid Mini Kit,JN8870,WHT,White,XS,,147897,0,0,0,0,0,42.3,0.0,90.0,0.0,90.0,0.0,0.0,,ADIDAS,0.0,0.0,,,,,,,Infant_Adi,False,1.0,True,0.0,,True,True,False,1.0,,,,,0.0,0.0,,
1.0,ADIDAS,Licensed,Apparel,Jerseys,RM_25_H_MINI_KIT,Real Madrid Mini Kit,JN8870,WHT,White,2T,,147898,1,0,0,0,1,42.3,42.3,90.0,90.0,90.0,90.0,0.0,,ADIDAS,0.0,0.0,,,,,,,Infant_Adi,False,1.0,True,0.0,,True,True,False,1.0,,,,,0.0,1.0,8/22/25 2:04:47 PM,
1.0,ADIDAS,Licensed,Apparel,Jerseys,RM_25_H_MINI_KIT,Real Madrid Mini Kit,JN8870,WHT,White,3T,,147899,0,0,0,0,0,42.3,0.0,90.0,0.0,90.0,0.0,0.0,,ADIDAS,0.0,0.0,,,,,,,Infant_Adi,False,1.0,True,0.0,,True,True,False,1.0,,,,,1.0,1.0,6/25/25 2:52:09 PM,
1.0,ADIDAS,Licensed,Apparel,Jerseys,RM_25_H_MINI_KIT,Real Madrid Mini Kit,JN8870,WHT,White,4T,,147900,1,0,0,0,1,42.3,42.3,90.0,90.0,90.0,90.0,0.0,,ADIDAS,0.0,0.0,,,,,,,Infant_Adi,False,1.0,True,0.0,,True,True,False,1.0,,,,,1.0,2.0,6/25/25 2:52:09 PM,
1.0,ADIDAS,Licensed,Apparel,Jerseys,RM_25_H_MINI_KIT,Real Madrid Mini Kit,JN8870,WHT,White,5,,147901,1,0,0,0,1,42.3,42.3,90.0,90.0,90.0,90.0,0.0,,ADIDAS,0.0,0.0,,,,,,,Infant_Adi,False,1.0,True,0.0,,True,True,False,1.0,,,,,0.0,1.0,6/25/25 2:52:09 PM,
1.0,ADIDAS,Licensed,Apparel,Jerseys,RM_25_H_MINI_KIT,Real Madrid Mini Kit,JN8870,WHT,White,6,,147902,0,0,0,0,0,42.3,0.0,90.0,0.0,90.0,0.0,0.0,,ADIDAS,0.0,0.0,,,,,,,Infant_Adi,False,1.0,True,0.0,,True,True,False,1.0,,,,,0.0,0.0,,
1.0,ADIDAS,Licensed,Apparel,Pants,MUFC_25_TRN_PANTS,MUFC Traiining Pants,JP3118,BLK,Black,XXXS,,147903,0,0,0,0,0,42.3,0.0,90.0,0.0,90.0,0.0,0.0,,ADIDAS,0.0,0.0,,,,,,,Pants,False,1.0,True,0.0,,True,True,False,1.0,,,,,0.0,0.0,,
1.0,ADIDAS,Licensed,Apparel,Pants,MUFC_25_TRN_PANTS,MUFC Traiining Pants,JP3118,BLK,Black,XXS,,147904,0,0,0,0,0,42.3,0.0,90.0,0.0,90.0,0.0,0.0,,ADIDAS,0.0,0.0,,,,,,,Pants,False,1.0,True,0.0,,True,True,False,1.0,,,,,0.0,0.0,,
1.0,ADIDAS,Licensed,Apparel,Pants,MUFC_25_TRN_PANTS,MUFC Traiining Pants,JP3118,BLK,Black,XS,,147905,0,0,0,0,0,42.3,0.0,90.0,0.0,90.0,0.0,0.0,,ADIDAS,0.0,0.0,,,,,,,Pants,False,1.0,True,0.0,,True,True,False,1.0,,,,,0.0,0.0,,
1.0,ADIDAS,Licensed,Apparel,Pants,MUFC_25_TRN_PANTS,MUFC Traiining Pants,JP3118,BLK,Black,S,,147906,1,0,0,0,1,42.3,42.3,90.0,90.0,90.0,90.0,0.0,,ADIDAS,0.0,0.0,,,,,,,Pants,False,1.0,True,0.0,,True,True,False,1.0,,,,,0.0,1.0,6/25/25 3:10:13 PM,
1.0,ADIDAS,Licensed,Apparel,Pants,MUFC_25_TRN_PANTS,MUFC Traiining Pants,JP3118,BLK,Black,M,,147907,1,0,0,0,1,42.3,42.3,90.0,90.0,90.0,90.0,0.0,,ADIDAS,0.0,0.0,,,,,,,Pants,False,1.0,True,0.0,,True,True,False,1.0,,,,,0.0,1.0,6/25/25 3:10:14 PM,
1.0,ADIDAS,Licensed,Apparel,Pants,MUFC_25_TRN_PANTS,MUFC Traiining Pants,JP3118,BLK,Black,L,,147908,0,0,0,0,0,42.3,0.0,90.0,0.0,90.0,0.0,0.0,,ADIDAS,0.0,0.0,,,,,,,Pants,False,1.0,True,0.0,,True,True,False,1.0,,,,,0.0,0.0,,
1.0,ADIDAS,Licensed,Apparel,Pants,MUFC_25_TRN_PANTS,MUFC Traiining Pants,JP3118,BLK,Black,XL,,147909,0,0,0,0,0,42.3,0.0,90.0,0.0,90.0,0.0,0.0,,ADIDAS,0.0,0.0,,,,,,,Pants,False,1.0,True,0.0,,True,True,False,1.0,,,,,0.0,0.0,,
1.0,ADIDAS,Licensed,Apparel,Pants,MUFC_25_TRN_PANTS,MUFC Traiining Pants,JP3118,BLK,Black,XXL,,147910,0,0,0,0,0,42.3,0.0,90.0,0.0,90.0,0.0,0.0,,ADIDAS,0.0,0.0,,,,,,,Pants,False,1.0,True,0.0,,True,True,False,1.0,,,,,0.0,0.0,,
1.0,ADIDAS,Licensed,Apparel,Jerseys,RM_25_H_JSY_L,Ream Madrid Home Jersey LS,JN8884,WHT,White,XS,,147911,0,0,0,0,0,61.1,0.0,130.0,0.0,130.0,0.0,0.0,,ADIDAS,0.0,0.0,,,,,,,Tops,False,1.0,True,0.0,,True,True,False,1.0,,,,,0.0,0.0,,
1.0,ADIDAS,Licensed,Apparel,Jerseys,RM_25_H_JSY_L,Ream Madrid Home Jersey LS,JN8884,WHT,White,S,,147912,1,0,0,0,1,61.1,61.1,130.0,130.0,130.0,130.0,0.0,,ADIDAS,0.0,0.0,,,,,,,Tops,False,1.0,True,0.0,,True,True,False,1.0,,,,,1.0,2.0,9/22/25 1:19:10 PM,
1.0,ADIDAS,Licensed,Apparel,Jerseys,RM_25_H_JSY_L,Ream Madrid Home Jersey LS,JN8884,WHT,White,M,,147913,2,0,0,0,2,61.1,122.2,130.0,260.0,130.0,260.0,0.0,,ADIDAS,0.0,0.0,,,,,,,Tops,False,1.0,True,0.0,,True,True,False,1.0,,,,,0.0,2.0,6/26/25 1:58:03 PM,
1.0,ADIDAS,Licensed,Apparel,Jerseys,RM_25_H_JSY_L,Ream Madrid Home Jersey LS,JN8884,WHT,White,L,,147914,0,0,0,0,0,61.1,0.0,130.0,0.0,130.0,0.0,0.0,,ADIDAS,0.0,0.0,,,,,,,Tops,False,1.0,True,0.0,,True,True,False,1.0,,,,,0.0,0.0,,
1.0,ADIDAS,Licensed,Apparel,Jerseys,RM_25_H_JSY_L,Ream Madrid Home Jersey LS,JN8884,WHT,White,XL,,147915,0,0,0,0,0,61.1,0.0,130.0,0.0,130.0,0.0,0.0,,ADIDAS,0.0,0.0,,,,,,,Tops,False,1.0,True,0.0,,True,True,False,1.0,,,,,0.0,0.0,,
1.0,ADIDAS,Licensed,Apparel,Jerseys,RM_25_H_JSY_L,Ream Madrid Home Jersey LS,JN8884,WHT,White,XXL,,147916,0,0,0,0,0,61.1,0.0,130.0,0.0,130.0,0.0,0.0,,ADIDAS,0.0,0.0,,,,,,,Tops,False,1.0,True,0.0,,True,True,False,1.0,,,,,0.0,0.0,,
1.0,ADIDAS,Licensed,Apparel,Jerseys,RM_25_H_JSY_L,Ream Madrid Home Jersey LS,JN8884,WHT,White,XXXL,,147917,0,0,0,0,0,61.1,0.0,130.0,0.0,130.0,0.0,0.0,,ADIDAS,0.0,0.0,,,,,,,Tops,False,1.0,True,0.0,,True,True,False,1.0,,,,,0.0,0.0,,
1.0,PUMA,Licensed,Apparel,Top,MCFC_25_H_JSY_LS,Manchester City Home Jersey LS,780339,BLU,Blue,XS,,147971,0,0,0,0,0,61.1,0.0,130.0,0.0,130.0,0.0,0.0,,PUMA,0.0,0.0,,,,,,,Tops,False,1.0,True,0.0,,True,True,False,1.0,,,,,0.0,0.0,,
1.0,PUMA,Licensed,Apparel,Top,MCFC_25_H_JSY_LS,Manchester City Home Jersey LS,780339,BLU,Blue,S,,147972,1,0,0,0,1,61.1,61.1,130.0,130.0,130.0,130.0,0.0,,PUMA,0.0,0.0,,,,,,,Tops,False,1.0,True,0.0,,True,True,False,1.0,,,,,0.0,1.0,6/28/25 12:10:00 PM,
1.0,PUMA,Licensed,Apparel,Top,MCFC_25_H_JSY_LS,Manchester City Home Jersey LS,780339,BLU,Blue,M,,147973,1,0,0,0,1,61.1,61.1,130.0,130.0,130.0,130.0,0.0,,PUMA,0.0,0.0,,,,,,,Tops,False,1.0,True,0.0,,True,True,False,1.0,,,,,0.0,1.0,6/27/25 12:37:29 PM,
1.0,PUMA,Licensed,Apparel,Top,MCFC_25_H_JSY_LS,Manchester City Home Jersey LS,780339,BLU,Blue,L,,147974,0,0,0,0,0,61.1,0.0,130.0,0.0,130.0,0.0,0.0,,PUMA,0.0,0.0,,,,,,,Tops,False,1.0,True,0.0,,True,True,False,1.0,,,,,0.0,0.0,,
1.0,PUMA,Licensed,Apparel,Top,MCFC_25_H_JSY_LS,Manchester City Home Jersey LS,780339,BLU,Blue,XL,,147975,0,0,0,0,0,61.1,0.0,130.0,0.0,130.0,0.0,0.0,,PUMA,0.0,0.0,,,,,,,Tops,False,1.0,True,0.0,,True,True,False,1.0,,,,,0.0,0.0,,
1.0,PUMA,Licensed,Apparel,Top,MCFC_25_H_JSY_LS,Manchester City Home Jersey LS,780339,BLU,Blue,XXL,,147976,0,0,0,0,0,61.1,0.0,130.0,0.0,130.0,0.0,0.0,,PUMA,0.0,0.0,,,,,,,Tops,False,1.0,True,0.0,,True,True,False,1.0,,,,,0.0,0.0,,
1.0,PUMA,Licensed,Apparel,Top,MCFC_25_H_JSY_LS,Manchester City Home Jersey LS,780339,BLU,Blue,XXXL,,147977,0,0,0,0,0,61.1,0.0,130.0,0.0,130.0,0.0,0.0,,PUMA,0.0,0.0,,,,,,,Tops,False,1.0,True,0.0,,True,True,False,1.0,,,,,0.0,0.0,,
1.0,PUMA,Licensed,Apparel,Top,MCFC_25_H_JSY_Y,Manchester City FC Home Jersey Y,780341,BLU,Blue,Y2XS,,147978,0,0,0,0,0,47.0,0.0,100.0,0.0,100.0,0.0,0.0,,PUMA,0.0,0.0,,,,,,,Tops_Youth,False,1.0,True,0.0,,True,True,False,1.0,,,,,0.0,0.0,,
1.0,PUMA,Licensed,Apparel,Top,MCFC_25_H_JSY_Y,Manchester City FC Home Jersey Y,780341,BLU,Blue,YXS,,147979,0,0,0,0,0,47.0,0.0,100.0,0.0,100.0,0.0,0.0,,PUMA,0.0,0.0,,,,,,,Tops_Youth,False,1.0,True,0.0,,True,True,False,1.0,,,,,0.0,0.0,,
1.0,PUMA,Licensed,Apparel,Top,MCFC_25_H_JSY_Y,Manchester City FC Home Jersey Y,780341,BLU,Blue,YS,,147980,0,0,0,0,0,47.0,0.0,100.0,0.0,100.0,0.0,0.0,,PUMA,0.0,0.0,,,,,,,Tops_Youth,False,1.0,True,0.0,,True,True,False,1.0,,,,,1.0,1.0,6/27/25 12:39:14 PM,
1.0,PUMA,Licensed,Apparel,Top,MCFC_25_H_JSY_Y,Manchester City FC Home Jersey Y,780341,BLU,Blue,YM,,147981,0,0,0,0,0,47.0,0.0,100.0,0.0,100.0,0.0,0.0,,PUMA,0.0,0.0,,,,,,,Tops_Youth,False,1.0,True,0.0,,True,True,False,1.0,,,,,2.0,2.0,6/27/25 12:39:14 PM,
1.0,PUMA,Licensed,Apparel,Top,MCFC_25_H_JSY_Y,Manchester City FC Home Jersey Y,780341,BLU,Blue,YL,,147982,2,0,0,0,2,47.0,94.0,100.0,200.0,100.0,200.0,0.0,,PUMA,0.0,0.0,,,,,,,Tops_Youth,False,1.0,True,0.0,,True,True,False,1.0,,,,,1.0,3.0,6/28/25 12:08:53 PM,
1.0,PUMA,Licensed,Apparel,Top,MCFC_25_H_JSY_Y,Manchester City FC Home Jersey Y,780341,BLU,Blue,YXL,,147983,0,0,0,0,0,47.0,0.0,100.0,0.0,100.0,0.0,0.0,,PUMA,0.0,0.0,,,,,,,Tops_Youth,False,1.0,True,0.0,,True,True,False,1.0,,,,,2.0,2.0,6/27/25 12:39:14 PM,
1.0,PUMA,Licensed,Apparel,Top,MCFC_25_H_JSY,Manchester City FC Home Jersey,780338,BLU,Blue,XS,,147984,0,0,0,0,0,56.4,0.0,120.0,0.0,120.0,0.0,0.0,,PUMA,0.0,0.0,,,,,,,Tops,False,1.0,True,0.0,,True,True,False,1.0,,,,,0.0,0.0,,
1.0,PUMA,Licensed,Apparel,Top,MCFC_25_H_JSY,Manchester City FC Home Jersey,780338,BLU,Blue,S,,147985,1,0,0,0,1,56.4,56.4,120.0,120.0,120.0,120.0,0.0,,PUMA,0.0,0.0,,,,,,,Tops,False,1.0,True,0.0,,True,True,False,1.0,,,,,1.0,2.0,6/28/25 12:09:30 PM,
1.0,PUMA,Licensed,Apparel,Top,MCFC_25_H_JSY,Manchester City FC Home Jersey,780338,BLU,Blue,M,,147986,2,0,0,0,2,56.4,112.8,120.0,240.0,120.0,240.0,0.0,,PUMA,0.0,0.0,,,,,,,Tops,False,1.0,True,0.0,,True,True,False,1.0,,,,,0.0,2.0,6/27/25 12:40:52 PM,
1.0,PUMA,Licensed,Apparel,Top,MCFC_25_H_JSY,Manchester City FC Home Jersey,780338,BLU,Blue,L,,147987,0,0,0,0,0,56.4,0.0,120.0,0.0,120.0,0.0,0.0,,PUMA,0.0,0.0,,,,,,,Tops,False,1.0,True,0.0,,True,True,False,1.0,,,,,1.0,1.0,6/27/25 12:40:52 PM,
1.0,PUMA,Licensed,Apparel,Top,MCFC_25_H_JSY,Manchester City FC Home Jersey,780338,BLU,Blue,XL,,147988,0,0,0,0,0,56.4,0.0,120.0,0.0,120.0,0.0,0.0,,PUMA,0.0,0.0,,,,,,,Tops,False,1.0,True,0.0,,True,True,False,1.0,,,,,0.0,0.0,,
1.0,PUMA,Licensed,Apparel,Top,MCFC_25_H_JSY,Manchester City FC Home Jersey,780338,BLU,Blue,XXL,,147989,0,0,0,0,0,56.4,0.0,120.0,0.0,120.0,0.0,0.0,,PUMA,0.0,0.0,,,,,,,Tops,False,1.0,True,0.0,,True,True,False,1.0,,,,,0.0,0.0,,
1.0,PUMA,Licensed,Apparel,Top,MCFC_25_H_JSY,Manchester City FC Home Jersey,780338,BLU,Blue,XXXL,,147990,0,0,0,0,0,56.4,0.0,120.0,0.0,120.0,0.0,0.0,,PUMA,0.0,0.0,,,,,,,Tops,False,1.0,True,0.0,,True,True,False,1.0,,,,,0.0,0.0,,
1.0,PUMA,Licensed,Apparel,Jacket,ACM_25_KING_ATHM_JKT,AC Milan King Anthem Jacket,782607,BLK,Black,XS,,147998,0,0,0,0,0,56.4,0.0,120.0,0.0,120.0,0.0,0.0,,PUMA,0.0,0.0,,,,,,,Tops,False,1.0,True,0.0,,True,True,False,1.0,,,,,0.0,0.0,,
1.0,PUMA,Licensed,Apparel,Jacket,ACM_25_KING_ATHM_JKT,AC Milan King Anthem Jacket,782607,BLK,Black,S,,147999,1,0,0,0,1,56.4,56.4,120.0,120.0,120.0,120.0,0.0,,PUMA,0.0,0.0,,,,,,,Tops,False,1.0,True,0.0,,True,True,False,1.0,,,,,0.0,1.0,6/27/25 12:46:04 PM,
1.0,PUMA,Licensed,Apparel,Jacket,ACM_25_KING_ATHM_JKT,AC Milan King Anthem Jacket,782607,BLK,Black,M,,148000,-1,0,0,0,-1,56.4,-56.4,120.0,-120.0,120.0,-120.0,0.0,,PUMA,0.0,0.0,,,,,,,Tops,False,1.0,True,0.0,,True,True,False,1.0,,,,,3.0,2.0,6/27/25 12:46:04 PM,
1.0,PUMA,Licensed,Apparel,Jacket,ACM_25_KING_ATHM_JKT,AC Milan King Anthem Jacket,782607,BLK,Black,L,,148001,0,0,0,0,0,56.4,0.0,120.0,0.0,120.0,0.0,0.0,,PUMA,0.0,0.0,,,,,,,Tops,False,1.0,True,0.0,,True,True,False,1.0,,,,,1.0,1.0,6/27/25 12:46:04 PM,
1.0,PUMA,Licensed,Apparel,Jacket,ACM_25_KING_ATHM_JKT,AC Milan King Anthem Jacket,782607,BLK,Black,XL,,148002,1,0,0,0,1,56.4,56.4,120.0,120.0,120.0,120.0,0.0,,PUMA,0.0,0.0,,,,,,,Tops,False,1.0,True,0.0,,True,True,False,1.0,,,,,0.0,1.0,6/27/25 12:46:04 PM,
1.0,PUMA,Licensed,Apparel,Jacket,ACM_25_KING_ATHM_JKT,AC Milan King Anthem Jacket,782607,BLK,Black,XXL,,148003,0,0,0,0,0,56.4,0.0,120.0,0.0,120.0,0.0,0.0,,PUMA,0.0,0.0,,,,,,,Tops,False,1.0,True,0.0,,True,True,False,1.0,,,,,0.0,0.0,,
1.0,PUMA,Licensed,Apparel,Jacket,ACM_25_KING_ATHM_JKT,AC Milan King Anthem Jacket,782607,BLK,Black,XXXL,,148004,0,0,0,0,0,56.4,0.0,120.0,0.0,120.0,0.0,0.0,,PUMA,0.0,0.0,,,,,,,Tops,False,1.0,True,0.0,,True,True,False,1.0,,,,,0.0,0.0,,
1.0,PUMA,Licensed,Apparel,Jerseys,ACM_25_H_JSY,AC Milan Home Jersey,779962,Red,Red,XS,,148005,0,0,0,0,0,56.4,0.0,120.0,0.0,120.0,0.0,0.0,,PUMA,0.0,0.0,,,,,,,Tops,False,1.0,True,0.0,,True,True,False,1.0,,,,,0.0,0.0,,
1.0,PUMA,Licensed,Apparel,Top,MCFC_25_H_JSY_AU_PK,Manchester City FC Home Jersey pack,780792,BLU,Blue,XS,,147991,0,0,0,0,0,94.0,0.0,200.0,0.0,200.0,0.0,0.0,,PUMA,0.0,0.0,,,,,,,Tops,False,1.0,True,0.0,,True,True,False,1.0,,,,,0.0,0.0,,
1.0,PUMA,Licensed,Apparel,Top,MCFC_25_H_JSY_AU_PK,Manchester City FC Home Jersey pack,780792,BLU,Blue,S,,147992,1,0,0,0,1,94.0,94.0,200.0,200.0,200.0,200.0,0.0,,PUMA,0.0,0.0,,,,,,,Tops,False,1.0,True,0.0,,True,True,False,1.0,,,,,0.0,1.0,6/27/25 12:43:35 PM,
1.0,PUMA,Licensed,Apparel,Top,MCFC_25_H_JSY_AU_PK,Manchester City FC Home Jersey pack,780792,BLU,Blue,M,,147993,1,0,0,0,1,94.0,94.0,200.0,200.0,200.0,200.0,0.0,,PUMA,0.0,0.0,,,,,,,Tops,False,1.0,True,0.0,,True,True,False,1.0,,,,,0.0,1.0,6/27/25 12:43:35 PM,
1.0,PUMA,Licensed,Apparel,Top,MCFC_25_H_JSY_AU_PK,Manchester City FC Home Jersey pack,780792,BLU,Blue,L,,147994,1,0,0,0,1,94.0,94.0,200.0,200.0,200.0,200.0,0.0,,PUMA,0.0,0.0,,,,,,,Tops,False,1.0,True,0.0,,True,True,False,1.0,,,,,0.0,1.0,6/27/25 12:43:35 PM,
1.0,PUMA,Licensed,Apparel,Top,MCFC_25_H_JSY_AU_PK,Manchester City FC Home Jersey pack,780792,BLU,Blue,XL,,147995,0,0,0,0,0,94.0,0.0,200.0,0.0,200.0,0.0,0.0,,PUMA,0.0,0.0,,,,,,,Tops,False,1.0,True,0.0,,True,True,False,1.0,,,,,0.0,0.0,,
1.0,PUMA,Licensed,Apparel,Top,MCFC_25_H_JSY_AU_PK,Manchester City FC Home Jersey pack,780792,BLU,Blue,XXL,,147996,0,0,0,0,0,94.0,0.0,200.0,0.0,200.0,0.0,0.0,,PUMA,0.0,0.0,,,,,,,Tops,False,1.0,True,0.0,,True,True,False,1.0,,,,,0.0,0.0,,
1.0,PUMA,Licensed,Apparel,Top,MCFC_25_H_JSY_AU_PK,Manchester City FC Home Jersey pack,780792,BLU,Blue,XXXL,,147997,0,0,0,0,0,94.0,0.0,200.0,0.0,200.0,0.0,0.0,,PUMA,0.0,0.0,,,,,,,Tops,False,1.0,True,0.0,,True,True,False,1.0,,,,,0.0,0.0,,
1.0,PUMA,Licensed,Apparel,Jerseys,ACM_25_H_JSY,AC Milan Home Jersey,779962,Red,Red,S,,148006,0,0,0,0,0,56.4,0.0,120.0,0.0,120.0,0.0,0.0,,PUMA,0.0,0.0,,,,,,,Tops,False,1.0,True,0.0,,True,True,False,1.0,,,,,1.0,1.0,6/28/25 12:12:21 PM,
1.0,PUMA,Licensed,Apparel,Jerseys,ACM_25_H_JSY,AC Milan Home Jersey,779962,Red,Red,M,,148007,0,0,0,0,0,56.4,0.0,120.0,0.0,120.0,0.0,0.0,,PUMA,0.0,0.0,,,,,,,Tops,False,1.0,True,0.0,,True,True,False,1.0,,,,,2.0,2.0,6/27/25 12:48:09 PM,
1.0,PUMA,Licensed,Apparel,Jerseys,ACM_25_H_JSY,AC Milan Home Jersey,779962,Red,Red,L,,148008,0,0,0,0,0,56.4,0.0,120.0,0.0,120.0,0.0,0.0,,PUMA,0.0,0.0,,,,,,,Tops,False,1.0,True,0.0,,True,True,False,1.0,,,,,2.0,2.0,6/28/25 12:12:21 PM,
1.0,PUMA,Licensed,Apparel,Jerseys,ACM_25_H_JSY,AC Milan Home Jersey,779962,Red,Red,XL,,148009,1,0,0,0,1,56.4,56.4,120.0,120.0,120.0,120.0,0.0,,PUMA,0.0,0.0,,,,,,,Tops,False,1.0,True,0.0,,True,True,False,1.0,,,,,0.0,1.0,6/27/25 12:48:09 PM,
1.0,PUMA,Licensed,Apparel,Jerseys,ACM_25_H_JSY,AC Milan Home Jersey,779962,Red,Red,XXL,,148010,0,0,0,0,0,56.4,0.0,120.0,0.0,120.0,0.0,0.0,,PUMA,0.0,0.0,,,,,,,Tops,False,1.0,True,0.0,,True,True,False,1.0,,,,,0.0,0.0,,
1.0,PUMA,Licensed,Apparel,Jerseys,ACM_25_H_JSY,AC Milan Home Jersey,779962,Red,Red,XXXL,,148011,0,0,0,0,0,56.4,0.0,120.0,0.0,120.0,0.0,0.0,,PUMA,0.0,0.0,,,,,,,Tops,False,1.0,True,0.0,,True,True,False,1.0,,,,,0.0,0.0,,
1.0,PUMA,Licensed,Apparel,Jerseys,ACM_25_H_JSY_LS,AC Milan Home Jersey,779963,Red,Red,XS,,148012,0,0,0,0,0,58.75,0.0,125.0,0.0,125.0,0.0,0.0,,PUMA,0.0,0.0,,,,,,,Tops,False,1.0,True,0.0,,True,True,False,1.0,,,,,0.0,0.0,,
1.0,PUMA,Licensed,Apparel,Jerseys,ACM_25_H_JSY_LS,AC Milan Home Jersey,779963,Red,Red,S,,148013,0,0,0,0,0,58.75,0.0,125.0,0.0,125.0,0.0,0.0,,PUMA,0.0,0.0,,,,,,,Tops,False,1.0,True,0.0,,True,True,False,1.0,,,,,0.0,0.0,,
1.0,PUMA,Licensed,Apparel,Jerseys,ACM_25_H_JSY_LS,AC Milan Home Jersey,779963,Red,Red,M,,148014,0,0,0,0,0,58.75,0.0,125.0,0.0,125.0,0.0,0.0,,PUMA,0.0,0.0,,,,,,,Tops,False,1.0,True,0.0,,True,True,False,1.0,,,,,1.0,1.0,6/27/25 1:22:08 PM,
1.0,PUMA,Licensed,Apparel,Jerseys,ACM_25_H_JSY_LS,AC Milan Home Jersey,779963,Red,Red,L,,148015,0,0,0,0,0,58.75,0.0,125.0,0.0,125.0,0.0,0.0,,PUMA,0.0,0.0,,,,,,,Tops,False,1.0,True,0.0,,True,True,False,1.0,,,,,0.0,0.0,,
1.0,PUMA,Licensed,Apparel,Jerseys,ACM_25_H_JSY_LS,AC Milan Home Jersey,779963,Red,Red,XL,,148016,0,0,0,0,0,58.75,0.0,125.0,0.0,125.0,0.0,0.0,,PUMA,0.0,0.0,,,,,,,Tops,False,1.0,True,0.0,,True,True,False,1.0,,,,,0.0,0.0,,
1.0,PUMA,Licensed,Apparel,Jerseys,ACM_25_H_JSY_LS,AC Milan Home Jersey,779963,Red,Red,XXL,,148017,0,0,0,0,0,58.75,0.0,125.0,0.0,125.0,0.0,0.0,,PUMA,0.0,0.0,,,,,,,Tops,False,1.0,True,0.0,,True,True,False,1.0,,,,,0.0,0.0,,
1.0,PUMA,Licensed,Apparel,Jerseys,ACM_25_H_JSY_LS,AC Milan Home Jersey,779963,Red,Red,XXXL,,148018,0,0,0,0,0,58.75,0.0,125.0,0.0,125.0,0.0,0.0,,PUMA,0.0,0.0,,,,,,,Tops,False,1.0,True,0.0,,True,True,False,1.0,,,,,0.0,0.0,,
1.0,PUMA,Licensed,Apparel,Top,MCFC_25_A_JSY_Y,Manchester City FC Away Jersey Y,780353,BLK,Black,Y2XS,,148019,0,0,0,0,0,42.3,0.0,100.0,0.0,100.0,0.0,0.0,,PUMA,0.0,0.0,,,,,,,Tops_Youth,False,1.0,True,0.0,,True,True,False,1.0,,,,,0.0,0.0,,
1.0,PUMA,Licensed,Apparel,Top,MCFC_25_A_JSY_Y,Manchester City FC Away Jersey Y,780353,BLK,Black,YXS,,148020,0,0,0,0,0,42.3,0.0,100.0,0.0,100.0,0.0,0.0,,PUMA,0.0,0.0,,,,,,,Tops_Youth,False,1.0,True,0.0,,True,True,False,1.0,,,,,0.0,0.0,,
1.0,PUMA,Licensed,Apparel,Top,MCFC_25_A_JSY_Y,Manchester City FC Away Jersey Y,780353,BLK,Black,YS,,148021,0,0,0,0,0,42.3,0.0,100.0,0.0,100.0,0.0,0.0,,PUMA,0.0,0.0,,,,,,,Tops_Youth,False,1.0,True,0.0,,True,True,False,1.0,,,,,0.0,0.0,,
1.0,PUMA,Licensed,Apparel,Top,MCFC_25_A_JSY_Y,Manchester City FC Away Jersey Y,780353,BLK,Black,YM,,148022,1,0,0,0,1,42.3,42.3,100.0,100.0,100.0,100.0,0.0,,PUMA,0.0,0.0,,,,,,,Tops_Youth,False,1.0,True,0.0,,True,True,False,1.0,,,,,0.0,1.0,6/27/25 1:45:45 PM,
1.0,PUMA,Licensed,Apparel,Top,MCFC_25_A_JSY_Y,Manchester City FC Away Jersey Y,780353,BLK,Black,YL,,148023,1,0,0,0,1,42.3,42.3,100.0,100.0,100.0,100.0,0.0,,PUMA,0.0,0.0,,,,,,,Tops_Youth,False,1.0,True,0.0,,True,True,False,1.0,,,,,0.0,1.0,6/27/25 1:28:23 PM,
1.0,PUMA,Licensed,Apparel,Top,MCFC_25_A_JSY_Y,Manchester City FC Away Jersey Y,780353,BLK,Black,YXL,,148024,0,0,0,0,0,42.3,0.0,100.0,0.0,100.0,0.0,0.0,,PUMA,0.0,0.0,,,,,,,Tops_Youth,False,1.0,True,0.0,,True,True,False,1.0,,,,,0.0,0.0,,
1.0,PUMA,Licensed,Apparel,Top,MCFC_25_A_JSY,Manchester City FC Away Jersey,775350,BLK,Black,XS,,148025,0,0,0,0,0,56.4,0.0,120.0,0.0,120.0,0.0,0.0,,PUMA,0.0,0.0,,,,,,,Tops,False,1.0,True,0.0,,True,True,False,1.0,,,,,0.0,0.0,,
1.0,PUMA,Licensed,Apparel,Top,MCFC_25_A_JSY,Manchester City FC Away Jersey,775350,BLK,Black,S,,148026,0,0,0,0,0,56.4,0.0,120.0,0.0,120.0,0.0,0.0,,PUMA,0.0,0.0,,,,,,,Tops,False,1.0,True,0.0,,True,True,False,1.0,,,,,1.0,1.0,6/27/25 1:48:36 PM,
1.0,PUMA,Licensed,Apparel,Top,MCFC_25_A_JSY,Manchester City FC Away Jersey,775350,BLK,Black,M,,148027,1,0,0,0,1,56.4,56.4,120.0,120.0,120.0,120.0,0.0,,PUMA,0.0,0.0,,,,,,,Tops,False,1.0,True,0.0,,True,True,False,1.0,,,,,0.0,1.0,6/27/25 1:29:20 PM,
1.0,PUMA,Licensed,Apparel,Top,MCFC_25_A_JSY,Manchester City FC Away Jersey,775350,BLK,Black,L,,148028,0,0,0,0,0,56.4,0.0,120.0,0.0,120.0,0.0,0.0,,PUMA,0.0,0.0,,,,,,,Tops,False,1.0,True,0.0,,True,True,False,1.0,,,,,1.0,1.0,6/27/25 1:48:36 PM,
1.0,PUMA,Licensed,Apparel,Top,MCFC_25_A_JSY,Manchester City FC Away Jersey,775350,BLK,Black,XL,,148029,0,0,0,0,0,56.4,0.0,120.0,0.0,120.0,0.0,0.0,,PUMA,0.0,0.0,,,,,,,Tops,False,1.0,True,0.0,,True,True,False,1.0,,,,,0.0,0.0,,
1.0,PUMA,Licensed,Apparel,Top,MCFC_25_A_JSY,Manchester City FC Away Jersey,775350,BLK,Black,XXL,,148030,0,0,0,0,0,56.4,0.0,120.0,0.0,120.0,0.0,0.0,,PUMA,0.0,0.0,,,,,,,Tops,False,1.0,True,0.0,,True,True,False,1.0,,,,,0.0,0.0,,
1.0,PUMA,Licensed,Apparel,Top,MCFC_25_A_JSY,Manchester City FC Away Jersey,775350,BLK,Black,XXXL,,148031,0,0,0,0,0,56.4,0.0,120.0,0.0,120.0,0.0,0.0,,PUMA,0.0,0.0,,,,,,,Tops,False,1.0,True,0.0,,True,True,False,1.0,,,,,0.0,0.0,,
1.0,PUMA,Licensed,Apparel,Jacket,ACM_25_WARMUP_1/4,AC Milan Warmeup 1/4 Zip,782391,RED,Red,XS,,148032,0,0,0,0,0,47.0,0.0,110.0,0.0,110.0,0.0,0.0,,PUMA,0.0,0.0,,,,,,,Tops,False,1.0,True,0.0,,True,True,False,1.0,,,,,0.0,0.0,,
1.0,PUMA,Licensed,Apparel,Jacket,ACM_25_WARMUP_1/4,AC Milan Warmeup 1/4 Zip,782391,RED,Red,S,,148033,0,0,0,0,0,47.0,0.0,110.0,0.0,110.0,0.0,0.0,,PUMA,0.0,0.0,,,,,,,Tops,False,1.0,True,0.0,,True,True,False,1.0,,,,,0.0,0.0,,
1.0,PUMA,Licensed,Apparel,Jacket,ACM_25_WARMUP_1/4,AC Milan Warmeup 1/4 Zip,782391,RED,Red,M,,148034,1,0,0,0,1,47.0,47.0,110.0,110.0,110.0,110.0,0.0,,PUMA,0.0,0.0,,,,,,,Tops,False,1.0,True,0.0,,True,True,False,1.0,,,,,1.0,1.0,1/22/26 2:31:14 PM,
1.0,PUMA,Licensed,Apparel,Jacket,ACM_25_WARMUP_1/4,AC Milan Warmeup 1/4 Zip,782391,RED,Red,L,,148035,1,0,0,0,1,47.0,47.0,110.0,110.0,110.0,110.0,0.0,,PUMA,0.0,0.0,,,,,,,Tops,False,1.0,True,0.0,,True,True,False,1.0,,,,,1.0,1.0,1/22/26 2:31:15 PM,
1.0,PUMA,Licensed,Apparel,Jacket,ACM_25_WARMUP_1/4,AC Milan Warmeup 1/4 Zip,782391,RED,Red,XL,,148036,0,0,0,0,0,47.0,0.0,110.0,0.0,110.0,0.0,0.0,,PUMA,0.0,0.0,,,,,,,Tops,False,1.0,True,0.0,,True,True,False,1.0,,,,,0.0,0.0,,
1.0,PUMA,Licensed,Apparel,Jacket,ACM_25_WARMUP_1/4,AC Milan Warmeup 1/4 Zip,782391,RED,Red,XXL,,148037,0,0,0,0,0,47.0,0.0,110.0,0.0,110.0,0.0,0.0,,PUMA,0.0,0.0,,,,,,,Tops,False,1.0,True,0.0,,True,True,False,1.0,,,,,0.0,0.0,,
1.0,PUMA,Licensed,Apparel,Jacket,ACM_25_WARMUP_1/4,AC Milan Warmeup 1/4 Zip,782391,RED,Red,XXXL,,148038,0,0,0,0,0,47.0,0.0,110.0,0.0,110.0,0.0,0.0,,PUMA,0.0,0.0,,,,,,,Tops,False,1.0,True,0.0,,True,True,False,1.0,,,,,0.0,0.0,,
1.0,PUMA,Licensed,Apparel,Jerseys,ACM_25_3RD_JSY_Y,AC Milan 3rd Jersey Y,779981,YEL,Yellow,Y2XS,,148039,0,0,0,0,0,47.0,0.0,100.0,0.0,100.0,0.0,0.0,,PUMA,0.0,0.0,,,,,,,Tops_Youth,False,1.0,True,0.0,,True,True,False,1.0,,,,,0.0,0.0,,
1.0,PUMA,Licensed,Apparel,Jerseys,ACM_25_3RD_JSY_Y,AC Milan 3rd Jersey Y,779981,YEL,Yellow,YXS,,148040,0,0,0,0,0,47.0,0.0,100.0,0.0,100.0,0.0,0.0,,PUMA,0.0,0.0,,,,,,,Tops_Youth,False,1.0,True,0.0,,True,True,False,1.0,,,,,0.0,0.0,,
1.0,PUMA,Licensed,Apparel,Jerseys,ACM_25_3RD_JSY_Y,AC Milan 3rd Jersey Y,779981,YEL,Yellow,YS,,148041,1,0,0,0,1,47.0,47.0,100.0,100.0,100.0,100.0,0.0,,PUMA,0.0,0.0,,,,,,,Tops_Youth,False,1.0,True,0.0,,True,True,False,1.0,,,,,0.0,1.0,6/27/25 1:41:35 PM,
1.0,PUMA,Licensed,Apparel,Jerseys,ACM_25_3RD_JSY_Y,AC Milan 3rd Jersey Y,779981,YEL,Yellow,YM,,148042,0,0,0,0,0,47.0,0.0,100.0,0.0,100.0,0.0,0.0,,PUMA,0.0,0.0,,,,,,,Tops_Youth,False,1.0,True,0.0,,True,True,False,1.0,,,,,2.0,2.0,6/27/25 1:41:35 PM,
1.0,PUMA,Licensed,Apparel,Jerseys,ACM_25_3RD_JSY_Y,AC Milan 3rd Jersey Y,779981,YEL,Yellow,YL,,148043,-2,0,0,0,-2,47.0,-94.0,100.0,-200.0,100.0,-200.0,0.0,,PUMA,0.0,0.0,,,,,,,Tops_Youth,False,1.0,True,0.0,,True,True,False,1.0,,,,,4.0,2.0,6/27/25 1:41:35 PM,
1.0,PUMA,Licensed,Apparel,Jerseys,ACM_25_3RD_JSY_Y,AC Milan 3rd Jersey Y,779981,YEL,Yellow,YXL,,148044,1,0,0,0,1,47.0,47.0,100.0,100.0,100.0,100.0,0.0,,PUMA,0.0,0.0,,,,,,,Tops_Youth,False,1.0,True,0.0,,True,True,False,1.0,,,,,0.0,1.0,6/27/25 1:41:35 PM,
1.0,PUMA,Licensed,Apparel,Jerseys,ACM_25_3RD_JSY,AC Milan 3rd Jersey,779979,YEL,Yellow,XS,,148045,0,0,0,0,0,56.4,0.0,120.0,0.0,120.0,0.0,0.0,,PUMA,0.0,0.0,,,,,,,Tops,False,1.0,True,0.0,,True,True,False,1.0,,,,,0.0,0.0,,
1.0,PUMA,Licensed,Apparel,Jerseys,ACM_25_3RD_JSY,AC Milan 3rd Jersey,779979,YEL,Yellow,S,,148046,-4,0,0,0,-4,56.4,-225.6,120.0,-480.0,120.0,-480.0,0.0,,PUMA,0.0,0.0,,,,,,,Tops,False,1.0,True,0.0,,True,True,False,1.0,,,,,6.0,2.0,6/27/25 1:43:22 PM,
1.0,PUMA,Licensed,Apparel,Jerseys,ACM_25_3RD_JSY,AC Milan 3rd Jersey,779979,YEL,Yellow,M,,148047,3,0,0,0,3,56.4,169.2,120.0,360.0,120.0,360.0,0.0,,PUMA,0.0,0.0,,,,,,,Tops,False,1.0,True,0.0,,True,True,False,1.0,,,,,0.0,3.0,6/27/25 1:43:23 PM,
1.0,PUMA,Licensed,Apparel,Jerseys,ACM_25_3RD_JSY,AC Milan 3rd Jersey,779979,YEL,Yellow,L,,148048,0,0,0,0,0,56.4,0.0,120.0,0.0,120.0,0.0,0.0,,PUMA,0.0,0.0,,,,,,,Tops,False,1.0,True,0.0,,True,True,False,1.0,,,,,3.0,3.0,6/27/25 1:43:23 PM,
1.0,PUMA,Licensed,Apparel,Jerseys,ACM_25_3RD_JSY,AC Milan 3rd Jersey,779979,YEL,Yellow,XL,,148049,2,0,0,0,2,56.4,112.8,120.0,240.0,120.0,240.0,0.0,,PUMA,0.0,0.0,,,,,,,Tops,False,1.0,True,0.0,,True,True,False,1.0,,,,,0.0,2.0,6/27/25 1:43:23 PM,
1.0,PUMA,Licensed,Apparel,Jerseys,ACM_25_3RD_JSY,AC Milan 3rd Jersey,779979,YEL,Yellow,XXL,,148050,0,0,0,0,0,56.4,0.0,120.0,0.0,120.0,0.0,0.0,,PUMA,0.0,0.0,,,,,,,Tops,False,1.0,True,0.0,,True,True,False,1.0,,,,,0.0,0.0,,
1.0,PUMA,Licensed,Apparel,Jerseys,ACM_25_3RD_JSY,AC Milan 3rd Jersey,779979,YEL,Yellow,XXXL,,148051,0,0,0,0,0,56.4,0.0,120.0,0.0,120.0,0.0,0.0,,PUMA,0.0,0.0,,,,,,,Tops,False,1.0,True,0.0,,True,True,False,1.0,,,,,0.0,0.0,,
1.0,PUMA,Licensed,Apparel,Jacket,ACM_25_WARMUP_1/4,AC Milan Warmeup 1/4 Zip,782391,Gry,Grey,XS,,148052,0,0,0,0,0,47.0,0.0,110.0,0.0,110.0,0.0,0.0,,PUMA,0.0,0.0,,,,,,,Tops,False,1.0,True,0.0,,True,True,False,1.0,,,,,0.0,0.0,,
1.0,PUMA,Licensed,Apparel,Jacket,ACM_25_WARMUP_1/4,AC Milan Warmeup 1/4 Zip,782391,Gry,Grey,S,,148053,1,0,0,0,1,47.0,47.0,110.0,110.0,110.0,110.0,0.0,,PUMA,0.0,0.0,,,,,,,Tops,False,1.0,True,0.0,,True,True,False,1.0,,,,,0.0,1.0,6/27/25 1:44:34 PM,
1.0,PUMA,Licensed,Apparel,Jacket,ACM_25_WARMUP_1/4,AC Milan Warmeup 1/4 Zip,782391,Gry,Grey,M,,148054,0,0,0,0,0,47.0,0.0,110.0,0.0,110.0,0.0,0.0,,PUMA,0.0,0.0,,,,,,,Tops,False,1.0,True,0.0,,True,True,False,1.0,,,,,1.0,1.0,6/27/25 1:44:34 PM,
1.0,PUMA,Licensed,Apparel,Jacket,ACM_25_WARMUP_1/4,AC Milan Warmeup 1/4 Zip,782391,Gry,Grey,L,,148055,1,0,0,0,1,47.0,47.0,110.0,110.0,110.0,110.0,0.0,,PUMA,0.0,0.0,,,,,,,Tops,False,1.0,True,0.0,,True,True,False,1.0,,,,,0.0,1.0,6/27/25 1:44:34 PM,
1.0,PUMA,Licensed,Apparel,Jacket,ACM_25_WARMUP_1/4,AC Milan Warmeup 1/4 Zip,782391,Gry,Grey,XL,,148056,0,0,0,0,0,47.0,0.0,110.0,0.0,110.0,0.0,0.0,,PUMA,0.0,0.0,,,,,,,Tops,False,1.0,True,0.0,,True,True,False,1.0,,,,,1.0,1.0,6/27/25 1:44:34 PM,
1.0,PUMA,Licensed,Apparel,Jacket,ACM_25_WARMUP_1/4,AC Milan Warmeup 1/4 Zip,782391,Gry,Grey,XXL,,148057,0,0,0,0,0,47.0,0.0,110.0,0.0,110.0,0.0,0.0,,PUMA,0.0,0.0,,,,,,,Tops,False,1.0,True,0.0,,True,True,False,1.0,,,,,0.0,0.0,,
1.0,PUMA,Licensed,Apparel,Jacket,ACM_25_WARMUP_1/4,AC Milan Warmeup 1/4 Zip,782391,Gry,Grey,XXXL,,148058,0,0,0,0,0,47.0,0.0,110.0,0.0,110.0,0.0,0.0,,PUMA,0.0,0.0,,,,,,,Tops,False,1.0,True,0.0,,True,True,False,1.0,,,,,0.0,0.0,,
1.0,PUMA,Licensed,Apparel,Top,MCFC_25_3RD_JSY_Y,Manchester City 3rd Jersey Y,780365,GREY,White,XS,,148059,0,0,0,0,0,47.0,0.0,100.0,0.0,100.0,0.0,0.0,,PUMA,0.0,0.0,,,,,,,Tops,False,1.0,True,0.0,,True,True,False,1.0,,,,,0.0,0.0,,
1.0,PUMA,Licensed,Apparel,Top,MCFC_25_3RD_JSY_Y,Manchester City 3rd Jersey Y,780365,GREY,White,S,,148060,0,0,0,0,0,47.0,0.0,100.0,0.0,100.0,0.0,0.0,,PUMA,0.0,0.0,,,,,,,Tops,False,1.0,True,0.0,,True,True,False,1.0,,,,,0.0,0.0,,
1.0,PUMA,Licensed,Apparel,Top,MCFC_25_3RD_JSY_Y,Manchester City 3rd Jersey Y,780365,GREY,White,M,,148061,0,0,0,0,0,47.0,0.0,100.0,0.0,100.0,0.0,0.0,,PUMA,0.0,0.0,,,,,,,Tops,False,1.0,True,0.0,,True,True,False,1.0,,,,,2.0,2.0,6/27/25 1:51:05 PM,
1.0,PUMA,Licensed,Apparel,Top,MCFC_25_3RD_JSY_Y,Manchester City 3rd Jersey Y,780365,GREY,White,L,,148062,2,0,0,0,2,47.0,94.0,100.0,200.0,100.0,200.0,0.0,,PUMA,0.0,0.0,,,,,,,Tops,False,1.0,True,0.0,,True,True,False,1.0,,,,,0.0,2.0,6/27/25 1:51:05 PM,
1.0,PUMA,Licensed,Apparel,Top,MCFC_25_3RD_JSY_Y,Manchester City 3rd Jersey Y,780365,GREY,White,XL,,148063,1,0,0,0,1,47.0,47.0,100.0,100.0,100.0,100.0,0.0,,PUMA,0.0,0.0,,,,,,,Tops,False,1.0,True,0.0,,True,True,False,1.0,,,,,0.0,1.0,6/27/25 1:51:05 PM,
1.0,PUMA,Licensed,Apparel,Top,MCFC_25_3RD_JSY_Y,Manchester City 3rd Jersey Y,780365,GREY,White,XXL,,148064,0,0,0,0,0,47.0,0.0,100.0,0.0,100.0,0.0,0.0,,PUMA,0.0,0.0,,,,,,,Tops,False,1.0,True,0.0,,True,True,False,1.0,,,,,0.0,0.0,,
1.0,PUMA,Licensed,Apparel,Top,MCFC_25_3RD_JSY_Y,Manchester City 3rd Jersey Y,780365,GREY,White,XXXL,,148065,0,0,0,0,0,47.0,0.0,100.0,0.0,100.0,0.0,0.0,,PUMA,0.0,0.0,,,,,,,Tops,False,1.0,True,0.0,,True,True,False,1.0,,,,,0.0,0.0,,
1.0,PUMA,Licensed,Apparel,Top,MCFC_25_3RD_JSY,Manchester City 3rd Jersey,780362,GRY,Grey,XS,,148066,0,0,0,0,0,56.4,0.0,120.0,0.0,120.0,0.0,0.0,,PUMA,0.0,0.0,,,,,,,Tops,False,1.0,True,0.0,,True,True,False,1.0,,,,,0.0,0.0,,
1.0,PUMA,Licensed,Apparel,Top,MCFC_25_3RD_JSY,Manchester City 3rd Jersey,780362,GRY,Grey,S,,148067,1,0,0,0,1,56.4,56.4,120.0,120.0,120.0,120.0,0.0,,PUMA,0.0,0.0,,,,,,,Tops,False,1.0,True,0.0,,True,True,False,1.0,,,,,0.0,1.0,6/27/25 1:53:31 PM,
1.0,PUMA,Licensed,Apparel,Top,MCFC_25_3RD_JSY,Manchester City 3rd Jersey,780362,GRY,Grey,M,,148068,2,0,0,0,2,56.4,112.8,120.0,240.0,120.0,240.0,0.0,,PUMA,0.0,0.0,,,,,,,Tops,False,1.0,True,0.0,,True,True,False,1.0,,,,,0.0,2.0,6/27/25 1:53:31 PM,
1.0,PUMA,Licensed,Apparel,Top,MCFC_25_3RD_JSY,Manchester City 3rd Jersey,780362,GRY,Grey,L,,148069,2,0,0,0,2,56.4,112.8,120.0,240.0,120.0,240.0,0.0,,PUMA,0.0,0.0,,,,,,,Tops,False,1.0,True,0.0,,True,True,False,1.0,,,,,0.0,2.0,6/27/25 1:53:31 PM,
1.0,PUMA,Licensed,Apparel,Top,MCFC_25_3RD_JSY,Manchester City 3rd Jersey,780362,GRY,Grey,XL,,148070,0,0,0,0,0,56.4,0.0,120.0,0.0,120.0,0.0,0.0,,PUMA,0.0,0.0,,,,,,,Tops,False,1.0,True,0.0,,True,True,False,1.0,,,,,0.0,0.0,,
1.0,PUMA,Licensed,Apparel,Top,MCFC_25_3RD_JSY,Manchester City 3rd Jersey,780362,GRY,Grey,XXL,,148071,0,0,0,0,0,56.4,0.0,120.0,0.0,120.0,0.0,0.0,,PUMA,0.0,0.0,,,,,,,Tops,False,1.0,True,0.0,,True,True,False,1.0,,,,,0.0,0.0,,
1.0,PUMA,Licensed,Apparel,Top,MCFC_25_3RD_JSY,Manchester City 3rd Jersey,780362,GRY,Grey,XXXL,,148072,0,0,0,0,0,56.4,0.0,120.0,0.0,120.0,0.0,0.0,,PUMA,0.0,0.0,,,,,,,Tops,False,1.0,True,0.0,,True,True,False,1.0,,,,,0.0,0.0,,
1.0,PUMA,Licensed,Apparel,Jacket,MCFC_25_KING_ATM_JKT,MCFC King Anthem Jacket,782173,BLU,Blue,XS,,148081,0,0,0,0,0,56.4,0.0,120.0,0.0,120.0,0.0,0.0,,PUMA,0.0,0.0,,,,,,,Tops,False,1.0,True,0.0,,True,True,False,1.0,,,,,0.0,0.0,,
1.0,PUMA,Licensed,Apparel,Jacket,MCFC_25_KING_ATM_JKT,MCFC King Anthem Jacket,782173,BLU,Blue,S,,148082,0,0,0,0,0,56.4,0.0,120.0,0.0,120.0,0.0,0.0,,PUMA,0.0,0.0,,,,,,,Tops,False,1.0,True,0.0,,True,True,False,1.0,,,,,1.0,1.0,6/28/25 12:07:46 PM,
1.0,PUMA,Licensed,Apparel,Jacket,MCFC_25_KING_ATM_JKT,MCFC King Anthem Jacket,782173,BLU,Blue,M,,148083,1,0,0,0,1,56.4,56.4,120.0,120.0,120.0,120.0,0.0,,PUMA,0.0,0.0,,,,,,,Tops,False,1.0,True,0.0,,True,True,False,1.0,,,,,0.0,1.0,6/28/25 12:07:46 PM,
1.0,PUMA,Licensed,Apparel,Jacket,MCFC_25_KING_ATM_JKT,MCFC King Anthem Jacket,782173,BLU,Blue,L,,148084,2,0,0,0,2,56.4,112.8,120.0,240.0,120.0,240.0,0.0,,PUMA,0.0,0.0,,,,,,,Tops,False,1.0,True,0.0,,True,True,False,1.0,,,,,0.0,2.0,6/28/25 12:07:46 PM,
1.0,PUMA,Licensed,Apparel,Jacket,MCFC_25_KING_ATM_JKT,MCFC King Anthem Jacket,782173,BLU,Blue,XL,,148085,0,0,0,0,0,56.4,0.0,120.0,0.0,120.0,0.0,0.0,,PUMA,0.0,0.0,,,,,,,Tops,False,1.0,True,0.0,,True,True,False,1.0,,,,,0.0,0.0,,
1.0,PUMA,Licensed,Apparel,Jacket,MCFC_25_KING_ATM_JKT,MCFC King Anthem Jacket,782173,BLU,Blue,XXL,,148086,0,0,0,0,0,56.4,0.0,120.0,0.0,120.0,0.0,0.0,,PUMA,0.0,0.0,,,,,,,Tops,False,1.0,True,0.0,,True,True,False,1.0,,,,,0.0,0.0,,
1.0,PUMA,Licensed,Apparel,Jacket,MCFC_25_KING_ATM_JKT,MCFC King Anthem Jacket,782173,BLU,Blue,XXXL,,148087,0,0,0,0,0,56.4,0.0,120.0,0.0,120.0,0.0,0.0,,PUMA,0.0,0.0,,,,,,,Tops,False,1.0,True,0.0,,True,True,False,1.0,,,,,0.0,0.0,,
1.0,PUMA,Licensed,Apparel,Jacket,MCFC_25_KNG_ATM_JKTY,MCFC King Anthem Jacket Y,782175,BLU,Blue,Y2XS,,148377,0,0,0,0,0,51.7,0.0,110.0,0.0,110.0,0.0,0.0,,PUMA,0.0,0.0,,,,,,,Tops_Youth,False,1.0,True,0.0,,True,True,False,1.0,,,,,0.0,0.0,,
1.0,PUMA,Licensed,Apparel,Jerseys,ACM_25_H_JSY_Y,AC Milan Home Jersey Y,779965,Red,Red,Y2XS,,148088,0,0,0,0,0,47.0,0.0,100.0,0.0,100.0,0.0,0.0,,PUMA,0.0,0.0,,,,,,,Tops_Youth,False,1.0,True,0.0,,True,True,False,1.0,,,,,0.0,0.0,,
1.0,PUMA,Licensed,Apparel,Jerseys,ACM_25_H_JSY_Y,AC Milan Home Jersey Y,779965,Red,Red,YXS,,148089,0,0,0,0,0,47.0,0.0,100.0,0.0,100.0,0.0,0.0,,PUMA,0.0,0.0,,,,,,,Tops_Youth,False,1.0,True,0.0,,True,True,False,1.0,,,,,0.0,0.0,,
1.0,PUMA,Licensed,Apparel,Jerseys,ACM_25_H_JSY_Y,AC Milan Home Jersey Y,779965,Red,Red,YS,,148090,0,0,0,0,0,47.0,0.0,100.0,0.0,100.0,0.0,0.0,,PUMA,0.0,0.0,,,,,,,Tops_Youth,False,1.0,True,0.0,,True,True,False,1.0,,,,,0.0,0.0,,
1.0,PUMA,Licensed,Apparel,Jerseys,ACM_25_H_JSY_Y,AC Milan Home Jersey Y,779965,Red,Red,YM,,148091,0,0,0,0,0,47.0,0.0,100.0,0.0,100.0,0.0,0.0,,PUMA,0.0,0.0,,,,,,,Tops_Youth,False,1.0,True,0.0,,True,True,False,1.0,,,,,1.0,1.0,6/28/25 12:11:30 PM,
1.0,PUMA,Licensed,Apparel,Jerseys,ACM_25_H_JSY_Y,AC Milan Home Jersey Y,779965,Red,Red,YL,,148092,0,0,0,0,0,47.0,0.0,100.0,0.0,100.0,0.0,0.0,,PUMA,0.0,0.0,,,,,,,Tops_Youth,False,1.0,True,0.0,,True,True,False,1.0,,,,,1.0,1.0,6/28/25 12:11:30 PM,
1.0,PUMA,Licensed,Apparel,Jerseys,ACM_25_H_JSY_Y,AC Milan Home Jersey Y,779965,Red,Red,YXL,,148093,0,0,0,0,0,47.0,0.0,100.0,0.0,100.0,0.0,0.0,,PUMA,0.0,0.0,,,,,,,Tops_Youth,False,1.0,True,0.0,,True,True,False,1.0,,,,,0.0,0.0,,
1.0,ADIDAS,Licensed,Apparel,Jacket,RM_25_ANTHEM_JKT,Real Madrid Anthem Jacket,KC3739,NVY,Navy,XS,,148139,0,0,0,0,0,70.84,0.0,140.0,0.0,140.0,0.0,0.0,,ADIDAS,0.0,0.0,,,,,,,Tops,False,1.0,True,0.0,,True,True,False,1.0,,,,,0.0,0.0,,
1.0,ADIDAS,Licensed,Apparel,Jacket,RM_25_ANTHEM_JKT,Real Madrid Anthem Jacket,KC3739,NVY,Navy,S,,148140,2,0,0,0,2,70.84,141.68,140.0,280.0,140.0,280.0,0.0,,ADIDAS,0.0,0.0,,,,,,,Tops,False,1.0,True,0.0,,True,True,False,1.0,,,,,0.0,2.0,8/22/25 1:37:06 PM,
1.0,ADIDAS,Licensed,Apparel,Jacket,RM_25_ANTHEM_JKT,Real Madrid Anthem Jacket,KC3739,NVY,Navy,M,,148141,0,0,0,0,0,70.84,0.0,140.0,0.0,140.0,0.0,0.0,,ADIDAS,0.0,0.0,,,,,,,Tops,False,1.0,True,0.0,,True,True,False,1.0,,,,,3.0,3.0,8/22/25 1:37:06 PM,
1.0,ADIDAS,Licensed,Apparel,Jacket,RM_25_ANTHEM_JKT,Real Madrid Anthem Jacket,KC3739,NVY,Navy,L,,148142,2,0,0,0,2,70.84,141.68,140.0,280.0,140.0,280.0,0.0,,ADIDAS,0.0,0.0,,,,,,,Tops,False,1.0,True,0.0,,True,True,False,1.0,,,,,1.0,2.0,8/22/25 1:37:06 PM,
1.0,ADIDAS,Licensed,Apparel,Jacket,RM_25_ANTHEM_JKT,Real Madrid Anthem Jacket,KC3739,NVY,Navy,XL,,148143,0,0,0,0,0,70.84,0.0,140.0,0.0,140.0,0.0,0.0,,ADIDAS,0.0,0.0,,,,,,,Tops,False,1.0,True,0.0,,True,True,False,1.0,,,,,1.0,1.0,8/21/25 2:27:04 PM,
1.0,ADIDAS,Licensed,Apparel,Jacket,RM_25_ANTHEM_JKT,Real Madrid Anthem Jacket,KC3739,NVY,Navy,XXL,,148144,0,0,0,0,0,70.84,0.0,140.0,0.0,140.0,0.0,0.0,,ADIDAS,0.0,0.0,,,,,,,Tops,False,1.0,True,0.0,,True,True,False,1.0,,,,,0.0,0.0,,
1.0,ADIDAS,Licensed,Apparel,Jacket,RM_25_ANTHEM_JKT,Real Madrid Anthem Jacket,KC3739,NVY,Navy,XXXL,,148145,0,0,0,0,0,70.84,0.0,140.0,0.0,140.0,0.0,0.0,,ADIDAS,0.0,0.0,,,,,,,Tops,False,1.0,True,0.0,,True,True,False,1.0,,,,,0.0,0.0,,
1.0,ADIDAS,Licensed,Apparel,Jerseys,SLB_25_A_JSY,SL Benfica Away Jersey,JX7840,BGE,Biege,XS,,148146,1,0,0,0,1,56.4,56.4,120.0,120.0,120.0,120.0,0.0,,ADIDAS,0.0,0.0,,,,,,,Tops,False,1.0,True,0.0,,True,True,False,1.0,,,,,1.0,2.0,8/21/25 2:34:18 PM,
1.0,ADIDAS,Licensed,Apparel,Jerseys,SLB_25_A_JSY,SL Benfica Away Jersey,JX7840,BGE,Biege,S,,148147,2,0,0,0,2,56.4,112.8,120.0,240.0,120.0,240.0,0.0,,ADIDAS,0.0,0.0,,,,,,,Tops,False,1.0,True,0.0,,True,True,False,1.0,,,,,0.0,2.0,8/21/25 2:34:19 PM,
1.0,ADIDAS,Licensed,Apparel,Jerseys,SLB_25_A_JSY,SL Benfica Away Jersey,JX7840,BGE,Biege,M,,148148,2,0,0,0,2,56.4,112.8,120.0,240.0,120.0,240.0,0.0,,ADIDAS,0.0,0.0,,,,,,,Tops,False,1.0,True,0.0,,True,True,False,1.0,,,,,2.0,4.0,8/21/25 2:34:19 PM,
1.0,ADIDAS,Licensed,Apparel,Jerseys,SLB_25_A_JSY,SL Benfica Away Jersey,JX7840,BGE,Biege,L,,148149,3,0,0,0,3,56.4,169.2,120.0,360.0,120.0,360.0,0.0,,ADIDAS,0.0,0.0,,,,,,,Tops,False,1.0,True,0.0,,True,True,False,1.0,,,,,1.0,4.0,8/21/25 2:34:19 PM,
1.0,ADIDAS,Licensed,Apparel,Jerseys,SLB_25_A_JSY,SL Benfica Away Jersey,JX7840,BGE,Biege,XL,,148150,1,0,0,0,1,56.4,56.4,120.0,120.0,120.0,120.0,0.0,,ADIDAS,0.0,0.0,,,,,,,Tops,False,1.0,True,0.0,,True,True,False,1.0,,,,,1.0,2.0,8/21/25 2:34:19 PM,
1.0,ADIDAS,Licensed,Apparel,Jerseys,SLB_25_A_JSY,SL Benfica Away Jersey,JX7840,BGE,Biege,XXL,,148151,0,0,0,0,0,56.4,0.0,120.0,0.0,120.0,0.0,0.0,,ADIDAS,0.0,0.0,,,,,,,Tops,False,1.0,True,0.0,,True,True,False,1.0,,,,,0.0,0.0,,
1.0,ADIDAS,Licensed,Apparel,Jerseys,SLB_25_A_JSY,SL Benfica Away Jersey,JX7840,BGE,Biege,XXXL,,148152,0,0,0,0,0,56.4,0.0,120.0,0.0,120.0,0.0,0.0,,ADIDAS,0.0,0.0,,,,,,,Tops,False,1.0,True,0.0,,True,True,False,1.0,,,,,0.0,0.0,,
1.0,ADIDAS,Licensed,Apparel,Jerseys,RM_25_A_JSY_L,Ream Madrid Away Jersey LS,JP3939,NVY,Navy,XS,,148153,0,0,0,0,0,61.1,0.0,130.0,0.0,130.0,0.0,0.0,,ADIDAS,0.0,0.0,,,,,,,Tops,False,1.0,True,0.0,,True,True,False,1.0,,,,,2.0,2.0,8/21/25 2:39:30 PM,
1.0,ADIDAS,Licensed,Apparel,Jerseys,RM_25_A_JSY_L,Ream Madrid Away Jersey LS,JP3939,NVY,Navy,S,,148154,2,0,0,0,2,61.1,122.2,130.0,260.0,130.0,260.0,0.0,,ADIDAS,0.0,0.0,,,,,,,Tops,False,1.0,True,0.0,,True,True,False,1.0,,,,,0.0,2.0,8/21/25 2:39:31 PM,
1.0,ADIDAS,Licensed,Apparel,Jerseys,RM_25_A_JSY_L,Ream Madrid Away Jersey LS,JP3939,NVY,Navy,M,,148155,0,0,0,0,0,61.1,0.0,130.0,0.0,130.0,0.0,0.0,,ADIDAS,0.0,0.0,,,,,,,Tops,False,1.0,True,0.0,,True,True,False,1.0,,,,,2.0,2.0,8/21/25 2:39:31 PM,
1.0,ADIDAS,Licensed,Apparel,Jerseys,MUFC_25_H_JSY_LS,MUFC Home Jersey LS,JP3037,Red,Red,XS,,148125,0,0,0,0,0,61.1,0.0,130.0,0.0,130.0,0.0,0.0,,ADIDAS,0.0,0.0,,,,,,,Tops,False,1.0,True,0.0,,True,True,False,1.0,,,,,0.0,0.0,,
1.0,ADIDAS,Licensed,Apparel,Jerseys,MUFC_25_H_JSY_LS,MUFC Home Jersey LS,JP3037,Red,Red,S,,148126,0,0,0,0,0,61.1,0.0,130.0,0.0,130.0,0.0,0.0,,ADIDAS,0.0,0.0,,,,,,,Tops,False,1.0,True,0.0,,True,True,False,1.0,,,,,1.0,1.0,7/29/25 3:11:06 PM,
1.0,ADIDAS,Licensed,Apparel,Jerseys,MUFC_25_H_JSY_LS,MUFC Home Jersey LS,JP3037,Red,Red,M,,148127,0,0,0,0,0,61.1,0.0,130.0,0.0,130.0,0.0,0.0,,ADIDAS,0.0,0.0,,,,,,,Tops,False,1.0,True,0.0,,True,True,False,1.0,,,,,1.0,1.0,7/29/25 3:11:06 PM,
1.0,ADIDAS,Licensed,Apparel,Jerseys,MUFC_25_H_JSY_LS,MUFC Home Jersey LS,JP3037,Red,Red,L,,148128,0,0,0,0,0,61.1,0.0,130.0,0.0,130.0,0.0,0.0,,ADIDAS,0.0,0.0,,,,,,,Tops,False,1.0,True,0.0,,True,True,False,1.0,,,,,0.0,0.0,,
1.0,ADIDAS,Licensed,Apparel,Jerseys,MUFC_25_H_JSY_LS,MUFC Home Jersey LS,JP3037,Red,Red,XL,,148129,0,0,0,0,0,61.1,0.0,130.0,0.0,130.0,0.0,0.0,,ADIDAS,0.0,0.0,,,,,,,Tops,False,1.0,True,0.0,,True,True,False,1.0,,,,,0.0,0.0,,
1.0,ADIDAS,Licensed,Apparel,Jerseys,MUFC_25_H_JSY_LS,MUFC Home Jersey LS,JP3037,Red,Red,XXL,,148130,0,0,0,0,0,61.1,0.0,130.0,0.0,130.0,0.0,0.0,,ADIDAS,0.0,0.0,,,,,,,Tops,False,1.0,True,0.0,,True,True,False,1.0,,,,,0.0,0.0,,
1.0,ADIDAS,Licensed,Apparel,Jerseys,MUFC_25_H_JSY_LS,MUFC Home Jersey LS,JP3037,Red,Red,XXXL,,148131,0,0,0,0,0,61.1,0.0,130.0,0.0,130.0,0.0,0.0,,ADIDAS,0.0,0.0,,,,,,,Tops,False,1.0,True,0.0,,True,True,False,1.0,,,,,0.0,0.0,,
1.0,ADIDAS,Licensed,Apparel,Jerseys,ROMA_25_H_JSY,Roma Home Jersey,JP4184,MAR,,XS,,148132,0,0,0,0,0,56.4,0.0,120.0,0.0,120.0,0.0,0.0,,ADIDAS,0.0,0.0,,,,,,,Tops,False,1.0,True,0.0,,True,True,False,1.0,,,,,0.0,0.0,,
1.0,ADIDAS,Licensed,Apparel,Jerseys,ROMA_25_H_JSY,Roma Home Jersey,JP4184,MAR,,S,,148133,6,0,0,0,6,56.4,338.4,120.0,720.0,120.0,720.0,0.0,,ADIDAS,0.0,0.0,,,,,,,Tops,False,1.0,True,0.0,,True,True,False,1.0,,,,,0.0,5.0,9/15/25 1:36:00 PM,
1.0,ADIDAS,Licensed,Apparel,Jerseys,ROMA_25_H_JSY,Roma Home Jersey,JP4184,MAR,,M,,148134,9,0,0,0,9,56.4,507.6,120.0,1080.0,120.0,1080.0,0.0,,ADIDAS,0.0,0.0,,,,,,,Tops,False,1.0,True,0.0,,True,True,False,1.0,,,,,0.0,8.0,9/15/25 1:36:00 PM,
1.0,ADIDAS,Licensed,Apparel,Jerseys,ROMA_25_H_JSY,Roma Home Jersey,JP4184,MAR,,L,,148135,-13,0,0,0,-13,56.4,-733.2,120.0,-1560.0,120.0,-1560.0,0.0,,ADIDAS,0.0,0.0,,,,,,,Tops,False,1.0,True,0.0,,True,True,False,1.0,,,,,15.0,2.0,9/15/25 1:36:01 PM,
1.0,ADIDAS,Licensed,Apparel,Jerseys,ROMA_25_H_JSY,Roma Home Jersey,JP4184,MAR,,XL,,148136,0,0,0,0,0,56.4,0.0,120.0,0.0,120.0,0.0,0.0,,ADIDAS,0.0,0.0,,,,,,,Tops,False,1.0,True,0.0,,True,True,False,1.0,,,,,0.0,0.0,,
1.0,ADIDAS,Licensed,Apparel,Jerseys,ROMA_25_H_JSY,Roma Home Jersey,JP4184,MAR,,XXL,,148137,0,0,0,0,0,56.4,0.0,120.0,0.0,120.0,0.0,0.0,,ADIDAS,0.0,0.0,,,,,,,Tops,False,1.0,True,0.0,,True,True,False,1.0,,,,,0.0,0.0,,
1.0,ADIDAS,Licensed,Apparel,Jerseys,ROMA_25_H_JSY,Roma Home Jersey,JP4184,MAR,,XXXL,,148138,0,0,0,0,0,56.4,0.0,120.0,0.0,120.0,0.0,0.0,,ADIDAS,0.0,0.0,,,,,,,Tops,False,1.0,True,0.0,,True,True,False,1.0,,,,,0.0,0.0,,
1.0,ADIDAS,Licensed,Apparel,Jerseys,RM_25_A_JSY_L,Ream Madrid Away Jersey LS,JP3939,NVY,Navy,L,,148156,1,0,0,0,1,61.1,61.1,130.0,130.0,130.0,130.0,0.0,,ADIDAS,0.0,0.0,,,,,,,Tops,False,1.0,True,0.0,,True,True,False,1.0,,,,,0.0,1.0,8/21/25 2:39:31 PM,
1.0,ADIDAS,Licensed,Apparel,Jerseys,RM_25_A_JSY_L,Ream Madrid Away Jersey LS,JP3939,NVY,Navy,XL,,148157,0,0,0,0,0,61.1,0.0,130.0,0.0,130.0,0.0,0.0,,ADIDAS,0.0,0.0,,,,,,,Tops,False,1.0,True,0.0,,True,True,False,1.0,,,,,0.0,0.0,,
1.0,ADIDAS,Licensed,Apparel,Jerseys,RM_25_A_JSY_L,Ream Madrid Away Jersey LS,JP3939,NVY,Navy,XXL,,148158,0,0,0,0,0,61.1,0.0,130.0,0.0,130.0,0.0,0.0,,ADIDAS,0.0,0.0,,,,,,,Tops,False,1.0,True,0.0,,True,True,False,1.0,,,,,0.0,0.0,,
1.0,ADIDAS,Licensed,Apparel,Jerseys,RM_25_A_JSY_L,Ream Madrid Away Jersey LS,JP3939,NVY,Navy,XXXL,,148159,0,0,0,0,0,61.1,0.0,130.0,0.0,130.0,0.0,0.0,,ADIDAS,0.0,0.0,,,,,,,Tops,False,1.0,True,0.0,,True,True,False,1.0,,,,,0.0,0.0,,
1.0,ADIDAS,Licensed,Apparel,Jerseys,RM_25_A_JSY_AU,Ream Madrid Away Jersey Authentic,JV5920,NVY,Navy,XS,,148160,0,0,0,0,0,89.3,0.0,190.0,0.0,190.0,0.0,0.0,,ADIDAS,0.0,0.0,,,,,,,Tops,False,1.0,True,0.0,,True,True,False,1.0,,,,,0.0,0.0,,
1.0,ADIDAS,Licensed,Apparel,Jerseys,RM_25_A_JSY_AU,Ream Madrid Away Jersey Authentic,JV5920,NVY,Navy,S,,148161,1,0,0,0,1,89.3,89.3,190.0,190.0,190.0,190.0,0.0,,ADIDAS,0.0,0.0,,,,,,,Tops,False,1.0,True,0.0,,True,True,False,1.0,,,,,0.0,1.0,8/21/25 2:41:03 PM,
1.0,ADIDAS,Licensed,Apparel,Jerseys,RM_25_A_JSY_AU,Ream Madrid Away Jersey Authentic,JV5920,NVY,Navy,M,,148162,0,0,0,0,0,89.3,0.0,190.0,0.0,190.0,0.0,0.0,,ADIDAS,0.0,0.0,,,,,,,Tops,False,1.0,True,0.0,,True,True,False,1.0,,,,,0.0,0.0,,
1.0,ADIDAS,Licensed,Apparel,Jerseys,RM_25_A_JSY_AU,Ream Madrid Away Jersey Authentic,JV5920,NVY,Navy,L,,148163,2,0,0,0,2,89.3,178.6,190.0,380.0,190.0,380.0,0.0,,ADIDAS,0.0,0.0,,,,,,,Tops,False,1.0,True,0.0,,True,True,False,1.0,,,,,0.0,2.0,8/21/25 2:41:04 PM,
1.0,ADIDAS,Licensed,Apparel,Jerseys,RM_25_A_JSY_AU,Ream Madrid Away Jersey Authentic,JV5920,NVY,Navy,XL,,148164,0,0,0,0,0,89.3,0.0,190.0,0.0,190.0,0.0,0.0,,ADIDAS,0.0,0.0,,,,,,,Tops,False,1.0,True,0.0,,True,True,False,1.0,,,,,0.0,0.0,,
1.0,ADIDAS,Licensed,Apparel,Jacket,RM_25_ANTHEM_JKT_Y,Real Madrid Anthem Jacket Y,KC3737,NVY,Navy,XS,,148335,1,0,0,0,1,47.0,47.0,100.0,100.0,100.0,100.0,0.0,,ADIDAS,0.0,0.0,,,,,,,Tops,False,1.0,True,0.0,,True,True,False,1.0,,,,,0.0,1.0,8/27/25 3:00:25 PM,
1.0,ADIDAS,Licensed,Apparel,Jacket,RM_25_ANTHEM_JKT_Y,Real Madrid Anthem Jacket Y,KC3737,NVY,Navy,S,,148336,0,0,0,0,0,47.0,0.0,100.0,0.0,100.0,0.0,0.0,,ADIDAS,0.0,0.0,,,,,,,Tops,False,1.0,True,0.0,,True,True,False,1.0,,,,,2.0,2.0,8/27/25 3:00:25 PM,
1.0,ADIDAS,Licensed,Apparel,Jacket,RM_25_ANTHEM_JKT_Y,Real Madrid Anthem Jacket Y,KC3737,NVY,Navy,M,,148337,1,0,0,0,1,47.0,47.0,100.0,100.0,100.0,100.0,0.0,,ADIDAS,0.0,0.0,,,,,,,Tops,False,1.0,True,0.0,,True,True,False,1.0,,,,,2.0,3.0,8/27/25 3:00:25 PM,
1.0,ADIDAS,Licensed,Apparel,Jacket,RM_25_ANTHEM_JKT_Y,Real Madrid Anthem Jacket Y,KC3737,NVY,Navy,L,,148338,0,0,0,0,0,47.0,0.0,100.0,0.0,100.0,0.0,0.0,,ADIDAS,0.0,0.0,,,,,,,Tops,False,1.0,True,0.0,,True,True,False,1.0,,,,,3.0,3.0,8/27/25 3:00:25 PM,
1.0,ADIDAS,Licensed,Apparel,Jacket,RM_25_ANTHEM_JKT_Y,Real Madrid Anthem Jacket Y,KC3737,NVY,Navy,XL,,148339,0,0,0,0,0,47.0,0.0,100.0,0.0,100.0,0.0,0.0,,ADIDAS,0.0,0.0,,,,,,,Tops,False,1.0,True,0.0,,True,True,False,1.0,,,,,2.0,2.0,8/27/25 3:00:25 PM,
1.0,ADIDAS,Licensed,Apparel,Jacket,RM_25_ANTHEM_JKT_Y,Real Madrid Anthem Jacket Y,KC3737,NVY,Navy,XXL,,148340,0,0,0,0,0,47.0,0.0,100.0,0.0,100.0,0.0,0.0,,ADIDAS,0.0,0.0,,,,,,,Tops,False,1.0,True,0.0,,True,True,False,1.0,,,,,0.0,0.0,,
1.0,ADIDAS,Licensed,Apparel,Jacket,RM_25_ANTHEM_JKT_Y,Real Madrid Anthem Jacket Y,KC3737,NVY,Navy,XXXL,,148341,0,0,0,0,0,47.0,0.0,100.0,0.0,100.0,0.0,0.0,,ADIDAS,0.0,0.0,,,,,,,Tops,False,1.0,True,0.0,,True,True,False,1.0,,,,,0.0,0.0,,
1.0,ADIDAS,Licensed,Apparel,Jerseys,ROMA_25_A_JSY,Roma Away Jersey,JJ4187,ORG,Orange,XS,,148352,0,0,0,0,0,56.4,0.0,120.0,0.0,120.0,0.0,0.0,,ADIDAS,0.0,0.0,,,,,,,Tops,False,1.0,True,0.0,,True,True,False,1.0,,,,,0.0,0.0,,
1.0,ADIDAS,Licensed,Apparel,Jerseys,ROMA_25_A_JSY,Roma Away Jersey,JJ4187,ORG,Orange,S,,148353,0,0,0,0,0,56.4,0.0,120.0,0.0,120.0,0.0,0.0,,ADIDAS,0.0,0.0,,,,,,,Tops,False,1.0,True,0.0,,True,True,False,1.0,,,,,0.0,0.0,,
1.0,ADIDAS,Licensed,Apparel,Jerseys,ROMA_25_A_JSY,Roma Away Jersey,JJ4187,ORG,Orange,M,,148354,7,0,0,0,7,56.4,394.8,120.0,840.0,120.0,840.0,0.0,,ADIDAS,0.0,0.0,,,,,,,Tops,False,1.0,True,0.0,,True,True,False,1.0,,,,,0.0,6.0,9/19/25 2:16:46 PM,
1.0,ADIDAS,Licensed,Apparel,Jerseys,ROMA_25_A_JSY,Roma Away Jersey,JJ4187,ORG,Orange,L,,148355,-10,0,0,0,-10,56.4,-564.0,120.0,-1200.0,120.0,-1200.0,0.0,,ADIDAS,0.0,0.0,,,,,,,Tops,False,1.0,True,0.0,,True,True,False,1.0,,,,,15.0,4.0,9/19/25 2:16:46 PM,
1.0,ADIDAS,Licensed,Apparel,Jerseys,ROMA_25_A_JSY,Roma Away Jersey,JJ4187,ORG,Orange,XL,,148356,5,0,0,0,5,56.4,282.0,120.0,600.0,120.0,600.0,0.0,,ADIDAS,0.0,0.0,,,,,,,Tops,False,1.0,True,0.0,,True,True,False,1.0,,,,,0.0,5.0,9/19/25 2:16:46 PM,
1.0,ADIDAS,Licensed,Apparel,Jerseys,ROMA_25_A_JSY,Roma Away Jersey,JJ4187,ORG,Orange,XXL,,148357,0,0,0,0,0,56.4,0.0,120.0,0.0,120.0,0.0,0.0,,ADIDAS,0.0,0.0,,,,,,,Tops,False,1.0,True,0.0,,True,True,False,1.0,,,,,0.0,0.0,,
1.0,ADIDAS,Licensed,Apparel,Jerseys,ROMA_25_A_JSY,Roma Away Jersey,JJ4187,ORG,Orange,XXXL,,148358,0,0,0,0,0,56.4,0.0,120.0,0.0,120.0,0.0,0.0,,ADIDAS,0.0,0.0,,,,,,,Tops,False,1.0,True,0.0,,True,True,False,1.0,,,,,0.0,0.0,,
1.0,ADIDAS,Licensed,ACCESSORIES,Balls,JUVE_CLB_BALL_25,Juventus Club Ball,JN7324,BLK,Black,1,,148359,0,0,0,0,0,18.8,0.0,40.0,0.0,40.0,0.0,0.0,,ADIDAS,0.0,0.0,,,,,,,Balls,False,1.0,True,0.0,,True,True,False,1.0,,,,,0.0,0.0,,
1.0,ADIDAS,Licensed,ACCESSORIES,Balls,JUVE_CLB_BALL_25,Juventus Club Ball,JN7324,BLK,Black,2,,148360,0,0,0,0,0,18.8,0.0,40.0,0.0,40.0,0.0,0.0,,ADIDAS,0.0,0.0,,,,,,,Balls,False,1.0,True,0.0,,True,True,False,1.0,,,,,0.0,0.0,,
1.0,ADIDAS,Licensed,ACCESSORIES,Balls,JUVE_CLB_BALL_25,Juventus Club Ball,JN7324,BLK,Black,3,,148361,0,0,0,0,0,18.8,0.0,40.0,0.0,40.0,0.0,0.0,,ADIDAS,0.0,0.0,,,,,,,Balls,False,1.0,True,0.0,,True,True,False,1.0,,,,,0.0,0.0,,
1.0,ADIDAS,Licensed,ACCESSORIES,Balls,JUVE_CLB_BALL_25,Juventus Club Ball,JN7324,BLK,Black,4,,148362,0,0,0,0,0,18.8,0.0,40.0,0.0,40.0,0.0,0.0,,ADIDAS,0.0,0.0,,,,,,,Balls,False,1.0,True,0.0,,True,True,False,1.0,,,,,0.0,0.0,,
1.0,ADIDAS,Licensed,ACCESSORIES,Balls,JUVE_CLB_BALL_25,Juventus Club Ball,JN7324,BLK,Black,5,,148363,-1,0,0,0,-1,18.8,-18.8,40.0,-40.0,40.0,-40.0,0.0,,ADIDAS,0.0,0.0,,,,,,,Balls,False,1.0,True,0.0,,True,True,False,1.0,,,,,17.0,16.0,9/03/25 2:48:40 PM,
1.0,ADIDAS,Licensed,Apparel,Jerseys,JUVE_25_3RD_JSY,Juventus 3rd Jersey,KC3486,BLK,Black,XS,,148390,0,0,0,0,0,56.4,0.0,120.0,0.0,120.0,0.0,0.0,,ADIDAS,0.0,0.0,,,,,,,Tops,False,1.0,True,0.0,,True,True,False,1.0,,,,,0.0,0.0,,
1.0,ADIDAS,Licensed,Apparel,Jerseys,JUVE_25_3RD_JSY,Juventus 3rd Jersey,KC3486,BLK,Black,S,,148391,0,0,0,0,0,56.4,0.0,120.0,0.0,120.0,0.0,0.0,,ADIDAS,0.0,0.0,,,,,,,Tops,False,1.0,True,0.0,,True,True,False,1.0,,,,,0.0,0.0,,
1.0,ADIDAS,Licensed,Apparel,Jerseys,JUVE_25_3RD_JSY,Juventus 3rd Jersey,KC3486,BLK,Black,M,,148392,6,0,0,0,6,56.4,338.4,120.0,720.0,120.0,720.0,0.0,,ADIDAS,0.0,0.0,,,,,,,Tops,False,1.0,True,0.0,,True,True,False,1.0,,,,,0.0,6.0,9/15/25 1:32:31 PM,
1.0,ADIDAS,Licensed,Apparel,Jerseys,JUVE_25_3RD_JSY,Juventus 3rd Jersey,KC3486,BLK,Black,L,,148393,8,0,0,0,8,56.4,451.2,120.0,960.0,120.0,960.0,0.0,,ADIDAS,0.0,0.0,,,,,,,Tops,False,1.0,True,0.0,,True,True,False,1.0,,,,,0.0,8.0,9/15/25 1:32:31 PM,
1.0,ADIDAS,Licensed,Apparel,Jacket,LFC_25_ANTHEM_JKT_Y,Liverpool Anthem Jacket Y,JW5482,RED,Red,Y2XS,,148364,0,0,0,0,0,47.0,0.0,100.0,0.0,100.0,0.0,0.0,,ADIDAS,0.0,0.0,,,,,,,Tops_Youth,False,1.0,True,0.0,,True,True,False,1.0,,,,,0.0,0.0,,
1.0,ADIDAS,Licensed,Apparel,Jacket,LFC_25_ANTHEM_JKT_Y,Liverpool Anthem Jacket Y,JW5482,RED,Red,YXS,,148365,0,0,0,0,0,47.0,0.0,100.0,0.0,100.0,0.0,0.0,,ADIDAS,0.0,0.0,,,,,,,Tops_Youth,False,1.0,True,0.0,,True,True,False,1.0,,,,,0.0,0.0,,
1.0,ADIDAS,Licensed,Apparel,Jacket,LFC_25_ANTHEM_JKT_Y,Liverpool Anthem Jacket Y,JW5482,RED,Red,YS,,148366,0,0,0,0,0,47.0,0.0,100.0,0.0,100.0,0.0,0.0,,ADIDAS,0.0,0.0,,,,,,,Tops_Youth,False,1.0,True,0.0,,True,True,False,1.0,,,,,0.0,0.0,,
1.0,ADIDAS,Licensed,Apparel,Jacket,LFC_25_ANTHEM_JKT_Y,Liverpool Anthem Jacket Y,JW5482,RED,Red,YM,,148367,0,0,0,0,0,47.0,0.0,100.0,0.0,100.0,0.0,0.0,,ADIDAS,0.0,0.0,,,,,,,Tops_Youth,False,1.0,True,0.0,,True,True,False,1.0,,,,,0.0,0.0,,
1.0,ADIDAS,Licensed,Apparel,Jacket,LFC_25_ANTHEM_JKT_Y,Liverpool Anthem Jacket Y,JW5482,RED,Red,YL,,148368,0,0,0,0,0,47.0,0.0,100.0,0.0,100.0,0.0,0.0,,ADIDAS,0.0,0.0,,,,,,,Tops_Youth,False,1.0,True,0.0,,True,True,False,1.0,,,,,0.0,0.0,,
1.0,ADIDAS,Licensed,Apparel,Jacket,LFC_25_ANTHEM_JKT_Y,Liverpool Anthem Jacket Y,JW5482,RED,Red,YXL,,148369,2,0,0,0,2,47.0,94.0,100.0,200.0,100.0,200.0,0.0,,ADIDAS,0.0,0.0,,,,,,,Tops_Youth,False,1.0,True,0.0,,True,True,False,1.0,,,,,0.0,2.0,9/04/25 2:48:04 PM,
1.0,ADIDAS,Licensed,Apparel,Jerseys,LFC_25_H_JSY_L,Liverpool Home Jersey LS,JV6456,RED,Red,XS,,148370,0,0,0,0,0,61.1,0.0,130.0,0.0,130.0,0.0,0.0,,ADIDAS,0.0,0.0,,,,,,,Tops,False,1.0,True,0.0,,True,True,False,1.0,,,,,0.0,0.0,,
1.0,ADIDAS,Licensed,Apparel,Jerseys,LFC_25_H_JSY_L,Liverpool Home Jersey LS,JV6456,RED,Red,S,,148371,0,0,0,0,0,61.1,0.0,130.0,0.0,130.0,0.0,0.0,,ADIDAS,0.0,0.0,,,,,,,Tops,False,1.0,True,0.0,,True,True,False,1.0,,,,,1.0,1.0,9/04/25 2:50:19 PM,
1.0,ADIDAS,Licensed,Apparel,Jerseys,LFC_25_H_JSY_L,Liverpool Home Jersey LS,JV6456,RED,Red,M,,148372,0,0,0,0,0,61.1,0.0,130.0,0.0,130.0,0.0,0.0,,ADIDAS,0.0,0.0,,,,,,,Tops,False,1.0,True,0.0,,True,True,False,1.0,,,,,0.0,0.0,,
1.0,ADIDAS,Licensed,Apparel,Jerseys,LFC_25_H_JSY_L,Liverpool Home Jersey LS,JV6456,RED,Red,L,,148373,-1,0,0,0,-1,61.1,-61.1,130.0,-130.0,130.0,-130.0,0.0,,ADIDAS,0.0,0.0,,,,,,,Tops,False,1.0,True,0.0,,True,True,False,1.0,,,,,1.0,0.0,,
1.0,ADIDAS,Licensed,Apparel,Jerseys,LFC_25_H_JSY_L,Liverpool Home Jersey LS,JV6456,RED,Red,XL,,148374,0,0,0,0,0,61.1,0.0,130.0,0.0,130.0,0.0,0.0,,ADIDAS,0.0,0.0,,,,,,,Tops,False,1.0,True,0.0,,True,True,False,1.0,,,,,0.0,0.0,,
1.0,ADIDAS,Licensed,Apparel,Jerseys,LFC_25_H_JSY_L,Liverpool Home Jersey LS,JV6456,RED,Red,XXL,,148375,0,0,0,0,0,61.1,0.0,130.0,0.0,130.0,0.0,0.0,,ADIDAS,0.0,0.0,,,,,,,Tops,False,1.0,True,0.0,,True,True,False,1.0,,,,,0.0,0.0,,
1.0,ADIDAS,Licensed,Apparel,Jerseys,LFC_25_H_JSY_L,Liverpool Home Jersey LS,JV6456,RED,Red,XXXL,,148376,0,0,0,0,0,61.1,0.0,130.0,0.0,130.0,0.0,0.0,,ADIDAS,0.0,0.0,,,,,,,Tops,False,1.0,True,0.0,,True,True,False,1.0,,,,,0.0,0.0,,
1.0,ADIDAS,Licensed,Apparel,Jacket,JUVE_25_ICON_TT,Juventus Terrace Icon Track Top,JM9449,GRN,Green,XS,,148383,0,0,0,0,0,75.2,0.0,160.0,0.0,160.0,0.0,0.0,,,0.0,0.0,,,,,,,Tops,False,1.0,True,0.0,,True,True,False,1.0,,,,,0.0,0.0,,
1.0,ADIDAS,Licensed,Apparel,Jacket,JUVE_25_ICON_TT,Juventus Terrace Icon Track Top,JM9449,GRN,Green,S,,148384,5,0,0,0,5,75.2,376.0,160.0,800.0,160.0,800.0,0.0,,,0.0,0.0,,,,,,,Tops,False,1.0,True,0.0,,True,True,False,1.0,,,,,0.0,5.0,9/15/25 1:22:56 PM,
1.0,ADIDAS,Licensed,Apparel,Jacket,JUVE_25_ICON_TT,Juventus Terrace Icon Track Top,JM9449,GRN,Green,M,,148385,10,0,0,0,10,75.2,752.0,160.0,1600.0,160.0,1600.0,0.0,,,0.0,0.0,,,,,,,Tops,False,1.0,True,0.0,,True,True,False,1.0,,,,,0.0,10.0,9/15/25 1:22:56 PM,
1.0,ADIDAS,Licensed,Apparel,Jacket,JUVE_25_ICON_TT,Juventus Terrace Icon Track Top,JM9449,GRN,Green,L,,148386,15,0,0,0,15,75.2,1128.0,160.0,2400.0,160.0,2400.0,0.0,,,0.0,0.0,,,,,,,Tops,False,1.0,True,0.0,,True,True,False,1.0,,,,,0.0,15.0,9/15/25 1:22:56 PM,
1.0,ADIDAS,Licensed,Apparel,Jacket,JUVE_25_ICON_TT,Juventus Terrace Icon Track Top,JM9449,GRN,Green,XL,,148387,10,0,0,0,10,75.2,752.0,160.0,1600.0,160.0,1600.0,0.0,,,0.0,0.0,,,,,,,Tops,False,1.0,True,0.0,,True,True,False,1.0,,,,,0.0,10.0,9/15/25 1:22:56 PM,
1.0,ADIDAS,Licensed,Apparel,Jacket,JUVE_25_ICON_TT,Juventus Terrace Icon Track Top,JM9449,GRN,Green,XXL,,148388,0,0,0,0,0,75.2,0.0,160.0,0.0,160.0,0.0,0.0,,,0.0,0.0,,,,,,,Tops,False,1.0,True,0.0,,True,True,False,1.0,,,,,0.0,0.0,,
1.0,ADIDAS,Licensed,Apparel,Jacket,JUVE_25_ICON_TT,Juventus Terrace Icon Track Top,JM9449,GRN,Green,XXXL,,148389,0,0,0,0,0,75.2,0.0,160.0,0.0,160.0,0.0,0.0,,,0.0,0.0,,,,,,,Tops,False,1.0,True,0.0,,True,True,False,1.0,,,,,0.0,0.0,,
1.0,ADIDAS,Licensed,Apparel,Jerseys,JUVE_25_3RD_JSY,Juventus 3rd Jersey,KC3486,BLK,Black,XL,,148394,0,0,0,0,0,56.4,0.0,120.0,0.0,120.0,0.0,0.0,,ADIDAS,0.0,0.0,,,,,,,Tops,False,1.0,True,0.0,,True,True,False,1.0,,,,,0.0,0.0,,
1.0,ADIDAS,Licensed,Apparel,Jerseys,JUVE_25_3RD_JSY,Juventus 3rd Jersey,KC3486,BLK,Black,XXL,,148395,4,0,0,0,4,56.4,225.6,120.0,480.0,120.0,480.0,0.0,,ADIDAS,0.0,0.0,,,,,,,Tops,False,1.0,True,0.0,,True,True,False,1.0,,,,,0.0,4.0,9/15/25 1:32:31 PM,
1.0,ADIDAS,Licensed,Apparel,Jerseys,JUVE_25_3RD_JSY,Juventus 3rd Jersey,KC3486,BLK,Black,XXXL,,148396,0,0,0,0,0,56.4,0.0,120.0,0.0,120.0,0.0,0.0,,ADIDAS,0.0,0.0,,,,,,,Tops,False,1.0,True,0.0,,True,True,False,1.0,,,,,0.0,0.0,,
1.0,PUMA,Licensed,Apparel,Jacket,MCFC_25_KNG_ATM_JKTY,MCFC King Anthem Jacket Y,782175,BLU,Blue,YXS,,148378,0,0,0,0,0,51.7,0.0,110.0,0.0,110.0,0.0,0.0,,PUMA,0.0,0.0,,,,,,,Tops_Youth,False,1.0,True,0.0,,True,True,False,1.0,,,,,0.0,0.0,,
1.0,PUMA,Licensed,Apparel,Jacket,MCFC_25_KNG_ATM_JKTY,MCFC King Anthem Jacket Y,782175,BLU,Blue,YS,,148379,0,0,0,0,0,51.7,0.0,110.0,0.0,110.0,0.0,0.0,,PUMA,0.0,0.0,,,,,,,Tops_Youth,False,1.0,True,0.0,,True,True,False,1.0,,,,,0.0,0.0,,
1.0,PUMA,Licensed,Apparel,Jacket,MCFC_25_KNG_ATM_JKTY,MCFC King Anthem Jacket Y,782175,BLU,Blue,YM,,148380,0,0,0,0,0,51.7,0.0,110.0,0.0,110.0,0.0,0.0,,PUMA,0.0,0.0,,,,,,,Tops_Youth,False,1.0,True,0.0,,True,True,False,1.0,,,,,0.0,0.0,,
1.0,PUMA,Licensed,Apparel,Jacket,MCFC_25_KNG_ATM_JKTY,MCFC King Anthem Jacket Y,782175,BLU,Blue,YL,,148381,1,0,0,0,1,51.7,51.7,110.0,110.0,110.0,110.0,0.0,,PUMA,0.0,0.0,,,,,,,Tops_Youth,False,1.0,True,0.0,,True,True,False,1.0,,,,,0.0,1.0,9/14/25 11:33:50 AM,
1.0,PUMA,Licensed,Apparel,Jacket,MCFC_25_KNG_ATM_JKTY,MCFC King Anthem Jacket Y,782175,BLU,Blue,YXL,,148382,0,0,0,0,0,51.7,0.0,110.0,0.0,110.0,0.0,0.0,,PUMA,0.0,0.0,,,,,,,Tops_Youth,False,1.0,True,0.0,,True,True,False,1.0,,,,,0.0,0.0,,
1.0,ADIDAS,Licensed,ACCESSORIES,Balls,WC_26_COMP_BALL,WC Competition VBall,JD8031,AC,All Colours,1,,148416,0,0,0,0,0,42.3,0.0,90.0,0.0,90.0,0.0,0.0,,ADIDAS,0.0,0.0,,,,,,,Balls,False,1.0,True,0.0,,True,True,False,1.0,,,,,0.0,0.0,,
1.0,ADIDAS,Licensed,ACCESSORIES,Balls,WC_26_COMP_BALL,WC Competition VBall,JD8031,AC,All Colours,2,,148417,0,0,0,0,0,42.3,0.0,90.0,0.0,90.0,0.0,0.0,,ADIDAS,0.0,0.0,,,,,,,Balls,False,1.0,True,0.0,,True,True,False,1.0,,,,,0.0,0.0,,
1.0,ADIDAS,Licensed,ACCESSORIES,Balls,WC_26_COMP_BALL,WC Competition VBall,JD8031,AC,All Colours,3,,148418,0,0,0,0,0,42.3,0.0,90.0,0.0,90.0,0.0,0.0,,ADIDAS,0.0,0.0,,,,,,,Balls,False,1.0,True,0.0,,True,True,False,1.0,,,,,0.0,0.0,,
1.0,ADIDAS,Licensed,ACCESSORIES,Balls,WC_26_COMP_BALL,WC Competition VBall,JD8031,AC,All Colours,4,,148419,0,0,0,0,0,42.3,0.0,90.0,0.0,90.0,0.0,0.0,,ADIDAS,0.0,0.0,,,,,,,Balls,False,1.0,True,0.0,,True,True,False,1.0,,,,,0.0,0.0,,
1.0,ADIDAS,Licensed,ACCESSORIES,Balls,WC_26_COMP_BALL,WC Competition VBall,JD8031,AC,All Colours,5,,148420,12,0,0,0,12,42.3,507.6,90.0,1080.0,90.0,1080.0,0.0,,ADIDAS,0.0,0.0,,,,,,,Balls,False,1.0,True,0.0,,True,True,False,1.0,,,,,0.0,12.0,9/26/25 11:53:47 AM,
1.0,ADIDAS,Licensed,ACCESSORIES,Balls,WC_26_TRN_FUTSAL,TRIONDA Fursal Ball,JD88048,AC,All Colours,1,,148421,0,0,0,0,0,23.5,0.0,50.0,0.0,50.0,0.0,0.0,,ADIDAS,0.0,0.0,,,,,,,Balls,False,1.0,True,0.0,,True,True,False,1.0,,,,,0.0,0.0,,
1.0,ADIDAS,Licensed,ACCESSORIES,Balls,WC_26_TRN_FUTSAL,TRIONDA Fursal Ball,JD88048,AC,All Colours,2,,148422,0,0,0,0,0,23.5,0.0,50.0,0.0,50.0,0.0,0.0,,ADIDAS,0.0,0.0,,,,,,,Balls,False,1.0,True,0.0,,True,True,False,1.0,,,,,0.0,0.0,,
1.0,ADIDAS,Licensed,ACCESSORIES,Balls,WC_26_TRN_FUTSAL,TRIONDA Fursal Ball,JD88048,AC,All Colours,3,,148423,0,0,0,0,0,23.5,0.0,50.0,0.0,50.0,0.0,0.0,,ADIDAS,0.0,0.0,,,,,,,Balls,False,1.0,True,0.0,,True,True,False,1.0,,,,,0.0,0.0,,
1.0,ADIDAS,Licensed,ACCESSORIES,Balls,WC_26_TRN_FUTSAL,TRIONDA Fursal Ball,JD88048,AC,All Colours,4,,148424,14,0,0,0,14,23.5,329.0,50.0,700.0,50.0,700.0,0.0,,ADIDAS,0.0,0.0,,,,,,,Balls,False,1.0,True,0.0,,True,True,False,1.0,,,,,2.0,16.0,9/26/25 11:58:18 AM,
1.0,ADIDAS,Licensed,ACCESSORIES,Balls,WC_26_TRN_FUTSAL,TRIONDA Fursal Ball,JD88048,AC,All Colours,5,,148425,0,0,0,0,0,23.5,0.0,50.0,0.0,50.0,0.0,0.0,,ADIDAS,0.0,0.0,,,,,,,Balls,False,1.0,True,0.0,,True,True,False,1.0,,,,,0.0,0.0,,
1.0,ADIDAS,Licensed,ACCESSORIES,Balls,WC_26_LGE_BALL,WC League Ball,JD8030,AC,All Colours,1,,148426,0,0,0,0,0,28.2,0.0,60.0,0.0,60.0,0.0,0.0,,ADIDAS,0.0,0.0,,,,,,,Balls,False,1.0,True,0.0,,True,True,False,1.0,,,,,0.0,0.0,,
1.0,ADIDAS,Licensed,ACCESSORIES,Balls,WC_26_LGE_BALL,WC League Ball,JD8030,AC,All Colours,2,,148427,0,0,0,0,0,28.2,0.0,60.0,0.0,60.0,0.0,0.0,,ADIDAS,0.0,0.0,,,,,,,Balls,False,1.0,True,0.0,,True,True,False,1.0,,,,,0.0,0.0,,
1.0,ADIDAS,Licensed,ACCESSORIES,Balls,WC_26_LGE_BALL,WC League Ball,JD8030,AC,All Colours,3,,148428,0,0,0,0,0,28.2,0.0,60.0,0.0,60.0,0.0,0.0,,ADIDAS,0.0,0.0,,,,,,,Balls,False,1.0,True,0.0,,True,True,False,1.0,,,,,0.0,0.0,,
1.0,ADIDAS,Licensed,ACCESSORIES,Balls,WC_26_LGE_BALL,WC League Ball,JD8030,AC,All Colours,4,,148429,15,0,0,0,15,28.2,423.0,60.0,900.0,60.0,900.0,0.0,,ADIDAS,0.0,0.0,,,,,,,Balls,False,1.0,True,0.0,,True,True,False,1.0,,,,,3.0,6.0,9/26/25 12:22:28 PM,
1.0,ADIDAS,Licensed,ACCESSORIES,Balls,WC_26_LGE_BALL,WC League Ball,JD8030,AC,All Colours,5,,148430,23,0,0,0,23,28.2,648.6,60.0,1380.0,60.0,1380.0,0.0,,ADIDAS,0.0,0.0,,,,,,,Balls,False,1.0,True,0.0,,True,True,False,1.0,,,,,7.0,1.0,9/26/25 12:22:29 PM,
1.0,ADIDAS,Licensed,ACCESSORIES,Balls,WC_26_PRO_BALL,WC Pro Ball,JD8021,AC,All Colours,1,,148431,0,0,0,0,0,98.7,0.0,210.0,0.0,210.0,0.0,0.0,,ADIDAS,0.0,0.0,,,,,,,Balls,False,1.0,True,0.0,,True,True,False,1.0,,,,,0.0,0.0,,
1.0,ADIDAS,Licensed,ACCESSORIES,Balls,WC_26_PRO_BALL,WC Pro Ball,JD8021,AC,All Colours,2,,148432,0,0,0,0,0,98.7,0.0,210.0,0.0,210.0,0.0,0.0,,ADIDAS,0.0,0.0,,,,,,,Balls,False,1.0,True,0.0,,True,True,False,1.0,,,,,0.0,0.0,,
1.0,ADIDAS,Licensed,ACCESSORIES,Balls,WC_26_PRO_BALL,WC Pro Ball,JD8021,AC,All Colours,3,,148433,0,0,0,0,0,98.7,0.0,210.0,0.0,210.0,0.0,0.0,,ADIDAS,0.0,0.0,,,,,,,Balls,False,1.0,True,0.0,,True,True,False,1.0,,,,,0.0,0.0,,
1.0,ADIDAS,Licensed,ACCESSORIES,Balls,WC_26_PRO_BALL,WC Pro Ball,JD8021,AC,All Colours,4,,148434,0,0,0,0,0,98.7,0.0,210.0,0.0,210.0,0.0,0.0,,ADIDAS,0.0,0.0,,,,,,,Balls,False,1.0,True,0.0,,True,True,False,1.0,,,,,0.0,0.0,,
1.0,ADIDAS,Licensed,ACCESSORIES,Balls,WC_26_PRO_BALL,WC Pro Ball,JD8021,AC,All Colours,5,,148435,11,0,0,0,11,98.7,1085.7,210.0,2310.0,210.0,2310.0,0.0,,ADIDAS,0.0,0.0,,,,,,,Balls,False,1.0,True,0.0,,True,True,False,1.0,,,,,1.0,12.0,9/26/25 12:10:17 PM,
1.0,ADIDAS,Licensed,ACCESSORIES,Balls,WC_26_TRN_BALL,WC Training Ball,JD8032,AC,All Colours,1,,148436,0,0,0,0,0,21.15,0.0,45.0,0.0,45.0,0.0,0.0,,ADIDAS,0.0,0.0,,,,,,,Balls,False,1.0,True,0.0,,True,True,False,1.0,,,,,0.0,0.0,,
1.0,ADIDAS,Licensed,ACCESSORIES,Balls,WC_26_TRN_BALL,WC Training Ball,JD8032,AC,All Colours,2,,148437,0,0,0,0,0,21.15,0.0,45.0,0.0,45.0,0.0,0.0,,ADIDAS,0.0,0.0,,,,,,,Balls,False,1.0,True,0.0,,True,True,False,1.0,,,,,0.0,0.0,,
1.0,ADIDAS,Licensed,ACCESSORIES,Balls,WC_26_TRN_BALL,WC Training Ball,JD8032,AC,All Colours,3,,148438,0,0,0,0,0,21.15,0.0,45.0,0.0,45.0,0.0,0.0,,ADIDAS,0.0,0.0,,,,,,,Balls,False,1.0,True,0.0,,True,True,False,1.0,,,,,0.0,0.0,,
1.0,ADIDAS,Licensed,ACCESSORIES,Balls,WC_26_TRN_BALL,WC Training Ball,JD8032,AC,All Colours,4,,148439,0,0,0,0,0,21.15,0.0,45.0,0.0,45.0,0.0,0.0,,ADIDAS,0.0,0.0,,,,,,,Balls,False,1.0,True,0.0,,True,True,False,1.0,,,,,0.0,0.0,,
1.0,ADIDAS,Licensed,ACCESSORIES,Balls,WC_26_TRN_BALL,WC Training Ball,JD8032,AC,All Colours,5,,148440,4,0,0,0,4,21.15,84.6,45.0,180.0,45.0,180.0,0.0,,ADIDAS,0.0,0.0,,,,,,,Balls,False,1.0,True,0.0,,True,True,False,1.0,,,,,2.0,6.0,9/26/25 12:33:31 PM,
1.0,ADIDAS,Licensed,ACCESSORIES,Balls,WC_26_CLB_BALL,WC Club Ball,JD8053,BLK,Black,1,,148441,0,0,0,0,0,21.15,0.0,45.0,0.0,45.0,0.0,0.0,,ADIDAS,0.0,0.0,,,,,,,Balls,False,1.0,True,0.0,,True,True,False,1.0,,,,,0.0,0.0,,
1.0,ADIDAS,Licensed,ACCESSORIES,Balls,WC_26_CLB_BALL,WC Club Ball,JD8053,BLK,Black,2,,148442,0,0,0,0,0,21.15,0.0,45.0,0.0,45.0,0.0,0.0,,ADIDAS,0.0,0.0,,,,,,,Balls,False,1.0,True,0.0,,True,True,False,1.0,,,,,0.0,0.0,,
1.0,ADIDAS,Licensed,ACCESSORIES,Balls,WC_26_CLB_BALL,WC Club Ball,JD8053,BLK,Black,3,,148443,3,0,0,0,3,21.15,63.45,45.0,135.0,45.0,135.0,0.0,,ADIDAS,0.0,0.0,,,,,,,Balls,False,1.0,True,0.0,,True,True,False,1.0,,,,,0.0,3.0,9/26/25 12:36:55 PM,
1.0,ADIDAS,Licensed,ACCESSORIES,Balls,WC_26_CLB_BALL,WC Club Ball,JD8053,BLK,Black,4,,148444,3,0,0,0,3,21.15,63.45,45.0,135.0,45.0,135.0,0.0,,ADIDAS,0.0,0.0,,,,,,,Balls,False,1.0,True,0.0,,True,True,False,1.0,,,,,0.0,3.0,9/26/25 12:36:56 PM,
1.0,ADIDAS,Licensed,ACCESSORIES,Balls,WC_26_MINI_BALL,WC Mini Ball,JD8034,AC,All Colours,1,,148446,18,0,0,0,18,10.34,186.12,22.0,396.0,22.0,396.0,0.0,,ADIDAS,0.0,0.0,,,,,,,Balls,False,1.0,True,0.0,,True,True,False,1.0,,,,,0.0,18.0,9/26/25 12:40:56 PM,
1.0,ADIDAS,Licensed,ACCESSORIES,Balls,WC_26_MINI_BALL,WC Mini Ball,JD8034,AC,All Colours,2,,148447,0,0,0,0,0,10.34,0.0,22.0,0.0,22.0,0.0,0.0,,ADIDAS,0.0,0.0,,,,,,,Balls,False,1.0,True,0.0,,True,True,False,1.0,,,,,0.0,0.0,,
1.0,ADIDAS,Licensed,ACCESSORIES,Balls,WC_26_MINI_BALL,WC Mini Ball,JD8034,AC,All Colours,3,,148448,0,0,0,0,0,10.34,0.0,22.0,0.0,22.0,0.0,0.0,,ADIDAS,0.0,0.0,,,,,,,Balls,False,1.0,True,0.0,,True,True,False,1.0,,,,,0.0,0.0,,
1.0,ADIDAS,Licensed,ACCESSORIES,Balls,WC_26_MINI_BALL,WC Mini Ball,JD8034,AC,All Colours,4,,148449,0,0,0,0,0,10.34,0.0,22.0,0.0,22.0,0.0,0.0,,ADIDAS,0.0,0.0,,,,,,,Balls,False,1.0,True,0.0,,True,True,False,1.0,,,,,0.0,0.0,,
1.0,ADIDAS,Licensed,ACCESSORIES,Balls,WC_26_MINI_BALL,WC Mini Ball,JD8034,AC,All Colours,5,,148450,0,0,0,0,0,10.34,0.0,22.0,0.0,22.0,0.0,0.0,,ADIDAS,0.0,0.0,,,,,,,Balls,False,1.0,True,0.0,,True,True,False,1.0,,,,,0.0,0.0,,
1.0,ADIDAS,Licensed,Apparel,Jacket,BAYERN_25_ANTM_JKT,Bayern Anthem Jacket,JM9439,WHT,White,XS,,148451,0,0,0,0,0,70.84,0.0,140.0,0.0,140.0,0.0,0.0,,ADIDAS,0.0,0.0,,,,,,,Tops,False,1.0,True,0.0,,True,True,False,1.0,,,,,0.0,0.0,,
1.0,ADIDAS,Licensed,Apparel,Jacket,BAYERN_25_ANTM_JKT,Bayern Anthem Jacket,JM9439,WHT,White,S,,148452,0,0,0,0,0,70.84,0.0,140.0,0.0,140.0,0.0,0.0,,ADIDAS,0.0,0.0,,,,,,,Tops,False,1.0,True,0.0,,True,True,False,1.0,,,,,1.0,1.0,10/01/25 11:46:19 AM,
1.0,ADIDAS,Licensed,Apparel,Jacket,BAYERN_25_ANTM_JKT,Bayern Anthem Jacket,JM9439,WHT,White,M,,148453,0,0,0,0,0,70.84,0.0,140.0,0.0,140.0,0.0,0.0,,ADIDAS,0.0,0.0,,,,,,,Tops,False,1.0,True,0.0,,True,True,False,1.0,,,,,1.0,1.0,10/01/25 11:46:19 AM,
1.0,ADIDAS,Licensed,Apparel,Jacket,BAYERN_25_ANTM_JKT,Bayern Anthem Jacket,JM9439,WHT,White,L,,148454,0,0,0,0,0,70.84,0.0,140.0,0.0,140.0,0.0,0.0,,ADIDAS,0.0,0.0,,,,,,,Tops,False,1.0,True,0.0,,True,True,False,1.0,,,,,1.0,1.0,10/01/25 11:46:19 AM,
1.0,ADIDAS,Licensed,Apparel,Jacket,BAYERN_25_ANTM_JKT,Bayern Anthem Jacket,JM9439,WHT,White,XL,,148455,0,0,0,0,0,70.84,0.0,140.0,0.0,140.0,0.0,0.0,,ADIDAS,0.0,0.0,,,,,,,Tops,False,1.0,True,0.0,,True,True,False,1.0,,,,,0.0,0.0,,
1.0,ADIDAS,Licensed,Apparel,Jacket,BAYERN_25_ANTM_JKT,Bayern Anthem Jacket,JM9439,WHT,White,XXL,,148456,0,0,0,0,0,70.84,0.0,140.0,0.0,140.0,0.0,0.0,,ADIDAS,0.0,0.0,,,,,,,Tops,False,1.0,True,0.0,,True,True,False,1.0,,,,,0.0,0.0,,
1.0,ADIDAS,Licensed,Apparel,Jacket,BAYERN_25_ANTM_JKT,Bayern Anthem Jacket,JM9439,WHT,White,XXXL,,148457,0,0,0,0,0,70.84,0.0,140.0,0.0,140.0,0.0,0.0,,ADIDAS,0.0,0.0,,,,,,,Tops,False,1.0,True,0.0,,True,True,False,1.0,,,,,0.0,0.0,,
1.0,ADIDAS,Licensed,Apparel,Jerseys,RP_25_A_JSY,River Plate Away Jersey,JI7077,RED,Red,XS,,148458,0,0,0,0,0,60.72,0.0,120.0,0.0,120.0,0.0,0.0,,ADIDAS,0.0,0.0,,,,,,,Tops,False,1.0,True,0.0,,True,True,False,1.0,,,,,0.0,0.0,,
1.0,ADIDAS,Licensed,Apparel,Jerseys,RP_25_A_JSY,River Plate Away Jersey,JI7077,RED,Red,M,,148460,1,0,0,0,1,60.72,60.72,120.0,120.0,120.0,120.0,0.0,,ADIDAS,0.0,0.0,,,,,,,Tops,False,1.0,True,0.0,,True,True,False,1.0,,,,,0.0,1.0,10/01/25 11:50:31 AM,
1.0,ADIDAS,Licensed,Apparel,Jerseys,RP_25_A_JSY,River Plate Away Jersey,JI7077,RED,Red,L,,148461,1,0,0,0,1,60.72,60.72,120.0,120.0,120.0,120.0,0.0,,ADIDAS,0.0,0.0,,,,,,,Tops,False,1.0,True,0.0,,True,True,False,1.0,,,,,0.0,1.0,10/01/25 11:50:31 AM,
1.0,ADIDAS,Licensed,Apparel,Jerseys,RP_25_A_JSY,River Plate Away Jersey,JI7077,RED,Red,XL,,148462,0,0,0,0,0,60.72,0.0,120.0,0.0,120.0,0.0,0.0,,ADIDAS,0.0,0.0,,,,,,,Tops,False,1.0,True,0.0,,True,True,False,1.0,,,,,0.0,0.0,,
1.0,ADIDAS,Licensed,Apparel,Jerseys,RP_25_A_JSY,River Plate Away Jersey,JI7077,RED,Red,XXL,,148463,0,0,0,0,0,60.72,0.0,120.0,0.0,120.0,0.0,0.0,,ADIDAS,0.0,0.0,,,,,,,Tops,False,1.0,True,0.0,,True,True,False,1.0,,,,,0.0,0.0,,
1.0,ADIDAS,Licensed,Apparel,Jerseys,RP_25_A_JSY,River Plate Away Jersey,JI7077,RED,Red,XXXL,,148464,0,0,0,0,0,60.72,0.0,120.0,0.0,120.0,0.0,0.0,,ADIDAS,0.0,0.0,,,,,,,Tops,False,1.0,True,0.0,,True,True,False,1.0,,,,,0.0,0.0,,
1.0,ADIDAS,Licensed,Apparel,Jerseys,RM_25_US_PANTS,Ream Madrid US Pants,JN3082,NVY,Navy,XXXS,,148465,0,0,0,0,0,42.3,0.0,90.0,0.0,90.0,0.0,0.0,,ADIDAS,0.0,0.0,,,,,,,Pants,False,1.0,True,0.0,,True,True,False,1.0,,,,,0.0,0.0,,
1.0,ADIDAS,Licensed,Apparel,Jerseys,RM_25_US_PANTS,Ream Madrid US Pants,JN3082,NVY,Navy,XXS,,148466,0,0,0,0,0,42.3,0.0,90.0,0.0,90.0,0.0,0.0,,ADIDAS,0.0,0.0,,,,,,,Pants,False,1.0,True,0.0,,True,True,False,1.0,,,,,0.0,0.0,,
1.0,ADIDAS,Licensed,Apparel,Jerseys,RM_25_US_PANTS,Ream Madrid US Pants,JN3082,NVY,Navy,XS,,148467,0,0,0,0,0,42.3,0.0,90.0,0.0,90.0,0.0,0.0,,ADIDAS,0.0,0.0,,,,,,,Pants,False,1.0,True,0.0,,True,True,False,1.0,,,,,0.0,0.0,,
1.0,ADIDAS,Licensed,Apparel,Jerseys,RM_25_US_PANTS,Ream Madrid US Pants,JN3082,NVY,Navy,S,,148468,-1,0,0,0,-1,42.3,-42.3,90.0,-90.0,90.0,-90.0,0.0,,ADIDAS,0.0,0.0,,,,,,,Pants,False,1.0,True,0.0,,True,True,False,1.0,,,,,3.0,2.0,10/01/25 11:57:22 AM,
1.0,ADIDAS,Licensed,Apparel,Jerseys,RM_25_US_PANTS,Ream Madrid US Pants,JN3082,NVY,Navy,M,,148469,2,0,0,0,2,42.3,84.6,90.0,180.0,90.0,180.0,0.0,,ADIDAS,0.0,0.0,,,,,,,Pants,False,1.0,True,0.0,,True,True,False,1.0,,,,,0.0,2.0,10/01/25 11:57:22 AM,
1.0,ADIDAS,Licensed,Apparel,Jerseys,RM_25_US_PANTS,Ream Madrid US Pants,JN3082,NVY,Navy,L,,148470,0,0,0,0,0,42.3,0.0,90.0,0.0,90.0,0.0,0.0,,ADIDAS,0.0,0.0,,,,,,,Pants,False,1.0,True,0.0,,True,True,False,1.0,,,,,0.0,0.0,,
1.0,ADIDAS,Licensed,Apparel,Jerseys,RM_25_US_PANTS,Ream Madrid US Pants,JN3082,NVY,Navy,XL,,148471,0,0,0,0,0,42.3,0.0,90.0,0.0,90.0,0.0,0.0,,ADIDAS,0.0,0.0,,,,,,,Pants,False,1.0,True,0.0,,True,True,False,1.0,,,,,0.0,0.0,,
1.0,ADIDAS,Licensed,ACCESSORIES,Balls,WC_26_CLB_BALL,WC Club Ball,JD8053,BLK,Black,5,,148445,3,0,0,0,3,21.15,63.45,45.0,135.0,45.0,135.0,0.0,,ADIDAS,0.0,0.0,,,,,,,Balls,False,1.0,True,0.0,,True,True,False,1.0,,,,,0.0,3.0,9/26/25 12:36:56 PM,
1.0,ADIDAS,Licensed,Apparel,Jerseys,RP_25_A_JSY,River Plate Away Jersey,JI7077,RED,Red,S,,148459,0,0,0,0,0,60.72,0.0,120.0,0.0,120.0,0.0,0.0,,ADIDAS,0.0,0.0,,,,,,,Tops,False,1.0,True,0.0,,True,True,False,1.0,,,,,0.0,0.0,,
1.0,ADIDAS,Licensed,Apparel,Jerseys,RM_25_US_PANTS,Ream Madrid US Pants,JN3082,NVY,Navy,XXL,,148472,0,0,0,0,0,42.3,0.0,90.0,0.0,90.0,0.0,0.0,,ADIDAS,0.0,0.0,,,,,,,Pants,False,1.0,True,0.0,,True,True,False,1.0,,,,,0.0,0.0,,
1.0,PUMA,Licensed,Apparel,Jerseys,FPF_25_SE_JSY,Portugal Special Edition Jersey,783894,BLK,Black,XS,,149613,0,0,0,0,0,61.6,0.0,130.0,0.0,130.0,0.0,0.0,,PUMA,0.0,0.0,,,,,,,Tops,False,1.0,True,0.0,,True,True,False,1.0,,,,,0.0,0.0,,
1.0,PUMA,Licensed,Apparel,Jerseys,FPF_25_SE_JSY,Portugal Special Edition Jersey,783894,BLK,Black,S,,149614,1,0,0,0,1,61.6,61.6,130.0,130.0,130.0,130.0,0.0,,PUMA,0.0,0.0,,,,,,,Tops,False,1.0,True,0.0,,True,True,False,1.0,,,,,3.0,4.0,11/04/25 1:14:00 PM,
1.0,PUMA,Licensed,Apparel,Jerseys,FPF_25_SE_JSY,Portugal Special Edition Jersey,783894,BLK,Black,M,,149615,0,0,0,0,0,61.6,0.0,130.0,0.0,130.0,0.0,0.0,,PUMA,0.0,0.0,,,,,,,Tops,False,1.0,True,0.0,,True,True,False,1.0,,,,,4.0,4.0,11/04/25 1:14:00 PM,
1.0,PUMA,Licensed,Apparel,Jerseys,FPF_25_SE_JSY,Portugal Special Edition Jersey,783894,BLK,Black,L,,149616,3,0,0,0,3,61.6,184.8,130.0,390.0,130.0,390.0,0.0,,PUMA,0.0,0.0,,,,,,,Tops,False,1.0,True,0.0,,True,True,False,1.0,,,,,0.0,3.0,11/04/25 1:14:00 PM,
1.0,PUMA,Licensed,Apparel,Jerseys,FPF_25_SE_JSY,Portugal Special Edition Jersey,783894,BLK,Black,XL,,149617,1,0,0,0,1,61.6,61.6,130.0,130.0,130.0,130.0,0.0,,PUMA,0.0,0.0,,,,,,,Tops,False,1.0,True,0.0,,True,True,False,1.0,,,,,1.0,2.0,11/04/25 1:14:00 PM,
1.0,PUMA,Licensed,Apparel,Jerseys,FPF_25_SE_JSY,Portugal Special Edition Jersey,783894,BLK,Black,XXL,,149618,1,0,0,0,1,61.6,61.6,130.0,130.0,130.0,130.0,0.0,,PUMA,0.0,0.0,,,,,,,Tops,False,1.0,True,0.0,,True,True,False,1.0,,,,,0.0,1.0,11/04/25 1:14:00 PM,
1.0,PUMA,Licensed,Apparel,Jerseys,FPF_25_SE_JSY,Portugal Special Edition Jersey,783894,BLK,Black,XXXL,,149619,0,0,0,0,0,61.6,0.0,130.0,0.0,130.0,0.0,0.0,,PUMA,0.0,0.0,,,,,,,Tops,False,1.0,True,0.0,,True,True,False,1.0,,,,,0.0,0.0,,
1.0,PUMA,Licensed,Apparel,Jerseys,FPF_25_SE_JSY_Y,Portugal Special Edition Jersey y,707141,BLK,Black,XS,,149620,0,0,0,0,0,56.4,0.0,120.0,0.0,120.0,0.0,0.0,,PUMA,0.0,0.0,,,,,,,Tops,False,1.0,True,0.0,,True,True,False,1.0,,,,,0.0,0.0,,
1.0,PUMA,Licensed,Apparel,Jerseys,FPF_25_SE_JSY_Y,Portugal Special Edition Jersey y,707141,BLK,Black,S,,149621,0,0,0,0,0,56.4,0.0,120.0,0.0,120.0,0.0,0.0,,PUMA,0.0,0.0,,,,,,,Tops,False,1.0,True,0.0,,True,True,False,1.0,,,,,2.0,2.0,11/04/25 2:00:28 PM,
1.0,PUMA,Licensed,Apparel,Jerseys,FPF_25_SE_JSY_Y,Portugal Special Edition Jersey y,707141,BLK,Black,M,,149622,1,0,0,0,1,56.4,56.4,120.0,120.0,120.0,120.0,0.0,,PUMA,0.0,0.0,,,,,,,Tops,False,1.0,True,0.0,,True,True,False,1.0,,,,,4.0,5.0,11/04/25 2:00:28 PM,
1.0,PUMA,Licensed,Apparel,Jerseys,FPF_25_SE_JSY_Y,Portugal Special Edition Jersey y,707141,BLK,Black,L,,149623,1,0,0,0,1,56.4,56.4,120.0,120.0,120.0,120.0,0.0,,PUMA,0.0,0.0,,,,,,,Tops,False,1.0,True,0.0,,True,True,False,1.0,,,,,4.0,5.0,11/04/25 2:00:28 PM,
1.0,PUMA,Licensed,Apparel,Jerseys,FPF_25_SE_JSY_Y,Portugal Special Edition Jersey y,707141,BLK,Black,XL,,149624,-1,0,0,0,-1,56.4,-56.4,120.0,-120.0,120.0,-120.0,0.0,,PUMA,0.0,0.0,,,,,,,Tops,False,1.0,True,0.0,,True,True,False,1.0,,,,,3.0,2.0,11/04/25 2:00:28 PM,
1.0,PUMA,Licensed,Apparel,Jerseys,FPF_25_SE_JSY_Y,Portugal Special Edition Jersey y,707141,BLK,Black,XXL,,149625,0,0,0,0,0,56.4,0.0,120.0,0.0,120.0,0.0,0.0,,PUMA,0.0,0.0,,,,,,,Tops,False,1.0,True,0.0,,True,True,False,1.0,,,,,0.0,0.0,,
1.0,PUMA,Licensed,Apparel,Jerseys,FPF_25_SE_JSY_Y,Portugal Special Edition Jersey y,707141,BLK,Black,XXXL,,149626,0,0,0,0,0,56.4,0.0,120.0,0.0,120.0,0.0,0.0,,PUMA,0.0,0.0,,,,,,,Tops,False,1.0,True,0.0,,True,True,False,1.0,,,,,0.0,0.0,,
1.0,PUMA,Licensed,Apparel,Jacket,FPF_25_SE_ATM_JKT,Portugal SE Anthem Jacket,783917,BLK,Black,XS,,149627,3,0,0,0,3,70.5,211.5,150.0,450.0,150.0,450.0,0.0,,PUMA,0.0,0.0,,,,,,,Tops,False,1.0,True,0.0,,True,True,False,1.0,,,,,1.0,2.0,11/04/25 2:11:45 PM,
1.0,ADIDAS,Licensed,Apparel,Jerseys,DFB_26_H_JSY,Germany Home Jersey,KD8363,WHT,White,XXS,,149648,0,0,0,0,0,56.4,0.0,120.0,0.0,120.0,0.0,0.0,,ADIDAS,0.0,0.0,,,,,,,Tops,False,1.0,True,0.0,,True,True,False,1.0,,,,,0.0,0.0,,
1.0,ADIDAS,Licensed,Apparel,Jerseys,DFB_26_H_JSY,Germany Home Jersey,KD8363,WHT,White,XS,,149649,0,0,0,0,0,56.4,0.0,120.0,0.0,120.0,0.0,0.0,,ADIDAS,0.0,0.0,,,,,,,Tops,False,1.0,True,0.0,,True,True,False,1.0,,,,,0.0,0.0,,
1.0,ADIDAS,Licensed,Apparel,Jerseys,DFB_26_H_JSY,Germany Home Jersey,KD8363,WHT,White,S,,149650,2,0,0,0,2,56.4,112.8,120.0,240.0,120.0,240.0,0.0,,ADIDAS,0.0,0.0,,,,,,,Tops,False,1.0,True,0.0,,True,True,False,1.0,,,,,1.0,1.0,1/13/26 11:33:03 AM,
1.0,ADIDAS,Licensed,Apparel,Jerseys,DFB_26_H_JSY,Germany Home Jersey,KD8363,WHT,White,M,,149651,4,0,0,0,4,56.4,225.6,120.0,480.0,120.0,480.0,0.0,,ADIDAS,0.0,0.0,,,,,,,Tops,False,1.0,True,0.0,,True,True,False,1.0,,,,,0.0,2.0,1/13/26 11:33:03 AM,
1.0,ADIDAS,Licensed,Apparel,Jerseys,DFB_26_H_JSY,Germany Home Jersey,KD8363,WHT,White,L,,149652,3,0,0,0,3,56.4,169.2,120.0,360.0,120.0,360.0,0.0,,ADIDAS,0.0,0.0,,,,,,,Tops,False,1.0,True,0.0,,True,True,False,1.0,,,,,0.0,1.0,1/13/26 11:33:03 AM,
1.0,ADIDAS,Licensed,Apparel,Jerseys,DFB_26_H_JSY,Germany Home Jersey,KD8363,WHT,White,XL,,149653,1,0,0,0,1,56.4,56.4,120.0,120.0,120.0,120.0,0.0,,ADIDAS,0.0,0.0,,,,,,,Tops,False,1.0,True,0.0,,True,True,False,1.0,,,,,2.0,2.0,1/13/26 11:33:03 AM,
1.0,ADIDAS,Licensed,Apparel,Jerseys,DFB_26_H_JSY,Germany Home Jersey,KD8363,WHT,White,XXL,,149654,0,0,0,0,0,56.4,0.0,120.0,0.0,120.0,0.0,0.0,,ADIDAS,0.0,0.0,,,,,,,Tops,False,1.0,True,0.0,,True,True,False,1.0,,,,,0.0,0.0,,
1.0,ADIDAS,Licensed,Apparel,Jerseys,DFB_26_H_JSY,Germany Home Jersey,KD8363,WHT,White,XXXL,,149655,0,0,0,0,0,56.4,0.0,120.0,0.0,120.0,0.0,0.0,,ADIDAS,0.0,0.0,,,,,,,Tops,False,1.0,True,0.0,,True,True,False,1.0,,,,,0.0,0.0,,
1.0,ADIDAS,Licensed,Apparel,Jerseys,AFA_26_H_MESSI_JSY,AFA H JSY D,KA8117,BLU,Blue,XXS,,149656,0,0,0,0,0,56.4,0.0,140.0,0.0,140.0,0.0,0.0,,ADIDAS,0.0,0.0,,,,,,,Tops,False,1.0,True,0.0,,True,True,False,1.0,,,,,0.0,0.0,,
1.0,ADIDAS,Licensed,Apparel,Jerseys,AFA_26_H_MESSI_JSY,AFA H JSY D,KA8117,BLU,Blue,XS,,149657,0,0,0,0,0,56.4,0.0,140.0,0.0,140.0,0.0,0.0,,ADIDAS,0.0,0.0,,,,,,,Tops,False,1.0,True,0.0,,True,True,False,1.0,,,,,0.0,0.0,,
1.0,ADIDAS,Licensed,Apparel,Jerseys,AFA_26_H_MESSI_JSY,AFA H JSY D,KA8117,BLU,Blue,S,,149658,1,0,0,0,1,56.4,56.4,140.0,140.0,140.0,140.0,0.0,,ADIDAS,0.0,0.0,,,,,,,Tops,False,1.0,True,0.0,,True,True,False,1.0,,,,,1.0,2.0,11/06/25 11:47:50 AM,
1.0,ADIDAS,Licensed,Apparel,Jerseys,AFA_26_H_MESSI_JSY,AFA H JSY D,KA8117,BLU,Blue,M,,149659,1,0,0,0,1,56.4,56.4,140.0,140.0,140.0,140.0,0.0,,ADIDAS,0.0,0.0,,,,,,,Tops,False,1.0,True,0.0,,True,True,False,1.0,,,,,1.0,2.0,11/06/25 11:47:51 AM,
1.0,ADIDAS,Licensed,Apparel,Jerseys,AFA_26_H_MESSI_JSY,AFA H JSY D,KA8117,BLU,Blue,L,,149660,2,0,0,0,2,56.4,112.8,140.0,280.0,140.0,280.0,0.0,,ADIDAS,0.0,0.0,,,,,,,Tops,False,1.0,True,0.0,,True,True,False,1.0,,,,,1.0,3.0,11/06/25 11:47:51 AM,
1.0,ADIDAS,Licensed,Apparel,Jerseys,AFA_26_H_MESSI_JSY,AFA H JSY D,KA8117,BLU,Blue,XL,,149661,1,0,0,0,1,56.4,56.4,140.0,140.0,140.0,140.0,0.0,,ADIDAS,0.0,0.0,,,,,,,Tops,False,1.0,True,0.0,,True,True,False,1.0,,,,,1.0,2.0,11/06/25 11:47:51 AM,
1.0,ADIDAS,Licensed,Apparel,Jerseys,AFA_26_H_MESSI_JSY,AFA H JSY D,KA8117,BLU,Blue,XXL,,149662,0,0,0,0,0,56.4,0.0,140.0,0.0,140.0,0.0,0.0,,ADIDAS,0.0,0.0,,,,,,,Tops,False,1.0,True,0.0,,True,True,False,1.0,,,,,0.0,0.0,,
1.0,PUMA,Licensed,Apparel,Jacket,FPF_25_SE_ATM_JKT,Portugal SE Anthem Jacket,783917,BLK,Black,S,,149628,8,0,0,0,8,70.5,564.0,150.0,1200.0,150.0,1200.0,0.0,,PUMA,0.0,0.0,,,,,,,Tops,False,1.0,True,0.0,,True,True,False,1.0,,,,,0.0,4.0,11/04/25 2:11:45 PM,
1.0,PUMA,Licensed,Apparel,Jacket,FPF_25_SE_ATM_JKT,Portugal SE Anthem Jacket,783917,BLK,Black,M,,149629,8,0,0,0,8,70.5,564.0,150.0,1200.0,150.0,1200.0,0.0,,PUMA,0.0,0.0,,,,,,,Tops,False,1.0,True,0.0,,True,True,False,1.0,,,,,2.0,5.0,11/04/25 2:11:45 PM,
1.0,PUMA,Licensed,Apparel,Jacket,FPF_25_SE_ATM_JKT,Portugal SE Anthem Jacket,783917,BLK,Black,L,,149630,4,0,0,0,4,70.5,282.0,150.0,600.0,150.0,600.0,0.0,,PUMA,0.0,0.0,,,,,,,Tops,False,1.0,True,0.0,,True,True,False,1.0,,,,,2.0,3.0,11/04/25 2:11:45 PM,
1.0,PUMA,Licensed,Apparel,Jacket,FPF_25_SE_ATM_JKT,Portugal SE Anthem Jacket,783917,BLK,Black,XL,,149631,3,0,0,0,3,70.5,211.5,150.0,450.0,150.0,450.0,0.0,,PUMA,0.0,0.0,,,,,,,Tops,False,1.0,True,0.0,,True,True,False,1.0,,,,,1.0,2.0,11/04/25 2:11:45 PM,
1.0,PUMA,Licensed,Apparel,Jacket,FPF_25_SE_ATM_JKT,Portugal SE Anthem Jacket,783917,BLK,Black,XXL,,149632,1,0,0,0,1,70.5,70.5,150.0,150.0,150.0,150.0,0.0,,PUMA,0.0,0.0,,,,,,,Tops,False,1.0,True,0.0,,True,True,False,1.0,,,,,1.0,1.0,11/04/25 2:11:45 PM,
1.0,PUMA,Licensed,Apparel,Jacket,FPF_25_SE_ATM_JKT,Portugal SE Anthem Jacket,783917,BLK,Black,XXXL,,149633,0,0,0,0,0,70.5,0.0,150.0,0.0,150.0,0.0,0.0,,PUMA,0.0,0.0,,,,,,,Tops,False,1.0,True,0.0,,True,True,False,1.0,,,,,0.0,0.0,,
1.0,PUMA,Licensed,Apparel,Jacket,FPF_25_SE_ATM_JKT,Portugal SE Anthem Jacket,783917,Blk,Black,XXS,,149634,1,0,0,0,1,70.5,70.5,150.0,150.0,150.0,150.0,0.0,,PUMA,0.0,0.0,,,,,,,Tops,False,1.0,True,0.0,,True,True,False,1.0,,,,,1.0,2.0,11/04/25 2:11:45 PM,
1.0,NIKE,Licensed,Apparel,Jerseys,PSG_25_4TH_JSY,PSG 4th Jersey,HM3206,Pnk,Pink,XXS,,149640,0,0,0,0,0,39.95,0.0,85.0,0.0,85.0,0.0,0.0,,NIKE,0.0,0.0,,,,,,,Tops,False,1.0,True,0.0,,True,True,False,1.0,,,,,0.0,0.0,,
1.0,NIKE,Licensed,Apparel,Jerseys,PSG_25_4TH_JSY,PSG 4th Jersey,HM3206,Pnk,Pink,XS,,149641,0,0,0,0,0,39.95,0.0,85.0,0.0,85.0,0.0,0.0,,NIKE,0.0,0.0,,,,,,,Tops,False,1.0,True,0.0,,True,True,False,1.0,,,,,0.0,0.0,,
1.0,NIKE,Licensed,Apparel,Jerseys,PSG_25_4TH_JSY,PSG 4th Jersey,HM3206,Pnk,Pink,S,,149642,0,0,0,0,0,39.95,0.0,85.0,0.0,85.0,0.0,0.0,,NIKE,0.0,0.0,,,,,,,Tops,False,1.0,True,0.0,,True,True,False,1.0,,,,,2.0,2.0,11/06/25 11:32:39 AM,
1.0,NIKE,Licensed,Apparel,Jerseys,PSG_25_4TH_JSY,PSG 4th Jersey,HM3206,Pnk,Pink,M,,149643,1,0,0,0,1,39.95,39.95,85.0,85.0,85.0,85.0,0.0,,NIKE,0.0,0.0,,,,,,,Tops,False,1.0,True,0.0,,True,True,False,1.0,,,,,1.0,2.0,11/06/25 11:32:39 AM,
1.0,NIKE,Licensed,Apparel,Jerseys,PSG_25_4TH_JSY,PSG 4th Jersey,HM3206,Pnk,Pink,L,,149644,1,0,0,0,1,39.95,39.95,85.0,85.0,85.0,85.0,0.0,,NIKE,0.0,0.0,,,,,,,Tops,False,1.0,True,0.0,,True,True,False,1.0,,,,,0.0,1.0,11/06/25 11:32:39 AM,
1.0,NIKE,Licensed,Apparel,Jerseys,PSG_25_4TH_JSY,PSG 4th Jersey,HM3206,Pnk,Pink,XL,,149645,0,0,0,0,0,39.95,0.0,85.0,0.0,85.0,0.0,0.0,,NIKE,0.0,0.0,,,,,,,Tops,False,1.0,True,0.0,,True,True,False,1.0,,,,,1.0,1.0,11/06/25 11:32:39 AM,
1.0,NIKE,Licensed,Apparel,Jerseys,PSG_25_4TH_JSY,PSG 4th Jersey,HM3206,Pnk,Pink,XXL,,149646,1,0,0,0,1,39.95,39.95,85.0,85.0,85.0,85.0,0.0,,NIKE,0.0,0.0,,,,,,,Tops,False,1.0,True,0.0,,True,True,False,1.0,,,,,0.0,1.0,11/06/25 11:32:39 AM,
1.0,NIKE,Licensed,Apparel,Jerseys,PSG_25_4TH_JSY,PSG 4th Jersey,HM3206,Pnk,Pink,XXXL,,149647,0,0,0,0,0,39.95,0.0,85.0,0.0,85.0,0.0,0.0,,NIKE,0.0,0.0,,,,,,,Tops,False,1.0,True,0.0,,True,True,False,1.0,,,,,0.0,0.0,,
1.0,ADIDAS,Licensed,Apparel,Jerseys,AFA_26_H_MESSI_JSY,AFA H JSY D,KA8117,BLU,Blue,XXXL,,149663,0,0,0,0,0,56.4,0.0,140.0,0.0,140.0,0.0,0.0,,ADIDAS,0.0,0.0,,,,,,,Tops,False,1.0,True,0.0,,True,True,False,1.0,,,,,0.0,0.0,,
1.0,ADIDAS,Licensed,Apparel,Jerseys,AFA_26_H_MESSI_JSY_Y,AFA H JSY D Y,KA8115,BLU,Blue,Y2XS,,149664,0,0,0,0,0,56.4,0.0,120.0,0.0,120.0,0.0,0.0,,ADIDAS,0.0,0.0,,,,,,,Tops_Youth,False,1.0,True,0.0,,True,True,False,1.0,,,,,0.0,0.0,,
1.0,ADIDAS,Licensed,Apparel,Jerseys,AFA_26_H_MESSI_JSY_Y,AFA H JSY D Y,KA8115,BLU,Blue,YXS,,149665,0,0,0,0,0,56.4,0.0,120.0,0.0,120.0,0.0,0.0,,ADIDAS,0.0,0.0,,,,,,,Tops_Youth,False,1.0,True,0.0,,True,True,False,1.0,,,,,0.0,0.0,,
1.0,ADIDAS,Licensed,Apparel,Jerseys,AFA_26_H_MESSI_JSY_Y,AFA H JSY D Y,KA8115,BLU,Blue,YS,,149666,2,0,0,0,2,56.4,112.8,120.0,240.0,120.0,240.0,0.0,,ADIDAS,0.0,0.0,,,,,,,Tops_Youth,False,1.0,True,0.0,,True,True,False,1.0,,,,,0.0,2.0,11/06/25 11:52:39 AM,
1.0,ADIDAS,Licensed,Apparel,Jerseys,AFA_26_H_MESSI_JSY_Y,AFA H JSY D Y,KA8115,BLU,Blue,YM,,149667,2,0,0,0,2,56.4,112.8,120.0,240.0,120.0,240.0,0.0,,ADIDAS,0.0,0.0,,,,,,,Tops_Youth,False,1.0,True,0.0,,True,True,False,1.0,,,,,0.0,2.0,11/06/25 11:52:39 AM,
1.0,ADIDAS,Licensed,Apparel,Jerseys,AFA_26_H_MESSI_JSY_Y,AFA H JSY D Y,KA8115,BLU,Blue,YL,,149668,0,0,0,0,0,56.4,0.0,120.0,0.0,120.0,0.0,0.0,,ADIDAS,0.0,0.0,,,,,,,Tops_Youth,False,1.0,True,0.0,,True,True,False,1.0,,,,,0.0,0.0,,
1.0,ADIDAS,Licensed,Apparel,Jerseys,AFA_26_H_MESSI_JSY_Y,AFA H JSY D Y,KA8115,BLU,Blue,YXL,,149669,-1,0,0,0,-1,56.4,-56.4,120.0,-120.0,120.0,-120.0,0.0,,ADIDAS,0.0,0.0,,,,,,,Tops_Youth,False,1.0,True,0.0,,True,True,False,1.0,,,,,1.0,0.0,,
1.0,ADIDAS,Licensed,Apparel,Jerseys,AFA_26_H_JSY_Y,AFA H JSY D Y,KA8119,BLU,Blue,Y2XS,,149670,0,0,0,0,0,47.0,0.0,100.0,0.0,100.0,0.0,0.0,,ADIDAS,0.0,0.0,,,,,,,Tops_Youth,False,1.0,True,0.0,,True,True,False,1.0,,,,,0.0,0.0,,
1.0,ADIDAS,Licensed,Apparel,Jerseys,AFA_26_H_JSY_Y,AFA H JSY D Y,KA8119,BLU,Blue,YXS,,149671,0,0,0,0,0,47.0,0.0,100.0,0.0,100.0,0.0,0.0,,ADIDAS,0.0,0.0,,,,,,,Tops_Youth,False,1.0,True,0.0,,True,True,False,1.0,,,,,0.0,0.0,,
1.0,ADIDAS,Licensed,Apparel,Jerseys,AFA_26_H_JSY_Y,AFA H JSY D Y,KA8119,BLU,Blue,YS,,149672,0,0,0,0,0,47.0,0.0,100.0,0.0,100.0,0.0,0.0,,ADIDAS,0.0,0.0,,,,,,,Tops_Youth,False,1.0,True,0.0,,True,True,False,1.0,,,,,0.0,0.0,,
1.0,ADIDAS,Licensed,Apparel,Jerseys,AFA_26_H_JSY_Y,AFA H JSY D Y,KA8119,BLU,Blue,YM,,149673,1,0,0,0,1,47.0,47.0,100.0,100.0,100.0,100.0,0.0,,ADIDAS,0.0,0.0,,,,,,,Tops_Youth,False,1.0,True,0.0,,True,True,False,1.0,,,,,0.0,1.0,11/06/25 11:55:13 AM,
1.0,ADIDAS,Licensed,Apparel,Jerseys,AFA_26_H_JSY_Y,AFA H JSY D Y,KA8119,BLU,Blue,YL,,149674,1,0,0,0,1,47.0,47.0,100.0,100.0,100.0,100.0,0.0,,ADIDAS,0.0,0.0,,,,,,,Tops_Youth,False,1.0,True,0.0,,True,True,False,1.0,,,,,0.0,1.0,11/06/25 11:55:13 AM,
1.0,ADIDAS,Licensed,Apparel,Jerseys,AFA_26_H_JSY_Y,AFA H JSY D Y,KA8119,BLU,Blue,YXL,,149675,1,0,0,0,1,47.0,47.0,100.0,100.0,100.0,100.0,0.0,,ADIDAS,0.0,0.0,,,,,,,Tops_Youth,False,1.0,True,0.0,,True,True,False,1.0,,,,,0.0,1.0,11/06/25 11:55:13 AM,
1.0,ADIDAS,Licensed,Apparel,KITS,AFA_26_H_BABY_KIT,AFA H Baby Kit,KB0624,BLU,Blue,0-3,,149676,0,0,0,0,0,37.6,0.0,80.0,0.0,80.0,0.0,0.0,,ADIDAS,0.0,0.0,,,,,,,Baby,False,1.0,True,0.0,,True,True,False,1.0,,,,,0.0,0.0,,
1.0,ADIDAS,Licensed,Apparel,KITS,AFA_26_H_BABY_KIT,AFA H Baby Kit,KB0624,BLU,Blue,3-6,,149677,0,0,0,0,0,37.6,0.0,80.0,0.0,80.0,0.0,0.0,,ADIDAS,0.0,0.0,,,,,,,Baby,False,1.0,True,0.0,,True,True,False,1.0,,,,,0.0,0.0,,
1.0,ADIDAS,Licensed,Apparel,KITS,AFA_26_H_BABY_KIT,AFA H Baby Kit,KB0624,BLU,Blue,6-9,,149678,0,0,0,0,0,37.6,0.0,80.0,0.0,80.0,0.0,0.0,,ADIDAS,0.0,0.0,,,,,,,Baby,False,1.0,True,0.0,,True,True,False,1.0,,,,,0.0,0.0,,
1.0,ADIDAS,Licensed,Apparel,KITS,AFA_26_H_BABY_KIT,AFA H Baby Kit,KB0624,BLU,Blue,12M,,149679,1,0,0,0,1,37.6,37.6,80.0,80.0,80.0,80.0,0.0,,ADIDAS,0.0,0.0,,,,,,,Baby,False,1.0,True,0.0,,True,True,False,1.0,,,,,0.0,1.0,11/06/25 12:01:50 PM,
1.0,ADIDAS,Licensed,Apparel,KITS,AFA_26_H_BABY_KIT,AFA H Baby Kit,KB0624,BLU,Blue,18M,,149680,0,0,0,0,0,37.6,0.0,80.0,0.0,80.0,0.0,0.0,,ADIDAS,0.0,0.0,,,,,,,Baby,False,1.0,True,0.0,,True,True,False,1.0,,,,,0.0,0.0,,
1.0,ADIDAS,Licensed,Apparel,KITS,AFA_26_H_BABY_KIT,AFA H Baby Kit,KB0624,BLU,Blue,2T,,149681,0,0,0,0,0,37.6,0.0,80.0,0.0,80.0,0.0,0.0,,ADIDAS,0.0,0.0,,,,,,,Baby,False,1.0,True,0.0,,True,True,False,1.0,,,,,0.0,0.0,,
1.0,ADIDAS,Licensed,Apparel,KITS,AFA_26_H_BABY_KIT,AFA H Baby Kit,KB0624,BLU,Blue,3T,,149682,0,0,0,0,0,37.6,0.0,80.0,0.0,80.0,0.0,0.0,,ADIDAS,0.0,0.0,,,,,,,Baby,False,1.0,True,0.0,,True,True,False,1.0,,,,,0.0,0.0,,
1.0,ADIDAS,Licensed,Apparel,KITS,AFA_26_H_BABY_KIT,AFA H Baby Kit,KB0624,BLU,Blue,4T,,149683,0,0,0,0,0,37.6,0.0,80.0,0.0,80.0,0.0,0.0,,ADIDAS,0.0,0.0,,,,,,,Baby,False,1.0,True,0.0,,True,True,False,1.0,,,,,0.0,0.0,,
1.0,ADIDAS,Licensed,Apparel,KITS,AFA_26_H_BABY_KIT,AFA H Baby Kit,KB0624,BLU,Blue,5T,,149684,0,0,0,0,0,37.6,0.0,80.0,0.0,80.0,0.0,0.0,,ADIDAS,0.0,0.0,,,,,,,Baby,False,1.0,True,0.0,,True,True,False,1.0,,,,,0.0,0.0,,
1.0,ADIDAS,Licensed,Apparel,KITS,AFA_26_H_BABY_KIT,AFA H Baby Kit,KB0624,BLU,Blue,6T,,149685,0,0,0,0,0,37.6,0.0,80.0,0.0,80.0,0.0,0.0,,ADIDAS,0.0,0.0,,,,,,,Baby,False,1.0,True,0.0,,True,True,False,1.0,,,,,0.0,0.0,,
1.0,ADIDAS,Licensed,Apparel,Jerseys,AFA_26_H_JSY_LS,AFA H JSY LS,KA8126,BLU,Blue,XXS,,149704,0,0,0,0,0,61.6,0.0,130.0,0.0,130.0,0.0,0.0,,ADIDAS,0.0,0.0,,,,,,,Tops,False,1.0,True,0.0,,True,True,False,1.0,,,,,0.0,0.0,,
1.0,ADIDAS,Licensed,Apparel,Jerseys,AFA_26_H_JSY_LS,AFA H JSY LS,KA8126,BLU,Blue,XS,,149705,0,0,0,0,0,61.6,0.0,130.0,0.0,130.0,0.0,0.0,,ADIDAS,0.0,0.0,,,,,,,Tops,False,1.0,True,0.0,,True,True,False,1.0,,,,,0.0,0.0,,
1.0,ADIDAS,Licensed,Apparel,Jerseys,AFA_26_H_JSY_LS,AFA H JSY LS,KA8126,BLU,Blue,S,,149706,1,0,0,0,1,61.6,61.6,130.0,130.0,130.0,130.0,0.0,,ADIDAS,0.0,0.0,,,,,,,Tops,False,1.0,True,0.0,,True,True,False,1.0,,,,,0.0,1.0,11/06/25 12:07:34 PM,
1.0,ADIDAS,Licensed,Apparel,Jerseys,AFA_26_H_JSY_LS,AFA H JSY LS,KA8126,BLU,Blue,M,,149707,1,0,0,0,1,61.6,61.6,130.0,130.0,130.0,130.0,0.0,,ADIDAS,0.0,0.0,,,,,,,Tops,False,1.0,True,0.0,,True,True,False,1.0,,,,,0.0,1.0,11/06/25 12:07:34 PM,
1.0,ADIDAS,Licensed,Apparel,Jerseys,AFA_26_H_JSY_LS,AFA H JSY LS,KA8126,BLU,Blue,L,,149708,0,0,0,0,0,61.6,0.0,130.0,0.0,130.0,0.0,0.0,,ADIDAS,0.0,0.0,,,,,,,Tops,False,1.0,True,0.0,,True,True,False,1.0,,,,,0.0,0.0,,
1.0,ADIDAS,Licensed,Apparel,Jerseys,AFA_26_H_JSY_LS,AFA H JSY LS,KA8126,BLU,Blue,XL,,149709,0,0,0,0,0,61.6,0.0,130.0,0.0,130.0,0.0,0.0,,ADIDAS,0.0,0.0,,,,,,,Tops,False,1.0,True,0.0,,True,True,False,1.0,,,,,0.0,0.0,,
1.0,ADIDAS,Licensed,Apparel,Jerseys,AFA_26_H_JSY_LS,AFA H JSY LS,KA8126,BLU,Blue,XXL,,149710,0,0,0,0,0,61.6,0.0,130.0,0.0,130.0,0.0,0.0,,ADIDAS,0.0,0.0,,,,,,,Tops,False,1.0,True,0.0,,True,True,False,1.0,,,,,0.0,0.0,,
1.0,ADIDAS,Licensed,Apparel,Jerseys,AFA_26_H_JSY_LS,AFA H JSY LS,KA8126,BLU,Blue,XXXL,,149711,0,0,0,0,0,61.6,0.0,130.0,0.0,130.0,0.0,0.0,,ADIDAS,0.0,0.0,,,,,,,Tops,False,1.0,True,0.0,,True,True,False,1.0,,,,,0.0,0.0,,
1.0,ADIDAS,Licensed,Apparel,hat,FIGC_26_BB_CAP,Italy BB Cap,KD7703,BLU,Blue,OS,,149728,1,0,0,0,1,18.8,18.8,40.0,40.0,40.0,40.0,0.0,,ADIDAS,0.0,0.0,,,,,,,Hat,False,1.0,True,0.0,,True,True,False,1.0,,,,,0.0,1.0,11/06/25 12:17:39 PM,
1.0,ADIDAS,Licensed,Apparel,Jacket,FCF_26_DNA_JKT,Colombia DNA Jacket,JZ9059,YEL,Yellow,XXS,,149786,0,0,0,0,0,39.95,0.0,85.0,0.0,85.0,0.0,0.0,,ADIDAS,0.0,0.0,,,,,,,Tops,False,1.0,True,0.0,,True,True,False,1.0,,,,,0.0,0.0,,
1.0,ADIDAS,Licensed,Apparel,Jacket,FCF_26_DNA_JKT,Colombia DNA Jacket,JZ9059,YEL,Yellow,XS,,149787,0,0,0,0,0,39.95,0.0,85.0,0.0,85.0,0.0,0.0,,ADIDAS,0.0,0.0,,,,,,,Tops,False,1.0,True,0.0,,True,True,False,1.0,,,,,0.0,0.0,,
1.0,ADIDAS,Licensed,Apparel,Jacket,FCF_26_DNA_JKT,Colombia DNA Jacket,JZ9059,YEL,Yellow,S,,149788,1,0,0,0,1,39.95,39.95,85.0,85.0,85.0,85.0,0.0,,ADIDAS,0.0,0.0,,,,,,,Tops,False,1.0,True,0.0,,True,True,False,1.0,,,,,0.0,1.0,11/07/25 12:39:40 PM,
1.0,ADIDAS,Licensed,Apparel,Jacket,FCF_26_DNA_JKT,Colombia DNA Jacket,JZ9059,YEL,Yellow,M,,149789,1,0,0,0,1,39.95,39.95,85.0,85.0,85.0,85.0,0.0,,ADIDAS,0.0,0.0,,,,,,,Tops,False,1.0,True,0.0,,True,True,False,1.0,,,,,0.0,1.0,11/07/25 12:39:40 PM,
1.0,ADIDAS,Licensed,Apparel,Jacket,FCF_26_DNA_JKT,Colombia DNA Jacket,JZ9059,YEL,Yellow,L,,149790,1,0,0,0,1,39.95,39.95,85.0,85.0,85.0,85.0,0.0,,ADIDAS,0.0,0.0,,,,,,,Tops,False,1.0,True,0.0,,True,True,False,1.0,,,,,0.0,1.0,11/07/25 12:39:41 PM,
1.0,ADIDAS,Licensed,Apparel,Jacket,FCF_26_DNA_JKT,Colombia DNA Jacket,JZ9059,YEL,Yellow,XL,,149791,0,0,0,0,0,39.95,0.0,85.0,0.0,85.0,0.0,0.0,,ADIDAS,0.0,0.0,,,,,,,Tops,False,1.0,True,0.0,,True,True,False,1.0,,,,,0.0,0.0,,
1.0,ADIDAS,Licensed,Apparel,Jacket,FCF_26_DNA_JKT,Colombia DNA Jacket,JZ9059,YEL,Yellow,XXL,,149792,0,0,0,0,0,39.95,0.0,85.0,0.0,85.0,0.0,0.0,,ADIDAS,0.0,0.0,,,,,,,Tops,False,1.0,True,0.0,,True,True,False,1.0,,,,,0.0,0.0,,
1.0,ADIDAS,Licensed,Apparel,Jacket,FCF_26_DNA_JKT,Colombia DNA Jacket,JZ9059,YEL,Yellow,XXXL,,149793,0,0,0,0,0,39.95,0.0,85.0,0.0,85.0,0.0,0.0,,ADIDAS,0.0,0.0,,,,,,,Tops,False,1.0,True,0.0,,True,True,False,1.0,,,,,0.0,0.0,,
1.0,ADIDAS,Licensed,Apparel,Jerseys,FCF_26_H_JSY_W,Colombia Home Jersey W,JZ8788,YEL,Yellow,XXS,,149802,0,0,0,0,0,56.4,0.0,120.0,0.0,120.0,0.0,0.0,,ADIDAS,0.0,0.0,,,,,,,Tops,False,1.0,True,0.0,,True,True,False,1.0,,,,,0.0,0.0,,
1.0,ADIDAS,Licensed,Apparel,Jerseys,FCF_26_H_JSY_W,Colombia Home Jersey W,JZ8788,YEL,Yellow,XS,,149803,1,0,0,0,1,56.4,56.4,120.0,120.0,120.0,120.0,0.0,,ADIDAS,0.0,0.0,,,,,,,Tops,False,1.0,True,0.0,,True,True,False,1.0,,,,,1.0,2.0,11/07/25 12:53:14 PM,
1.0,ADIDAS,Licensed,Apparel,Jerseys,FCF_26_H_JSY_W,Colombia Home Jersey W,JZ8788,YEL,Yellow,S,,149804,0,0,0,0,0,56.4,0.0,120.0,0.0,120.0,0.0,0.0,,ADIDAS,0.0,0.0,,,,,,,Tops,False,1.0,True,0.0,,True,True,False,1.0,,,,,0.0,0.0,,
1.0,ADIDAS,Licensed,Apparel,Jerseys,FCF_26_H_JSY_W,Colombia Home Jersey W,JZ8788,YEL,Yellow,M,,149805,1,0,0,0,1,56.4,56.4,120.0,120.0,120.0,120.0,0.0,,ADIDAS,0.0,0.0,,,,,,,Tops,False,1.0,True,0.0,,True,True,False,1.0,,,,,1.0,2.0,11/07/25 12:53:14 PM,
1.0,ADIDAS,Licensed,Apparel,Jerseys,FCF_26_H_JSY_W,Colombia Home Jersey W,JZ8788,YEL,Yellow,L,,149806,1,0,0,0,1,56.4,56.4,120.0,120.0,120.0,120.0,0.0,,ADIDAS,0.0,0.0,,,,,,,Tops,False,1.0,True,0.0,,True,True,False,1.0,,,,,0.0,1.0,11/07/25 12:53:14 PM,
1.0,ADIDAS,Licensed,Apparel,Jerseys,FCF_26_H_JSY_W,Colombia Home Jersey W,JZ8788,YEL,Yellow,XL,,149807,0,0,0,0,0,56.4,0.0,120.0,0.0,120.0,0.0,0.0,,ADIDAS,0.0,0.0,,,,,,,Tops,False,1.0,True,0.0,,True,True,False,1.0,,,,,0.0,0.0,,
1.0,ADIDAS,Licensed,Apparel,Jerseys,FCF_26_H_JSY_W,Colombia Home Jersey W,JZ8788,YEL,Yellow,XXL,,149808,0,0,0,0,0,56.4,0.0,120.0,0.0,120.0,0.0,0.0,,ADIDAS,0.0,0.0,,,,,,,Tops,False,1.0,True,0.0,,True,True,False,1.0,,,,,0.0,0.0,,
1.0,ADIDAS,Licensed,Apparel,Jerseys,FCF_26_H_JSY_W,Colombia Home Jersey W,JZ8788,YEL,Yellow,XXXL,,149809,0,0,0,0,0,56.4,0.0,120.0,0.0,120.0,0.0,0.0,,ADIDAS,0.0,0.0,,,,,,,Tops,False,1.0,True,0.0,,True,True,False,1.0,,,,,0.0,0.0,,
1.0,ADIDAS,Licensed,Apparel,KITS,AFA_26_H_MINI_KIT,AFA H Mini Kit,KA8114,BLU,Blue,0-3,,149686,0,0,0,0,0,37.6,0.0,80.0,0.0,80.0,0.0,0.0,,ADIDAS,0.0,0.0,,,,,,,Baby,False,1.0,True,0.0,,True,True,False,1.0,,,,,0.0,0.0,,
1.0,ADIDAS,Licensed,Apparel,KITS,AFA_26_H_MINI_KIT,AFA H Mini Kit,KA8114,BLU,Blue,3-6,,149687,0,0,0,0,0,37.6,0.0,80.0,0.0,80.0,0.0,0.0,,ADIDAS,0.0,0.0,,,,,,,Baby,False,1.0,True,0.0,,True,True,False,1.0,,,,,0.0,0.0,,
1.0,ADIDAS,Licensed,Apparel,KITS,AFA_26_H_MINI_KIT,AFA H Mini Kit,KA8114,BLU,Blue,6-9,,149688,0,0,0,0,0,37.6,0.0,80.0,0.0,80.0,0.0,0.0,,ADIDAS,0.0,0.0,,,,,,,Baby,False,1.0,True,0.0,,True,True,False,1.0,,,,,0.0,0.0,,
1.0,ADIDAS,Licensed,Apparel,KITS,AFA_26_H_MINI_KIT,AFA H Mini Kit,KA8114,BLU,Blue,12M,,149689,0,0,0,0,0,37.6,0.0,80.0,0.0,80.0,0.0,0.0,,ADIDAS,0.0,0.0,,,,,,,Baby,False,1.0,True,0.0,,True,True,False,1.0,,,,,0.0,0.0,,
1.0,ADIDAS,Licensed,Apparel,KITS,AFA_26_H_MINI_KIT,AFA H Mini Kit,KA8114,BLU,Blue,18M,,149690,0,0,0,0,0,37.6,0.0,80.0,0.0,80.0,0.0,0.0,,ADIDAS,0.0,0.0,,,,,,,Baby,False,1.0,True,0.0,,True,True,False,1.0,,,,,0.0,0.0,,
1.0,ADIDAS,Licensed,Apparel,KITS,AFA_26_H_MINI_KIT,AFA H Mini Kit,KA8114,BLU,Blue,2T,,149691,1,0,0,0,1,37.6,37.6,80.0,80.0,80.0,80.0,0.0,,ADIDAS,0.0,0.0,,,,,,,Baby,False,1.0,True,0.0,,True,True,False,1.0,,,,,0.0,1.0,11/06/25 12:03:06 PM,
1.0,ADIDAS,Licensed,Apparel,KITS,AFA_26_H_MINI_KIT,AFA H Mini Kit,KA8114,BLU,Blue,3T,,149692,1,0,0,0,1,37.6,37.6,80.0,80.0,80.0,80.0,0.0,,ADIDAS,0.0,0.0,,,,,,,Baby,False,1.0,True,0.0,,True,True,False,1.0,,,,,0.0,1.0,11/06/25 12:03:06 PM,
1.0,ADIDAS,Licensed,Apparel,KITS,AFA_26_H_MINI_KIT,AFA H Mini Kit,KA8114,BLU,Blue,4T,,149693,1,0,0,0,1,37.6,37.6,80.0,80.0,80.0,80.0,0.0,,ADIDAS,0.0,0.0,,,,,,,Baby,False,1.0,True,0.0,,True,True,False,1.0,,,,,0.0,1.0,11/06/25 12:03:06 PM,
1.0,ADIDAS,Licensed,Apparel,KITS,AFA_26_H_MINI_KIT,AFA H Mini Kit,KA8114,BLU,Blue,5T,,149694,0,0,0,0,0,37.6,0.0,80.0,0.0,80.0,0.0,0.0,,ADIDAS,0.0,0.0,,,,,,,Baby,False,1.0,True,0.0,,True,True,False,1.0,,,,,0.0,0.0,,
1.0,ADIDAS,Licensed,Apparel,KITS,AFA_26_H_MINI_KIT,AFA H Mini Kit,KA8114,BLU,Blue,6T,,149695,0,0,0,0,0,37.6,0.0,80.0,0.0,80.0,0.0,0.0,,ADIDAS,0.0,0.0,,,,,,,Baby,False,1.0,True,0.0,,True,True,False,1.0,,,,,0.0,0.0,,
1.0,ADIDAS,Licensed,Apparel,Jerseys,AFA_26_H_JSY_W,AFA H JSY Women,KA8126,BLU,Blue,XXS,,149696,0,0,0,0,0,56.4,0.0,120.0,0.0,120.0,0.0,0.0,,ADIDAS,0.0,0.0,,,,,,,Tops,False,1.0,True,0.0,,True,True,False,1.0,,,,,0.0,0.0,,
1.0,ADIDAS,Licensed,Apparel,Jerseys,AFA_26_H_JSY_W,AFA H JSY Women,KA8126,BLU,Blue,XS,,149697,1,0,0,0,1,56.4,56.4,120.0,120.0,120.0,120.0,0.0,,ADIDAS,0.0,0.0,,,,,,,Tops,False,1.0,True,0.0,,True,True,False,1.0,,,,,0.0,1.0,11/06/25 12:05:25 PM,
1.0,ADIDAS,Licensed,Apparel,Jerseys,AFA_26_H_JSY_W,AFA H JSY Women,KA8126,BLU,Blue,S,,149698,1,0,0,0,1,56.4,56.4,120.0,120.0,120.0,120.0,0.0,,ADIDAS,0.0,0.0,,,,,,,Tops,False,1.0,True,0.0,,True,True,False,1.0,,,,,0.0,1.0,11/06/25 12:05:26 PM,
1.0,ADIDAS,Licensed,Apparel,Jerseys,AFA_26_H_JSY_W,AFA H JSY Women,KA8126,BLU,Blue,M,,149699,1,0,0,0,1,56.4,56.4,120.0,120.0,120.0,120.0,0.0,,ADIDAS,0.0,0.0,,,,,,,Tops,False,1.0,True,0.0,,True,True,False,1.0,,,,,0.0,1.0,11/06/25 12:05:26 PM,
1.0,ADIDAS,Licensed,Apparel,Jerseys,AFA_26_H_JSY_W,AFA H JSY Women,KA8126,BLU,Blue,L,,149700,0,0,0,0,0,56.4,0.0,120.0,0.0,120.0,0.0,0.0,,ADIDAS,0.0,0.0,,,,,,,Tops,False,1.0,True,0.0,,True,True,False,1.0,,,,,0.0,0.0,,
1.0,ADIDAS,Licensed,Apparel,Jerseys,AFA_26_H_JSY_W,AFA H JSY Women,KA8126,BLU,Blue,XL,,149701,0,0,0,0,0,56.4,0.0,120.0,0.0,120.0,0.0,0.0,,ADIDAS,0.0,0.0,,,,,,,Tops,False,1.0,True,0.0,,True,True,False,1.0,,,,,0.0,0.0,,
1.0,ADIDAS,Licensed,Apparel,Jerseys,AFA_26_H_JSY_W,AFA H JSY Women,KA8126,BLU,Blue,XXL,,149702,0,0,0,0,0,56.4,0.0,120.0,0.0,120.0,0.0,0.0,,ADIDAS,0.0,0.0,,,,,,,Tops,False,1.0,True,0.0,,True,True,False,1.0,,,,,0.0,0.0,,
1.0,ADIDAS,Licensed,Apparel,Jerseys,AFA_26_H_JSY_W,AFA H JSY Women,KA8126,BLU,Blue,XXXL,,149703,0,0,0,0,0,56.4,0.0,120.0,0.0,120.0,0.0,0.0,,ADIDAS,0.0,0.0,,,,,,,Tops,False,1.0,True,0.0,,True,True,False,1.0,,,,,0.0,0.0,,
1.0,ADIDAS,Licensed,Apparel,Jerseys,UAF_26_H_JSY_AU,Ukraine Home Jersey Authentic,KC8032,YEL,Yellow,XXS,,149712,0,0,0,0,0,89.3,0.0,190.0,0.0,190.0,0.0,0.0,,ADIDAS,0.0,0.0,,,,,,,Tops,False,1.0,True,0.0,,True,True,False,1.0,,,,,0.0,0.0,,
1.0,ADIDAS,Licensed,Apparel,Jerseys,UAF_26_H_JSY_AU,Ukraine Home Jersey Authentic,KC8032,YEL,Yellow,XS,,149713,0,0,0,0,0,89.3,0.0,190.0,0.0,190.0,0.0,0.0,,ADIDAS,0.0,0.0,,,,,,,Tops,False,1.0,True,0.0,,True,True,False,1.0,,,,,0.0,0.0,,
1.0,ADIDAS,Licensed,Apparel,Jerseys,UAF_26_H_JSY_AU,Ukraine Home Jersey Authentic,KC8032,YEL,Yellow,S,,149714,0,0,0,0,0,89.3,0.0,190.0,0.0,190.0,0.0,0.0,,ADIDAS,0.0,0.0,,,,,,,Tops,False,1.0,True,0.0,,True,True,False,1.0,,,,,0.0,0.0,,
1.0,ADIDAS,Licensed,Apparel,Jerseys,UAF_26_H_JSY_AU,Ukraine Home Jersey Authentic,KC8032,YEL,Yellow,M,,149715,0,0,0,0,0,89.3,0.0,190.0,0.0,190.0,0.0,0.0,,ADIDAS,0.0,0.0,,,,,,,Tops,False,1.0,True,0.0,,True,True,False,1.0,,,,,1.0,1.0,11/06/25 12:09:38 PM,
1.0,ADIDAS,Licensed,Apparel,Jerseys,UAF_26_H_JSY_AU,Ukraine Home Jersey Authentic,KC8032,YEL,Yellow,L,,149716,0,0,0,0,0,89.3,0.0,190.0,0.0,190.0,0.0,0.0,,ADIDAS,0.0,0.0,,,,,,,Tops,False,1.0,True,0.0,,True,True,False,1.0,,,,,1.0,1.0,12/19/25 5:20:31 PM,
1.0,ADIDAS,Licensed,Apparel,Jerseys,UAF_26_H_JSY_AU,Ukraine Home Jersey Authentic,KC8032,YEL,Yellow,XL,,149717,0,0,0,0,0,89.3,0.0,190.0,0.0,190.0,0.0,0.0,,ADIDAS,0.0,0.0,,,,,,,Tops,False,1.0,True,0.0,,True,True,False,1.0,,,,,0.0,0.0,,
1.0,ADIDAS,Licensed,Apparel,Jerseys,UAF_26_H_JSY_AU,Ukraine Home Jersey Authentic,KC8032,YEL,Yellow,XXL,,149718,0,0,0,0,0,89.3,0.0,190.0,0.0,190.0,0.0,0.0,,ADIDAS,0.0,0.0,,,,,,,Tops,False,1.0,True,0.0,,True,True,False,1.0,,,,,0.0,0.0,,
1.0,ADIDAS,Licensed,Apparel,Jerseys,UAF_26_H_JSY_AU,Ukraine Home Jersey Authentic,KC8032,YEL,Yellow,XXXL,,149719,0,0,0,0,0,89.3,0.0,190.0,0.0,190.0,0.0,0.0,,ADIDAS,0.0,0.0,,,,,,,Tops,False,1.0,True,0.0,,True,True,False,1.0,,,,,0.0,0.0,,
1.0,ADIDAS,Licensed,Apparel,Hoody,FCF_26_DNA_HOODIE,Colombia DNA Hoodie,JZ9061,YEL,Yellow,XXS,,149778,0,0,0,0,0,39.95,0.0,85.0,0.0,85.0,0.0,0.0,,ADIDAS,0.0,0.0,,,,,,,Tops,False,1.0,True,0.0,,True,True,False,1.0,,,,,0.0,0.0,,
1.0,ADIDAS,Licensed,Apparel,Hoody,FCF_26_DNA_HOODIE,Colombia DNA Hoodie,JZ9061,YEL,Yellow,XS,,149779,0,0,0,0,0,39.95,0.0,85.0,0.0,85.0,0.0,0.0,,ADIDAS,0.0,0.0,,,,,,,Tops,False,1.0,True,0.0,,True,True,False,1.0,,,,,2.0,2.0,11/07/25 12:27:04 PM,
1.0,ADIDAS,Licensed,Apparel,Hoody,FCF_26_DNA_HOODIE,Colombia DNA Hoodie,JZ9061,YEL,Yellow,S,,149780,2,0,0,0,2,39.95,79.9,85.0,170.0,85.0,170.0,0.0,,ADIDAS,0.0,0.0,,,,,,,Tops,False,1.0,True,0.0,,True,True,False,1.0,,,,,0.0,2.0,11/07/25 12:27:04 PM,
1.0,ADIDAS,Licensed,Apparel,Hoody,FCF_26_DNA_HOODIE,Colombia DNA Hoodie,JZ9061,YEL,Yellow,M,,149781,2,0,0,0,2,39.95,79.9,85.0,170.0,85.0,170.0,0.0,,ADIDAS,0.0,0.0,,,,,,,Tops,False,1.0,True,0.0,,True,True,False,1.0,,,,,0.0,2.0,11/07/25 12:27:04 PM,
1.0,ADIDAS,Licensed,Apparel,Hoody,FCF_26_DNA_HOODIE,Colombia DNA Hoodie,JZ9061,YEL,Yellow,L,,149782,0,0,0,0,0,39.95,0.0,85.0,0.0,85.0,0.0,0.0,,ADIDAS,0.0,0.0,,,,,,,Tops,False,1.0,True,0.0,,True,True,False,1.0,,,,,1.0,1.0,11/07/25 12:27:04 PM,
1.0,ADIDAS,Licensed,Apparel,Hoody,FCF_26_DNA_HOODIE,Colombia DNA Hoodie,JZ9061,YEL,Yellow,XL,,149783,1,0,0,0,1,39.95,39.95,85.0,85.0,85.0,85.0,0.0,,ADIDAS,0.0,0.0,,,,,,,Tops,False,1.0,True,0.0,,True,True,False,1.0,,,,,0.0,1.0,11/07/25 12:27:04 PM,
1.0,ADIDAS,Licensed,Apparel,Hoody,FCF_26_DNA_HOODIE,Colombia DNA Hoodie,JZ9061,YEL,Yellow,XXL,,149784,0,0,0,0,0,39.95,0.0,85.0,0.0,85.0,0.0,0.0,,ADIDAS,0.0,0.0,,,,,,,Tops,False,1.0,True,0.0,,True,True,False,1.0,,,,,0.0,0.0,,
1.0,ADIDAS,Licensed,Apparel,Hoody,FCF_26_DNA_HOODIE,Colombia DNA Hoodie,JZ9061,YEL,Yellow,XXXL,,149785,0,0,0,0,0,39.95,0.0,85.0,0.0,85.0,0.0,0.0,,ADIDAS,0.0,0.0,,,,,,,Tops,False,1.0,True,0.0,,True,True,False,1.0,,,,,0.0,0.0,,
1.0,ADIDAS,Licensed,Apparel,Jerseys,FCF_26_H_JSY_Y,Colombia Home Jersey Y,JZ8797,YEL,Yellow,XXS,,149794,0,0,0,0,0,47.0,0.0,100.0,0.0,100.0,0.0,0.0,,ADIDAS,0.0,0.0,,,,,,,Tops,False,1.0,True,0.0,,True,True,False,1.0,,,,,0.0,0.0,,
1.0,ADIDAS,Licensed,Apparel,Jerseys,FCF_26_H_JSY_Y,Colombia Home Jersey Y,JZ8797,YEL,Yellow,XS,,149795,0,0,0,0,0,47.0,0.0,100.0,0.0,100.0,0.0,0.0,,ADIDAS,0.0,0.0,,,,,,,Tops,False,1.0,True,0.0,,True,True,False,1.0,,,,,0.0,0.0,,
1.0,ADIDAS,Licensed,Apparel,Jerseys,FCF_26_H_JSY_Y,Colombia Home Jersey Y,JZ8797,YEL,Yellow,S,,149796,0,0,0,0,0,47.0,0.0,100.0,0.0,100.0,0.0,0.0,,ADIDAS,0.0,0.0,,,,,,,Tops,False,1.0,True,0.0,,True,True,False,1.0,,,,,0.0,0.0,,
1.0,ADIDAS,Licensed,Apparel,Jerseys,FCF_26_H_JSY_Y,Colombia Home Jersey Y,JZ8797,YEL,Yellow,M,,149797,2,0,0,0,2,47.0,94.0,100.0,200.0,100.0,200.0,0.0,,ADIDAS,0.0,0.0,,,,,,,Tops,False,1.0,True,0.0,,True,True,False,1.0,,,,,0.0,2.0,11/07/25 12:44:39 PM,
1.0,ADIDAS,Licensed,Apparel,Jerseys,FCF_26_H_JSY_Y,Colombia Home Jersey Y,JZ8797,YEL,Yellow,L,,149798,2,0,0,0,2,47.0,94.0,100.0,200.0,100.0,200.0,0.0,,ADIDAS,0.0,0.0,,,,,,,Tops,False,1.0,True,0.0,,True,True,False,1.0,,,,,0.0,2.0,11/07/25 12:44:39 PM,
1.0,ADIDAS,Licensed,Apparel,Jerseys,FCF_26_H_JSY_Y,Colombia Home Jersey Y,JZ8797,YEL,Yellow,XL,,149799,1,0,0,0,1,47.0,47.0,100.0,100.0,100.0,100.0,0.0,,ADIDAS,0.0,0.0,,,,,,,Tops,False,1.0,True,0.0,,True,True,False,1.0,,,,,0.0,1.0,11/07/25 12:44:39 PM,
1.0,ADIDAS,Licensed,Apparel,Jerseys,FCF_26_H_JSY_Y,Colombia Home Jersey Y,JZ8797,YEL,Yellow,XXL,,149800,0,0,0,0,0,47.0,0.0,100.0,0.0,100.0,0.0,0.0,,ADIDAS,0.0,0.0,,,,,,,Tops,False,1.0,True,0.0,,True,True,False,1.0,,,,,0.0,0.0,,
1.0,ADIDAS,Licensed,Apparel,Jerseys,FCF_26_H_JSY_Y,Colombia Home Jersey Y,JZ8797,YEL,Yellow,XXXL,,149801,0,0,0,0,0,47.0,0.0,100.0,0.0,100.0,0.0,0.0,,ADIDAS,0.0,0.0,,,,,,,Tops,False,1.0,True,0.0,,True,True,False,1.0,,,,,0.0,0.0,,
1.0,ADIDAS,Licensed,Apparel,Jerseys,RFEF_26_H_JSY_Y,Spain Home Jersey Y,JZ5757,RED,Red,XXS,,149810,0,0,0,0,0,47.0,0.0,100.0,0.0,100.0,0.0,0.0,,ADIDAS,0.0,0.0,,,,,,,Tops,False,1.0,True,0.0,,True,True,False,1.0,,,,,0.0,0.0,,
1.0,ADIDAS,Licensed,Apparel,Jerseys,RFEF_26_H_JSY_Y,Spain Home Jersey Y,JZ5757,RED,Red,XS,,149811,0,0,0,0,0,47.0,0.0,100.0,0.0,100.0,0.0,0.0,,ADIDAS,0.0,0.0,,,,,,,Tops,False,1.0,True,0.0,,True,True,False,1.0,,,,,0.0,0.0,,
1.0,ADIDAS,Licensed,Apparel,Jerseys,RFEF_26_H_JSY_Y,Spain Home Jersey Y,JZ5757,RED,Red,S,,149812,0,0,0,0,0,47.0,0.0,100.0,0.0,100.0,0.0,0.0,,ADIDAS,0.0,0.0,,,,,,,Tops,False,1.0,True,0.0,,True,True,False,1.0,,,,,0.0,0.0,,
1.0,ADIDAS,Licensed,Apparel,Jerseys,RFEF_26_H_JSY_Y,Spain Home Jersey Y,JZ5757,RED,Red,M,,149813,2,0,0,0,2,47.0,94.0,100.0,200.0,100.0,200.0,0.0,,ADIDAS,0.0,0.0,,,,,,,Tops,False,1.0,True,0.0,,True,True,False,1.0,,,,,0.0,2.0,11/07/25 2:12:05 PM,
1.0,ADIDAS,Licensed,Apparel,Jerseys,RFEF_26_H_JSY_Y,Spain Home Jersey Y,JZ5757,RED,Red,L,,149814,2,0,0,0,2,47.0,94.0,100.0,200.0,100.0,200.0,0.0,,ADIDAS,0.0,0.0,,,,,,,Tops,False,1.0,True,0.0,,True,True,False,1.0,,,,,0.0,1.0,11/07/25 2:12:06 PM,
1.0,ADIDAS,Licensed,Apparel,Jerseys,RFEF_26_H_JSY_Y,Spain Home Jersey Y,JZ5757,RED,Red,XL,,149815,1,0,0,0,1,47.0,47.0,100.0,100.0,100.0,100.0,0.0,,ADIDAS,0.0,0.0,,,,,,,Tops,False,1.0,True,0.0,,True,True,False,1.0,,,,,0.0,1.0,11/07/25 12:59:02 PM,
1.0,ADIDAS,Licensed,Apparel,Jerseys,RFEF_26_H_JSY_Y,Spain Home Jersey Y,JZ5757,RED,Red,XXL,,149816,0,0,0,0,0,47.0,0.0,100.0,0.0,100.0,0.0,0.0,,ADIDAS,0.0,0.0,,,,,,,Tops,False,1.0,True,0.0,,True,True,False,1.0,,,,,0.0,0.0,,
1.0,ADIDAS,Licensed,Apparel,Jerseys,RFEF_26_H_JSY_Y,Spain Home Jersey Y,JZ5757,RED,Red,XXXL,,149817,0,0,0,0,0,47.0,0.0,100.0,0.0,100.0,0.0,0.0,,ADIDAS,0.0,0.0,,,,,,,Tops,False,1.0,True,0.0,,True,True,False,1.0,,,,,0.0,0.0,,
1.0,ADIDAS,Licensed,Apparel,KITS,FCF_26_H_BABY_KIT,Colombia H Baby Kit,JZ8802,YEL,Yellow,0-3,,149826,0,0,0,0,0,37.6,0.0,80.0,0.0,80.0,0.0,0.0,,ADIDAS,0.0,0.0,,,,,,,Baby,False,1.0,True,0.0,,True,True,False,1.0,,,,,0.0,0.0,,
1.0,ADIDAS,Licensed,Apparel,KITS,FCF_26_H_BABY_KIT,Colombia H Baby Kit,JZ8802,YEL,Yellow,3-6,,149827,0,0,0,0,0,37.6,0.0,80.0,0.0,80.0,0.0,0.0,,ADIDAS,0.0,0.0,,,,,,,Baby,False,1.0,True,0.0,,True,True,False,1.0,,,,,0.0,0.0,,
1.0,ADIDAS,Licensed,Apparel,KITS,FCF_26_H_BABY_KIT,Colombia H Baby Kit,JZ8802,YEL,Yellow,6-9,,149828,0,0,0,0,0,37.6,0.0,80.0,0.0,80.0,0.0,0.0,,ADIDAS,0.0,0.0,,,,,,,Baby,False,1.0,True,0.0,,True,True,False,1.0,,,,,0.0,0.0,,
1.0,ADIDAS,Licensed,Apparel,KITS,FCF_26_H_BABY_KIT,Colombia H Baby Kit,JZ8802,YEL,Yellow,12M,,149829,2,0,0,0,2,37.6,75.2,80.0,160.0,80.0,160.0,0.0,,ADIDAS,0.0,0.0,,,,,,,Baby,False,1.0,True,0.0,,True,True,False,1.0,,,,,0.0,2.0,11/07/25 1:10:28 PM,
1.0,ADIDAS,Licensed,Apparel,KITS,FCF_26_H_BABY_KIT,Colombia H Baby Kit,JZ8802,YEL,Yellow,18M,,149830,0,0,0,0,0,37.6,0.0,80.0,0.0,80.0,0.0,0.0,,ADIDAS,0.0,0.0,,,,,,,Baby,False,1.0,True,0.0,,True,True,False,1.0,,,,,0.0,0.0,,
1.0,ADIDAS,Licensed,Apparel,KITS,FCF_26_H_BABY_KIT,Colombia H Baby Kit,JZ8802,YEL,Yellow,2T,,149831,1,0,0,0,1,37.6,37.6,80.0,80.0,80.0,80.0,0.0,,ADIDAS,0.0,0.0,,,,,,,Baby,False,1.0,True,0.0,,True,True,False,1.0,,,,,0.0,1.0,12/19/25 6:10:18 PM,
1.0,ADIDAS,Licensed,Apparel,KITS,FCF_26_H_BABY_KIT,Colombia H Baby Kit,JZ8802,YEL,Yellow,3T,,149832,0,0,0,0,0,37.6,0.0,80.0,0.0,80.0,0.0,0.0,,ADIDAS,0.0,0.0,,,,,,,Baby,False,1.0,True,0.0,,True,True,False,1.0,,,,,0.0,0.0,,
1.0,ADIDAS,Licensed,Apparel,KITS,FCF_26_H_BABY_KIT,Colombia H Baby Kit,JZ8802,YEL,Yellow,4T,,149833,1,0,0,0,1,37.6,37.6,80.0,80.0,80.0,80.0,0.0,,ADIDAS,0.0,0.0,,,,,,,Baby,False,1.0,True,0.0,,True,True,False,1.0,,,,,0.0,1.0,12/19/25 6:10:18 PM,
1.0,ADIDAS,Licensed,Apparel,KITS,FCF_26_H_BABY_KIT,Colombia H Baby Kit,JZ8802,YEL,Yellow,5T,,149834,0,0,0,0,0,37.6,0.0,80.0,0.0,80.0,0.0,0.0,,ADIDAS,0.0,0.0,,,,,,,Baby,False,1.0,True,0.0,,True,True,False,1.0,,,,,0.0,0.0,,
1.0,ADIDAS,Licensed,Apparel,KITS,FCF_26_H_BABY_KIT,Colombia H Baby Kit,JZ8802,YEL,Yellow,6T,,149835,0,0,0,0,0,37.6,0.0,80.0,0.0,80.0,0.0,0.0,,ADIDAS,0.0,0.0,,,,,,,Baby,False,1.0,True,0.0,,True,True,False,1.0,,,,,0.0,0.0,,
1.0,ADIDAS,Licensed,Apparel,Jerseys,SFA_26_H_JSY,Scotland Home Jersey,KE4085,NVY,Navy,XXS,,149843,0,0,0,0,0,56.4,0.0,120.0,0.0,120.0,0.0,0.0,,ADIDAS,0.0,0.0,,,,,,,Tops,False,1.0,True,0.0,,True,True,False,1.0,,,,,0.0,0.0,,
1.0,ADIDAS,Licensed,Apparel,Jerseys,SFA_26_H_JSY,Scotland Home Jersey,KE4085,NVY,Navy,XS,,149844,0,0,0,0,0,56.4,0.0,120.0,0.0,120.0,0.0,0.0,,ADIDAS,0.0,0.0,,,,,,,Tops,False,1.0,True,0.0,,True,True,False,1.0,,,,,0.0,0.0,,
1.0,ADIDAS,Licensed,Apparel,Jerseys,SFA_26_H_JSY,Scotland Home Jersey,KE4085,NVY,Navy,S,,149845,0,0,0,0,0,56.4,0.0,120.0,0.0,120.0,0.0,0.0,,ADIDAS,0.0,0.0,,,,,,,Tops,False,1.0,True,0.0,,True,True,False,1.0,,,,,0.0,0.0,,
1.0,ADIDAS,Licensed,Apparel,Jerseys,SFA_26_H_JSY,Scotland Home Jersey,KE4085,NVY,Navy,M,,149846,0,0,0,0,0,56.4,0.0,120.0,0.0,120.0,0.0,0.0,,ADIDAS,0.0,0.0,,,,,,,Tops,False,1.0,True,0.0,,True,True,False,1.0,,,,,1.0,1.0,11/07/25 1:19:21 PM,
1.0,ADIDAS,Licensed,Apparel,Jerseys,SFA_26_H_JSY,Scotland Home Jersey,KE4085,NVY,Navy,L,,149847,0,0,0,0,0,56.4,0.0,120.0,0.0,120.0,0.0,0.0,,ADIDAS,0.0,0.0,,,,,,,Tops,False,1.0,True,0.0,,True,True,False,1.0,,,,,1.0,1.0,11/07/25 1:19:21 PM,
1.0,ADIDAS,Licensed,Apparel,Jerseys,SFA_26_H_JSY,Scotland Home Jersey,KE4085,NVY,Navy,XL,,149848,0,0,0,0,0,56.4,0.0,120.0,0.0,120.0,0.0,0.0,,ADIDAS,0.0,0.0,,,,,,,Tops,False,1.0,True,0.0,,True,True,False,1.0,,,,,0.0,0.0,,
1.0,ADIDAS,Licensed,Apparel,Jerseys,SFA_26_H_JSY,Scotland Home Jersey,KE4085,NVY,Navy,XXL,,149849,0,0,0,0,0,56.4,0.0,120.0,0.0,120.0,0.0,0.0,,ADIDAS,0.0,0.0,,,,,,,Tops,False,1.0,True,0.0,,True,True,False,1.0,,,,,0.0,0.0,,
1.0,ADIDAS,Licensed,Apparel,Jerseys,SFA_26_H_JSY,Scotland Home Jersey,KE4085,NVY,Navy,XXXL,,149850,0,0,0,0,0,56.4,0.0,120.0,0.0,120.0,0.0,0.0,,ADIDAS,0.0,0.0,,,,,,,Tops,False,1.0,True,0.0,,True,True,False,1.0,,,,,0.0,0.0,,
1.0,ADIDAS,Licensed,Apparel,Jerseys,FMF_26_H_JSY,Mexico  Home Jersey,JL8537,GRN,Green,XXS,,149856,0,0,0,0,0,56.4,0.0,120.0,0.0,120.0,0.0,0.0,,ADIDAS,0.0,0.0,,,,,,,Tops,False,1.0,True,0.0,,True,True,False,1.0,,,,,0.0,0.0,,
1.0,ADIDAS,Licensed,Apparel,Jerseys,FMF_26_H_JSY,Mexico  Home Jersey,JL8537,GRN,Green,XS,,149857,0,0,0,0,0,56.4,0.0,120.0,0.0,120.0,0.0,0.0,,ADIDAS,0.0,0.0,,,,,,,Tops,False,1.0,True,0.0,,True,True,False,1.0,,,,,0.0,0.0,,
1.0,ADIDAS,Licensed,Apparel,Jerseys,FMF_26_H_JSY,Mexico  Home Jersey,JL8537,GRN,Green,S,,149858,1,0,0,0,1,56.4,56.4,120.0,120.0,120.0,120.0,0.0,,ADIDAS,0.0,0.0,,,,,,,Tops,False,1.0,True,0.0,,True,True,False,1.0,,,,,0.0,1.0,11/07/25 1:29:04 PM,
1.0,ADIDAS,Licensed,Apparel,Jerseys,FMF_26_H_JSY,Mexico  Home Jersey,JL8537,GRN,Green,M,,149859,1,0,0,0,1,56.4,56.4,120.0,120.0,120.0,120.0,0.0,,ADIDAS,0.0,0.0,,,,,,,Tops,False,1.0,True,0.0,,True,True,False,1.0,,,,,0.0,1.0,11/07/25 1:29:04 PM,
1.0,ADIDAS,Licensed,Apparel,Jerseys,FMF_26_H_JSY,Mexico  Home Jersey,JL8537,GRN,Green,L,,149860,1,0,0,0,1,56.4,56.4,120.0,120.0,120.0,120.0,0.0,,ADIDAS,0.0,0.0,,,,,,,Tops,False,1.0,True,0.0,,True,True,False,1.0,,,,,0.0,1.0,11/07/25 1:29:04 PM,
1.0,ADIDAS,Licensed,Apparel,Jerseys,FMF_26_H_JSY,Mexico  Home Jersey,JL8537,GRN,Green,XL,,149861,1,0,0,0,1,56.4,56.4,120.0,120.0,120.0,120.0,0.0,,ADIDAS,0.0,0.0,,,,,,,Tops,False,1.0,True,0.0,,True,True,False,1.0,,,,,1.0,2.0,1/13/26 11:22:32 AM,
1.0,ADIDAS,Licensed,Apparel,Jerseys,FMF_26_H_JSY,Mexico  Home Jersey,JL8537,GRN,Green,XXL,,149862,0,0,0,0,0,56.4,0.0,120.0,0.0,120.0,0.0,0.0,,ADIDAS,0.0,0.0,,,,,,,Tops,False,1.0,True,0.0,,True,True,False,1.0,,,,,0.0,0.0,,
1.0,ADIDAS,Licensed,Apparel,Jerseys,FMF_26_H_JSY,Mexico  Home Jersey,JL8537,GRN,Green,XXXL,,149863,0,0,0,0,0,56.4,0.0,120.0,0.0,120.0,0.0,0.0,,ADIDAS,0.0,0.0,,,,,,,Tops,False,1.0,True,0.0,,True,True,False,1.0,,,,,0.0,0.0,,
1.0,ADIDAS,Licensed,Apparel,Jerseys,FMF_26_H_JSY_Y,Mexico  Home Jersey Y,KA6062,GRN,Green,XXS,,149818,-1,0,0,0,-1,47.0,-47.0,100.0,-100.0,100.0,-100.0,0.0,,ADIDAS,0.0,0.0,,,,,,,Tops,False,1.0,True,0.0,,True,True,False,1.0,,,,,1.0,0.0,,
1.0,ADIDAS,Licensed,Apparel,Jerseys,FMF_26_H_JSY_Y,Mexico  Home Jersey Y,KA6062,GRN,Green,XS,,149819,0,0,0,0,0,47.0,0.0,100.0,0.0,100.0,0.0,0.0,,ADIDAS,0.0,0.0,,,,,,,Tops,False,1.0,True,0.0,,True,True,False,1.0,,,,,0.0,0.0,,
1.0,ADIDAS,Licensed,Apparel,Jerseys,FMF_26_H_JSY_Y,Mexico  Home Jersey Y,KA6062,GRN,Green,S,,149820,0,0,0,0,0,47.0,0.0,100.0,0.0,100.0,0.0,0.0,,ADIDAS,0.0,0.0,,,,,,,Tops,False,1.0,True,0.0,,True,True,False,1.0,,,,,0.0,0.0,,
1.0,ADIDAS,Licensed,Apparel,Jerseys,FMF_26_H_JSY_Y,Mexico  Home Jersey Y,KA6062,GRN,Green,M,,149821,0,0,0,0,0,47.0,0.0,100.0,0.0,100.0,0.0,0.0,,ADIDAS,0.0,0.0,,,,,,,Tops,False,1.0,True,0.0,,True,True,False,1.0,,,,,1.0,1.0,11/07/25 1:04:47 PM,
1.0,ADIDAS,Licensed,Apparel,Jerseys,FMF_26_H_JSY_Y,Mexico  Home Jersey Y,KA6062,GRN,Green,L,,149822,0,0,0,0,0,47.0,0.0,100.0,0.0,100.0,0.0,0.0,,ADIDAS,0.0,0.0,,,,,,,Tops,False,1.0,True,0.0,,True,True,False,1.0,,,,,1.0,1.0,11/07/25 1:04:47 PM,
1.0,ADIDAS,Licensed,Apparel,Jerseys,FMF_26_H_JSY_Y,Mexico  Home Jersey Y,KA6062,GRN,Green,XL,,149823,0,0,0,0,0,47.0,0.0,100.0,0.0,100.0,0.0,0.0,,ADIDAS,0.0,0.0,,,,,,,Tops,False,1.0,True,0.0,,True,True,False,1.0,,,,,0.0,0.0,,
1.0,ADIDAS,Licensed,Apparel,Jerseys,FMF_26_H_JSY_Y,Mexico  Home Jersey Y,KA6062,GRN,Green,XXL,,149824,0,0,0,0,0,47.0,0.0,100.0,0.0,100.0,0.0,0.0,,ADIDAS,0.0,0.0,,,,,,,Tops,False,1.0,True,0.0,,True,True,False,1.0,,,,,0.0,0.0,,
1.0,ADIDAS,Licensed,Apparel,Jerseys,FMF_26_H_JSY_Y,Mexico  Home Jersey Y,KA6062,GRN,Green,XXXL,,149825,0,0,0,0,0,47.0,0.0,100.0,0.0,100.0,0.0,0.0,,ADIDAS,0.0,0.0,,,,,,,Tops,False,1.0,True,0.0,,True,True,False,1.0,,,,,0.0,0.0,,
1.0,ADIDAS,Licensed,ACCESSORIES,Bag,AFA_26_BACKPACK,Argentina backpack,KE1386,BLK,Black,OS,,149836,4,0,0,0,4,30.55,122.2,65.0,260.0,65.0,260.0,0.0,,ADIDAS,0.0,0.0,,,,,,,OS,False,1.0,True,0.0,,True,True,False,1.0,,,,,0.0,4.0,11/07/25 1:15:45 PM,
1.0,ADIDAS,Licensed,Apparel,Jerseys,CHILE_26_H_Y_JSY,Chile Home Youth Jersey,KG8545,Red,Red,Y2XS,,149837,0,0,0,0,0,47.0,0.0,100.0,0.0,100.0,0.0,0.0,,ADIDAS,0.0,0.0,,,,,,,Tops_Youth,False,1.0,True,0.0,,True,True,False,1.0,,,,,0.0,0.0,,
1.0,ADIDAS,Licensed,Apparel,Jerseys,CHILE_26_H_Y_JSY,Chile Home Youth Jersey,KG8545,Red,Red,YXS,,149838,0,0,0,0,0,47.0,0.0,100.0,0.0,100.0,0.0,0.0,,ADIDAS,0.0,0.0,,,,,,,Tops_Youth,False,1.0,True,0.0,,True,True,False,1.0,,,,,0.0,0.0,,
1.0,ADIDAS,Licensed,Apparel,Jerseys,CHILE_26_H_Y_JSY,Chile Home Youth Jersey,KG8545,Red,Red,YS,,149839,0,0,0,0,0,47.0,0.0,100.0,0.0,100.0,0.0,0.0,,ADIDAS,0.0,0.0,,,,,,,Tops_Youth,False,1.0,True,0.0,,True,True,False,1.0,,,,,0.0,0.0,,
1.0,ADIDAS,Licensed,Apparel,Jerseys,CHILE_26_H_Y_JSY,Chile Home Youth Jersey,KG8545,Red,Red,YM,,149840,0,0,0,0,0,47.0,0.0,100.0,0.0,100.0,0.0,0.0,,ADIDAS,0.0,0.0,,,,,,,Tops_Youth,False,1.0,True,0.0,,True,True,False,1.0,,,,,0.0,0.0,,
1.0,ADIDAS,Licensed,Apparel,Jerseys,CHILE_26_H_Y_JSY,Chile Home Youth Jersey,KG8545,Red,Red,YL,,149841,0,0,0,0,0,47.0,0.0,100.0,0.0,100.0,0.0,0.0,,ADIDAS,0.0,0.0,,,,,,,Tops_Youth,False,1.0,True,0.0,,True,True,False,1.0,,,,,1.0,1.0,11/07/25 1:18:03 PM,
1.0,ADIDAS,Licensed,Apparel,Jerseys,CHILE_26_H_Y_JSY,Chile Home Youth Jersey,KG8545,Red,Red,YXL,,149842,0,0,0,0,0,47.0,0.0,100.0,0.0,100.0,0.0,0.0,,ADIDAS,0.0,0.0,,,,,,,Tops_Youth,False,1.0,True,0.0,,True,True,False,1.0,,,,,0.0,0.0,,
1.0,ADIDAS,Licensed,ACCESSORIES,Balls,FCF_26_CLB_BALL,Colombia Ball,KH0296,YEL,Yellow,1,,149851,0,0,0,0,0,16.75,0.0,35.0,0.0,35.0,0.0,0.0,,ADIDAS,0.0,0.0,,,,,,,Balls,False,1.0,True,0.0,,True,True,False,1.0,,,,,0.0,0.0,,
1.0,ADIDAS,Licensed,ACCESSORIES,Balls,FCF_26_CLB_BALL,Colombia Ball,KH0296,YEL,Yellow,2,,149852,0,0,0,0,0,16.75,0.0,35.0,0.0,35.0,0.0,0.0,,ADIDAS,0.0,0.0,,,,,,,Balls,False,1.0,True,0.0,,True,True,False,1.0,,,,,0.0,0.0,,
1.0,ADIDAS,Licensed,ACCESSORIES,Balls,FCF_26_CLB_BALL,Colombia Ball,KH0296,YEL,Yellow,3,,149853,0,0,0,0,0,16.75,0.0,35.0,0.0,35.0,0.0,0.0,,ADIDAS,0.0,0.0,,,,,,,Balls,False,1.0,True,0.0,,True,True,False,1.0,,,,,0.0,0.0,,
1.0,ADIDAS,Licensed,ACCESSORIES,Balls,FCF_26_CLB_BALL,Colombia Ball,KH0296,YEL,Yellow,4,,149854,0,0,0,0,0,16.75,0.0,35.0,0.0,35.0,0.0,0.0,,ADIDAS,0.0,0.0,,,,,,,Balls,False,1.0,True,0.0,,True,True,False,1.0,,,,,0.0,0.0,,
1.0,ADIDAS,Licensed,ACCESSORIES,Balls,FCF_26_CLB_BALL,Colombia Ball,KH0296,YEL,Yellow,5,,149855,2,0,0,0,2,16.75,33.5,35.0,70.0,35.0,70.0,0.0,,ADIDAS,0.0,0.0,,,,,,,Balls,False,1.0,True,0.0,,True,True,False,1.0,,,,,0.0,2.0,11/07/25 1:22:43 PM,
1.0,ADIDAS,Licensed,Apparel,Jerseys,RFEF_26_H_JSY,Spain  Home Jersey,JN4390,RED,Red,XXS,,149864,0,0,0,0,0,56.4,0.0,120.0,0.0,120.0,0.0,0.0,,ADIDAS,0.0,0.0,,,,,,,Tops,False,1.0,True,0.0,,True,True,False,1.0,,,,,0.0,0.0,,
1.0,ADIDAS,Licensed,Apparel,Jerseys,RFEF_26_H_JSY,Spain  Home Jersey,JN4390,RED,Red,XS,,149865,0,0,0,0,0,56.4,0.0,120.0,0.0,120.0,0.0,0.0,,ADIDAS,0.0,0.0,,,,,,,Tops,False,1.0,True,0.0,,True,True,False,1.0,,,,,0.0,0.0,,
1.0,ADIDAS,Licensed,Apparel,Jerseys,RFEF_26_H_JSY,Spain  Home Jersey,JN4390,RED,Red,S,,149866,3,0,0,0,3,56.4,169.2,120.0,360.0,120.0,360.0,0.0,,ADIDAS,0.0,0.0,,,,,,,Tops,False,1.0,True,0.0,,True,True,False,1.0,,,,,0.0,1.0,1/13/26 11:23:31 AM,
1.0,ADIDAS,Licensed,Apparel,Jerseys,RFEF_26_H_JSY,Spain  Home Jersey,JN4390,RED,Red,M,,149867,3,0,0,0,3,56.4,169.2,120.0,360.0,120.0,360.0,0.0,,ADIDAS,0.0,0.0,,,,,,,Tops,False,1.0,True,0.0,,True,True,False,1.0,,,,,0.0,1.0,1/13/26 11:23:31 AM,
1.0,ADIDAS,Licensed,Apparel,Jerseys,RFEF_26_H_JSY,Spain  Home Jersey,JN4390,RED,Red,L,,149868,2,0,0,0,2,56.4,112.8,120.0,240.0,120.0,240.0,0.0,,ADIDAS,0.0,0.0,,,,,,,Tops,False,1.0,True,0.0,,True,True,False,1.0,,,,,0.0,1.0,1/13/26 11:23:31 AM,
1.0,ADIDAS,Licensed,Apparel,Jerseys,RFEF_26_H_JSY,Spain  Home Jersey,JN4390,RED,Red,XL,,149869,1,0,0,0,1,56.4,56.4,120.0,120.0,120.0,120.0,0.0,,ADIDAS,0.0,0.0,,,,,,,Tops,False,1.0,True,0.0,,True,True,False,1.0,,,,,0.0,1.0,1/13/26 11:23:31 AM,
1.0,ADIDAS,Licensed,Apparel,Jerseys,RFEF_26_H_JSY,Spain  Home Jersey,JN4390,RED,Red,XXL,,149870,1,0,0,0,1,56.4,56.4,120.0,120.0,120.0,120.0,0.0,,ADIDAS,0.0,0.0,,,,,,,Tops,False,1.0,True,0.0,,True,True,False,1.0,,,,,0.0,1.0,1/13/26 11:23:31 AM,
1.0,ADIDAS,Licensed,Apparel,Jerseys,RFEF_26_H_JSY,Spain  Home Jersey,JN4390,RED,Red,XXXL,,149871,0,0,0,0,0,56.4,0.0,120.0,0.0,120.0,0.0,0.0,,ADIDAS,0.0,0.0,,,,,,,Tops,False,1.0,True,0.0,,True,True,False,1.0,,,,,0.0,0.0,,
1.0,ADIDAS,Licensed,Apparel,Jerseys,AFA_26_H_JSY,AFA H JSY D,JM8396,BLU,Blue,XXS,,149872,0,0,0,0,0,56.4,0.0,120.0,0.0,120.0,0.0,0.0,,ADIDAS,0.0,0.0,,,,,,,Tops,False,1.0,True,0.0,,True,True,False,1.0,,,,,0.0,0.0,,
1.0,ADIDAS,Licensed,Apparel,Jerseys,AFA_26_H_JSY,AFA H JSY D,JM8396,BLU,Blue,XS,,149873,0,0,0,0,0,56.4,0.0,120.0,0.0,120.0,0.0,0.0,,ADIDAS,0.0,0.0,,,,,,,Tops,False,1.0,True,0.0,,True,True,False,1.0,,,,,0.0,0.0,,
1.0,ADIDAS,Licensed,Apparel,Jerseys,AFA_26_H_JSY,AFA H JSY D,JM8396,BLU,Blue,S,,149874,2,0,0,0,2,56.4,112.8,120.0,240.0,120.0,240.0,0.0,,ADIDAS,0.0,0.0,,,,,,,Tops,False,1.0,True,0.0,,True,True,False,1.0,,,,,0.0,2.0,11/07/25 1:33:37 PM,
1.0,ADIDAS,Licensed,Apparel,Jerseys,AFA_26_H_JSY,AFA H JSY D,JM8396,BLU,Blue,M,,149875,2,0,0,0,2,56.4,112.8,120.0,240.0,120.0,240.0,0.0,,ADIDAS,0.0,0.0,,,,,,,Tops,False,1.0,True,0.0,,True,True,False,1.0,,,,,0.0,2.0,11/07/25 1:33:37 PM,
1.0,ADIDAS,Licensed,Apparel,Jerseys,AFA_26_H_JSY,AFA H JSY D,JM8396,BLU,Blue,L,,149876,1,0,0,0,1,56.4,56.4,120.0,120.0,120.0,120.0,0.0,,ADIDAS,0.0,0.0,,,,,,,Tops,False,1.0,True,0.0,,True,True,False,1.0,,,,,1.0,2.0,11/07/25 1:33:38 PM,
1.0,ADIDAS,Licensed,Apparel,Jerseys,AFA_26_H_JSY,AFA H JSY D,JM8396,BLU,Blue,XL,,149877,1,0,0,0,1,56.4,56.4,120.0,120.0,120.0,120.0,0.0,,ADIDAS,0.0,0.0,,,,,,,Tops,False,1.0,True,0.0,,True,True,False,1.0,,,,,0.0,1.0,11/07/25 1:33:38 PM,
1.0,ADIDAS,Licensed,Apparel,Jerseys,AFA_26_H_JSY,AFA H JSY D,JM8396,BLU,Blue,XXL,,149878,1,0,0,0,1,56.4,56.4,120.0,120.0,120.0,120.0,0.0,,ADIDAS,0.0,0.0,,,,,,,Tops,False,1.0,True,0.0,,True,True,False,1.0,,,,,0.0,1.0,11/07/25 1:33:38 PM,
1.0,ADIDAS,Licensed,Apparel,Jerseys,AFA_26_H_JSY,AFA H JSY D,JM8396,BLU,Blue,XXXL,,149879,0,0,0,0,0,56.4,0.0,120.0,0.0,120.0,0.0,0.0,,ADIDAS,0.0,0.0,,,,,,,Tops,False,1.0,True,0.0,,True,True,False,1.0,,,,,0.0,0.0,,
1.0,ADIDAS,Licensed,Apparel,Jerseys,FCF_26_H_JSY,Colombia H JSY D,JL6972,YEL,Yellow,XXS,,149880,0,0,0,0,0,56.4,0.0,120.0,0.0,120.0,0.0,0.0,,ADIDAS,0.0,0.0,,,,,,,Tops,False,1.0,True,0.0,,True,True,False,1.0,,,,,0.0,0.0,,
1.0,ADIDAS,Licensed,Apparel,Jerseys,FCF_26_H_JSY,Colombia H JSY D,JL6972,YEL,Yellow,XS,,149881,0,0,0,0,0,56.4,0.0,120.0,0.0,120.0,0.0,0.0,,ADIDAS,0.0,0.0,,,,,,,Tops,False,1.0,True,0.0,,True,True,False,1.0,,,,,0.0,0.0,,
1.0,ADIDAS,Licensed,Apparel,Jerseys,FCF_26_H_JSY,Colombia H JSY D,JL6972,YEL,Yellow,S,,149882,2,0,0,0,2,56.4,112.8,120.0,240.0,120.0,240.0,0.0,,ADIDAS,0.0,0.0,,,,,,,Tops,False,1.0,True,0.0,,True,True,False,1.0,,,,,1.0,3.0,11/07/25 1:36:04 PM,
1.0,ADIDAS,Licensed,Apparel,Jerseys,FCF_26_H_JSY,Colombia H JSY D,JL6972,YEL,Yellow,M,,149883,3,0,0,0,3,56.4,169.2,120.0,360.0,120.0,360.0,0.0,,ADIDAS,0.0,0.0,,,,,,,Tops,False,1.0,True,0.0,,True,True,False,1.0,,,,,0.0,3.0,11/07/25 1:36:04 PM,
1.0,ADIDAS,Licensed,Apparel,Jerseys,FCF_26_H_JSY,Colombia H JSY D,JL6972,YEL,Yellow,L,,149884,2,0,0,0,2,56.4,112.8,120.0,240.0,120.0,240.0,0.0,,ADIDAS,0.0,0.0,,,,,,,Tops,False,1.0,True,0.0,,True,True,False,1.0,,,,,1.0,3.0,11/07/25 1:36:04 PM,
1.0,ADIDAS,Licensed,Apparel,Jerseys,FCF_26_H_JSY,Colombia H JSY D,JL6972,YEL,Yellow,XL,,149885,1,0,0,0,1,56.4,56.4,120.0,120.0,120.0,120.0,0.0,,ADIDAS,0.0,0.0,,,,,,,Tops,False,1.0,True,0.0,,True,True,False,1.0,,,,,0.0,1.0,11/07/25 1:36:04 PM,
1.0,ADIDAS,Licensed,Apparel,Jerseys,FCF_26_H_JSY,Colombia H JSY D,JL6972,YEL,Yellow,XXL,,149886,1,0,0,0,1,56.4,56.4,120.0,120.0,120.0,120.0,0.0,,ADIDAS,0.0,0.0,,,,,,,Tops,False,1.0,True,0.0,,True,True,False,1.0,,,,,0.0,1.0,1/13/26 11:21:20 AM,
1.0,ADIDAS,Licensed,Apparel,Jerseys,FCF_26_H_JSY,Colombia H JSY D,JL6972,YEL,Yellow,XXXL,,149887,0,0,0,0,0,56.4,0.0,120.0,0.0,120.0,0.0,0.0,,ADIDAS,0.0,0.0,,,,,,,Tops,False,1.0,True,0.0,,True,True,False,1.0,,,,,0.0,0.0,,
1.0,ADIDAS,Licensed,Apparel,Jerseys,AFA_26_H_JSY_AU,Argentina Home Jersey Authentic,JM5897,BLU,Blue,XXS,,149888,0,0,0,0,0,89.3,0.0,190.0,0.0,190.0,0.0,0.0,,ADIDAS,0.0,0.0,,,,,,,Tops,False,1.0,True,0.0,,True,True,False,1.0,,,,,0.0,0.0,,
1.0,ADIDAS,Licensed,Apparel,Jerseys,AFA_26_H_JSY_AU,Argentina Home Jersey Authentic,JM5897,BLU,Blue,XS,,149889,0,0,0,0,0,89.3,0.0,190.0,0.0,190.0,0.0,0.0,,ADIDAS,0.0,0.0,,,,,,,Tops,False,1.0,True,0.0,,True,True,False,1.0,,,,,0.0,0.0,,
1.0,ADIDAS,Licensed,Apparel,Jerseys,AFA_26_H_JSY_AU,Argentina Home Jersey Authentic,JM5897,BLU,Blue,S,,149890,1,0,0,0,1,89.3,89.3,190.0,190.0,190.0,190.0,0.0,,ADIDAS,0.0,0.0,,,,,,,Tops,False,1.0,True,0.0,,True,True,False,1.0,,,,,0.0,1.0,11/07/25 1:37:55 PM,
1.0,ADIDAS,Licensed,Apparel,Jerseys,AFA_26_H_JSY_AU,Argentina Home Jersey Authentic,JM5897,BLU,Blue,M,,149891,2,0,0,0,2,89.3,178.6,190.0,380.0,190.0,380.0,0.0,,ADIDAS,0.0,0.0,,,,,,,Tops,False,1.0,True,0.0,,True,True,False,1.0,,,,,0.0,2.0,11/07/25 1:37:55 PM,
1.0,ADIDAS,Licensed,Apparel,Jerseys,AFA_26_H_JSY_AU,Argentina Home Jersey Authentic,JM5897,BLU,Blue,L,,149892,2,0,0,0,2,89.3,178.6,190.0,380.0,190.0,380.0,0.0,,ADIDAS,0.0,0.0,,,,,,,Tops,False,1.0,True,0.0,,True,True,False,1.0,,,,,0.0,2.0,11/07/25 1:37:55 PM,
1.0,ADIDAS,Licensed,Apparel,Jerseys,AFA_26_H_JSY_AU,Argentina Home Jersey Authentic,JM5897,BLU,Blue,XL,,149893,0,0,0,0,0,89.3,0.0,190.0,0.0,190.0,0.0,0.0,,ADIDAS,0.0,0.0,,,,,,,Tops,False,1.0,True,0.0,,True,True,False,1.0,,,,,0.0,0.0,,
1.0,ADIDAS,Licensed,Apparel,Jerseys,AFA_26_H_JSY_AU,Argentina Home Jersey Authentic,JM5897,BLU,Blue,XXL,,149894,0,0,0,0,0,89.3,0.0,190.0,0.0,190.0,0.0,0.0,,ADIDAS,0.0,0.0,,,,,,,Tops,False,1.0,True,0.0,,True,True,False,1.0,,,,,0.0,0.0,,
1.0,ADIDAS,Licensed,Apparel,Jerseys,AFA_26_H_JSY_AU,Argentina Home Jersey Authentic,JM5897,BLU,Blue,XXXL,,149895,0,0,0,0,0,89.3,0.0,190.0,0.0,190.0,0.0,0.0,,ADIDAS,0.0,0.0,,,,,,,Tops,False,1.0,True,0.0,,True,True,False,1.0,,,,,0.0,0.0,,
1.0,ADIDAS,Licensed,Apparel,Jerseys,FCF_26_H_JSY_AU,Colombia Home Jersey Authentic,JL6971,YEL,Yellow,XXS,,149896,0,0,0,0,0,89.3,0.0,190.0,0.0,190.0,0.0,0.0,,ADIDAS,0.0,0.0,,,,,,,Tops,False,1.0,True,0.0,,True,True,False,1.0,,,,,0.0,0.0,,
1.0,ADIDAS,Licensed,Apparel,Jerseys,FCF_26_H_JSY_AU,Colombia Home Jersey Authentic,JL6971,YEL,Yellow,XS,,149897,0,0,0,0,0,89.3,0.0,190.0,0.0,190.0,0.0,0.0,,ADIDAS,0.0,0.0,,,,,,,Tops,False,1.0,True,0.0,,True,True,False,1.0,,,,,0.0,0.0,,
1.0,ADIDAS,Licensed,Apparel,Jerseys,FCF_26_H_JSY_AU,Colombia Home Jersey Authentic,JL6971,YEL,Yellow,S,,149898,0,0,0,0,0,89.3,0.0,190.0,0.0,190.0,0.0,0.0,,ADIDAS,0.0,0.0,,,,,,,Tops,False,1.0,True,0.0,,True,True,False,1.0,,,,,0.0,0.0,,
1.0,ADIDAS,Licensed,Apparel,Jerseys,FCF_26_H_JSY_AU,Colombia Home Jersey Authentic,JL6971,YEL,Yellow,M,,149899,1,0,0,0,1,89.3,89.3,190.0,190.0,190.0,190.0,0.0,,ADIDAS,0.0,0.0,,,,,,,Tops,False,1.0,True,0.0,,True,True,False,1.0,,,,,0.0,1.0,11/07/25 1:39:17 PM,
1.0,ADIDAS,Licensed,Apparel,Jerseys,FCF_26_H_JSY_AU,Colombia Home Jersey Authentic,JL6971,YEL,Yellow,L,,149900,0,0,0,0,0,89.3,0.0,190.0,0.0,190.0,0.0,0.0,,ADIDAS,0.0,0.0,,,,,,,Tops,False,1.0,True,0.0,,True,True,False,1.0,,,,,1.0,1.0,11/07/25 1:39:17 PM,
1.0,ADIDAS,Licensed,Apparel,Jerseys,FCF_26_H_JSY_AU,Colombia Home Jersey Authentic,JL6971,YEL,Yellow,XL,,149901,0,0,0,0,0,89.3,0.0,190.0,0.0,190.0,0.0,0.0,,ADIDAS,0.0,0.0,,,,,,,Tops,False,1.0,True,0.0,,True,True,False,1.0,,,,,0.0,0.0,,
1.0,ADIDAS,Licensed,Apparel,Jerseys,FCF_26_H_JSY_AU,Colombia Home Jersey Authentic,JL6971,YEL,Yellow,XXL,,149902,0,0,0,0,0,89.3,0.0,190.0,0.0,190.0,0.0,0.0,,ADIDAS,0.0,0.0,,,,,,,Tops,False,1.0,True,0.0,,True,True,False,1.0,,,,,0.0,0.0,,
1.0,ADIDAS,Licensed,Apparel,Jerseys,FCF_26_H_JSY_AU,Colombia Home Jersey Authentic,JL6971,YEL,Yellow,XXXL,,149903,0,0,0,0,0,89.3,0.0,190.0,0.0,190.0,0.0,0.0,,ADIDAS,0.0,0.0,,,,,,,Tops,False,1.0,True,0.0,,True,True,False,1.0,,,,,0.0,0.0,,
1.0,ADIDAS,Licensed,Apparel,Jerseys,FIGC_26_H_JSY,Italy H JSY,JL6937,BLU,Blue,XXS,,149912,0,0,0,0,0,56.4,0.0,120.0,0.0,120.0,0.0,0.0,,ADIDAS,0.0,0.0,,,,,,,Tops,False,1.0,True,0.0,,True,True,False,1.0,,,,,0.0,0.0,,
1.0,ADIDAS,Licensed,Apparel,Jerseys,FIGC_26_H_JSY,Italy H JSY,JL6937,BLU,Blue,XS,,149913,0,0,0,0,0,56.4,0.0,120.0,0.0,120.0,0.0,0.0,,ADIDAS,0.0,0.0,,,,,,,Tops,False,1.0,True,0.0,,True,True,False,1.0,,,,,0.0,0.0,,
1.0,ADIDAS,Licensed,Apparel,Jerseys,FIGC_26_H_JSY,Italy H JSY,JL6937,BLU,Blue,S,,149914,11,0,0,0,11,56.4,620.4,120.0,1320.0,120.0,1320.0,0.0,,ADIDAS,0.0,0.0,,,,,,,Tops,False,1.0,True,0.0,,True,True,False,1.0,,,,,0.0,8.0,1/13/26 11:26:57 AM,
1.0,ADIDAS,Licensed,Apparel,Jerseys,FIGC_26_H_JSY,Italy H JSY,JL6937,BLU,Blue,M,,149915,10,0,0,0,10,56.4,564.0,120.0,1200.0,120.0,1200.0,0.0,,ADIDAS,0.0,0.0,,,,,,,Tops,False,1.0,True,0.0,,True,True,False,1.0,,,,,1.0,8.0,1/13/26 11:26:57 AM,
1.0,ADIDAS,Licensed,Apparel,Jerseys,FIGC_26_H_JSY,Italy H JSY,JL6937,BLU,Blue,L,,149916,11,0,0,0,11,56.4,620.4,120.0,1320.0,120.0,1320.0,0.0,,ADIDAS,0.0,0.0,,,,,,,Tops,False,1.0,True,0.0,,True,True,False,1.0,,,,,0.0,8.0,1/13/26 11:26:57 AM,
1.0,ADIDAS,Licensed,Apparel,Jerseys,FIGC_26_H_JSY,Italy H JSY,JL6937,BLU,Blue,XL,,149917,8,0,0,0,8,56.4,451.2,120.0,960.0,120.0,960.0,0.0,,ADIDAS,0.0,0.0,,,,,,,Tops,False,1.0,True,0.0,,True,True,False,1.0,,,,,2.0,8.0,1/13/26 11:26:57 AM,
1.0,ADIDAS,Licensed,Apparel,Jerseys,FIGC_26_H_JSY,Italy H JSY,JL6937,BLU,Blue,XXL,,149918,8,0,0,0,8,56.4,451.2,120.0,960.0,120.0,960.0,0.0,,ADIDAS,0.0,0.0,,,,,,,Tops,False,1.0,True,0.0,,True,True,False,1.0,,,,,0.0,8.0,1/13/26 11:26:58 AM,
1.0,ADIDAS,Licensed,Apparel,Jerseys,FIGC_26_H_JSY,Italy H JSY,JL6937,BLU,Blue,XXXL,,149919,5,0,0,0,5,56.4,282.0,120.0,600.0,120.0,600.0,0.0,,ADIDAS,0.0,0.0,,,,,,,Tops,False,1.0,True,0.0,,True,True,False,1.0,,,,,0.0,5.0,1/13/26 11:26:58 AM,
1.0,NIKE,Licensed,Apparel,Jerseys,CBF_26_AU_GK_JSY,Canada Authentic GK Jersey,IO0795,BLK,Black,XL,,150030,0,0,0,0,0,56.4,0.0,120.0,0.0,120.0,0.0,0.0,,NIKE,0.0,0.0,,,,,,,Tops,False,1.0,True,0.0,,True,True,False,1.0,,,,,0.0,0.0,,
1.0,NIKE,Licensed,Apparel,Jerseys,CBF_26_AU_GK_JSY,Canada Authentic GK Jersey,IO0795,BLK,Black,XXL,,150031,0,0,0,0,0,56.4,0.0,120.0,0.0,120.0,0.0,0.0,,NIKE,0.0,0.0,,,,,,,Tops,False,1.0,True,0.0,,True,True,False,1.0,,,,,0.0,0.0,,
1.0,NIKE,Licensed,Apparel,Jerseys,CBF_26_AU_GK_JSY,Canada Authentic GK Jersey,IO0795,BLK,Black,XXXL,,150032,0,0,0,0,0,56.4,0.0,120.0,0.0,120.0,0.0,0.0,,NIKE,0.0,0.0,,,,,,,Tops,False,1.0,True,0.0,,True,True,False,1.0,,,,,0.0,0.0,,
1.0,NIKE,Licensed,Apparel,Jerseys,ENG_26_AU_GK_JSY,England Authentic GK Jersey,IO0792,BLK,Black,XXS,,150033,0,0,0,0,0,56.4,0.0,120.0,0.0,120.0,0.0,0.0,,NIKE,0.0,0.0,,,,,,,Tops,False,1.0,True,0.0,,True,True,False,1.0,,,,,0.0,0.0,,
1.0,NIKE,Licensed,Apparel,Jerseys,ENG_26_AU_GK_JSY,England Authentic GK Jersey,IO0792,BLK,Black,XS,,150034,0,0,0,0,0,56.4,0.0,120.0,0.0,120.0,0.0,0.0,,NIKE,0.0,0.0,,,,,,,Tops,False,1.0,True,0.0,,True,True,False,1.0,,,,,0.0,0.0,,
1.0,NIKE,Licensed,Apparel,Jerseys,ENG_26_AU_GK_JSY,England Authentic GK Jersey,IO0792,BLK,Black,S,,150035,0,0,0,0,0,56.4,0.0,120.0,0.0,120.0,0.0,0.0,,NIKE,0.0,0.0,,,,,,,Tops,False,1.0,True,0.0,,True,True,False,1.0,,,,,1.0,1.0,11/20/25 2:04:14 PM,
1.0,NIKE,Licensed,Apparel,Jerseys,ENG_26_AU_GK_JSY,England Authentic GK Jersey,IO0792,BLK,Black,M,,150036,2,0,0,0,2,56.4,112.8,120.0,240.0,120.0,240.0,0.0,,NIKE,0.0,0.0,,,,,,,Tops,False,1.0,True,0.0,,True,True,False,1.0,,,,,0.0,2.0,11/20/25 2:04:14 PM,
1.0,NIKE,Licensed,Apparel,Jerseys,ENG_26_AU_GK_JSY,England Authentic GK Jersey,IO0792,BLK,Black,L,,150037,2,0,0,0,2,56.4,112.8,120.0,240.0,120.0,240.0,0.0,,NIKE,0.0,0.0,,,,,,,Tops,False,1.0,True,0.0,,True,True,False,1.0,,,,,0.0,1.0,11/20/25 2:04:44 PM,
1.0,NIKE,Licensed,Apparel,Jerseys,ENG_26_AU_GK_JSY,England Authentic GK Jersey,IO0792,BLK,Black,XL,,150038,0,0,0,0,0,56.4,0.0,120.0,0.0,120.0,0.0,0.0,,NIKE,0.0,0.0,,,,,,,Tops,False,1.0,True,0.0,,True,True,False,1.0,,,,,0.0,0.0,,
1.0,NIKE,Licensed,Apparel,Jerseys,ENG_26_AU_GK_JSY,England Authentic GK Jersey,IO0792,BLK,Black,XXL,,150039,0,0,0,0,0,56.4,0.0,120.0,0.0,120.0,0.0,0.0,,NIKE,0.0,0.0,,,,,,,Tops,False,1.0,True,0.0,,True,True,False,1.0,,,,,0.0,0.0,,
1.0,NIKE,Licensed,Apparel,Jerseys,ENG_26_AU_GK_JSY,England Authentic GK Jersey,IO0792,BLK,Black,XXXL,,150040,0,0,0,0,0,56.4,0.0,120.0,0.0,120.0,0.0,0.0,,NIKE,0.0,0.0,,,,,,,Tops,False,1.0,True,0.0,,True,True,False,1.0,,,,,0.0,0.0,,
1.0,NIKE,Licensed,Apparel,Jerseys,CANADA_26_GK_JSY_Y,Canada GK Jersey Y,IO2677,BLK,Black,Y2XS,,150041,0,0,0,0,0,42.3,0.0,90.0,0.0,90.0,0.0,0.0,,NIKE,0.0,0.0,,,,,,,Tops_Youth,False,1.0,True,0.0,,True,True,False,1.0,,,,,0.0,0.0,,
1.0,NIKE,Licensed,Apparel,Jerseys,CANADA_26_GK_JSY_Y,Canada GK Jersey Y,IO2677,BLK,Black,YXS,,150042,0,0,0,0,0,42.3,0.0,90.0,0.0,90.0,0.0,0.0,,NIKE,0.0,0.0,,,,,,,Tops_Youth,False,1.0,True,0.0,,True,True,False,1.0,,,,,0.0,0.0,,
1.0,NIKE,Licensed,Apparel,Jerseys,CANADA_26_GK_JSY_Y,Canada GK Jersey Y,IO2677,BLK,Black,YS,,150043,1,0,0,0,1,42.3,42.3,90.0,90.0,90.0,90.0,0.0,,NIKE,0.0,0.0,,,,,,,Tops_Youth,False,1.0,True,0.0,,True,True,False,1.0,,,,,0.0,1.0,11/20/25 2:14:03 PM,
1.0,NIKE,Licensed,Apparel,Jerseys,CANADA_26_GK_JSY_Y,Canada GK Jersey Y,IO2677,BLK,Black,YM,,150044,1,0,0,0,1,42.3,42.3,90.0,90.0,90.0,90.0,0.0,,NIKE,0.0,0.0,,,,,,,Tops_Youth,False,1.0,True,0.0,,True,True,False,1.0,,,,,0.0,1.0,11/20/25 2:14:03 PM,
1.0,NIKE,Licensed,Apparel,Jerseys,CANADA_26_GK_JSY_Y,Canada GK Jersey Y,IO2677,BLK,Black,YL,,150045,0,0,0,0,0,42.3,0.0,90.0,0.0,90.0,0.0,0.0,,NIKE,0.0,0.0,,,,,,,Tops_Youth,False,1.0,True,0.0,,True,True,False,1.0,,,,,1.0,1.0,11/20/25 2:14:03 PM,
1.0,NIKE,Licensed,Apparel,Jerseys,CANADA_26_GK_JSY_Y,Canada GK Jersey Y,IO2677,BLK,Black,YXL,,150046,1,0,0,0,1,42.3,42.3,90.0,90.0,90.0,90.0,0.0,,NIKE,0.0,0.0,,,,,,,Tops_Youth,False,1.0,True,0.0,,True,True,False,1.0,,,,,0.0,1.0,11/20/25 2:14:03 PM,
1.0,PUMA,Licensed,Apparel,KITS,FPF_26_H_BABYKIT,Portugal Baby Kit,783283,RED,Red,0-3,,150149,0,0,0,0,0,49.35,0.0,105.0,0.0,105.0,0.0,0.0,,WEST COAST,0.0,0.0,,,,,,,Baby,False,1.0,True,0.0,,True,True,False,1.0,,,,,0.0,0.0,,
1.0,PUMA,Licensed,Apparel,KITS,FPF_26_H_BABYKIT,Portugal Baby Kit,783283,RED,Red,3-6,,150150,0,0,0,0,0,49.35,0.0,105.0,0.0,105.0,0.0,0.0,,WEST COAST,0.0,0.0,,,,,,,Baby,False,1.0,True,0.0,,True,True,False,1.0,,,,,0.0,0.0,,
1.0,PUMA,Licensed,Apparel,KITS,FPF_26_H_BABYKIT,Portugal Baby Kit,783283,RED,Red,6-9,,150151,0,0,0,0,0,49.35,0.0,105.0,0.0,105.0,0.0,0.0,,WEST COAST,0.0,0.0,,,,,,,Baby,False,1.0,True,0.0,,True,True,False,1.0,,,,,0.0,0.0,,
1.0,PUMA,Licensed,Apparel,KITS,FPF_26_H_BABYKIT,Portugal Baby Kit,783283,RED,Red,12M,,150152,0,0,0,0,0,49.35,0.0,105.0,0.0,105.0,0.0,0.0,,WEST COAST,0.0,0.0,,,,,,,Baby,False,1.0,True,0.0,,True,True,False,1.0,,,,,0.0,0.0,,
1.0,PUMA,Licensed,Apparel,KITS,FPF_26_H_BABYKIT,Portugal Baby Kit,783283,RED,Red,18M,,150153,0,0,0,0,0,49.35,0.0,105.0,0.0,105.0,0.0,0.0,,WEST COAST,0.0,0.0,,,,,,,Baby,False,1.0,True,0.0,,True,True,False,1.0,,,,,0.0,0.0,,
1.0,PUMA,Licensed,Apparel,KITS,FPF_26_H_BABYKIT,Portugal Baby Kit,783283,RED,Red,2T,,150154,1,0,0,0,1,49.35,49.35,105.0,105.0,105.0,105.0,0.0,,WEST COAST,0.0,0.0,,,,,,,Baby,False,1.0,True,0.0,,True,True,False,1.0,,,,,0.0,1.0,12/13/25 10:58:59 AM,
1.0,PUMA,Licensed,Apparel,KITS,FPF_26_H_BABYKIT,Portugal Baby Kit,783283,RED,Red,3T,,150155,0,0,0,0,0,49.35,0.0,105.0,0.0,105.0,0.0,0.0,,WEST COAST,0.0,0.0,,,,,,,Baby,False,1.0,True,0.0,,True,True,False,1.0,,,,,1.0,1.0,12/13/25 10:05:44 AM,
1.0,PUMA,Licensed,Apparel,KITS,FPF_26_H_BABYKIT,Portugal Baby Kit,783283,RED,Red,4T,,150156,1,0,0,0,1,49.35,49.35,105.0,105.0,105.0,105.0,0.0,,WEST COAST,0.0,0.0,,,,,,,Baby,False,1.0,True,0.0,,True,True,False,1.0,,,,,0.0,1.0,12/13/25 10:05:45 AM,
1.0,PUMA,Licensed,Apparel,KITS,FPF_26_H_BABYKIT,Portugal Baby Kit,783283,RED,Red,5T,,150157,1,0,0,0,1,49.35,49.35,105.0,105.0,105.0,105.0,0.0,,WEST COAST,0.0,0.0,,,,,,,Baby,False,1.0,True,0.0,,True,True,False,1.0,,,,,0.0,1.0,12/13/25 10:05:45 AM,
1.0,PUMA,Licensed,Apparel,KITS,FPF_26_H_BABYKIT,Portugal Baby Kit,783283,RED,Red,6T,,150158,1,0,0,0,1,49.35,49.35,105.0,105.0,105.0,105.0,0.0,,WEST COAST,0.0,0.0,,,,,,,Baby,False,1.0,True,0.0,,True,True,False,1.0,,,,,0.0,1.0,12/13/25 10:05:45 AM,
1.0,PUMA,Licensed,Apparel,Jerseys,FPF_26_H_JSY_W,Portugal Home Jersey,783280,RED,Red,XXS,,150167,0,0,0,0,0,61.6,0.0,130.0,0.0,130.0,0.0,0.0,,WEST COAST,0.0,0.0,,,,,,,Tops,False,1.0,True,0.0,,True,True,False,1.0,,,,,0.0,0.0,,
1.0,PUMA,Licensed,Apparel,Jerseys,FPF_26_H_JSY_W,Portugal Home Jersey,783280,RED,Red,XS,,150168,2,0,0,0,2,61.6,123.2,130.0,260.0,130.0,260.0,0.0,,WEST COAST,0.0,0.0,,,,,,,Tops,False,1.0,True,0.0,,True,True,False,1.0,,,,,0.0,2.0,1/29/26 1:48:46 PM,
1.0,PUMA,Licensed,Apparel,Jerseys,FPF_26_H_JSY_W,Portugal Home Jersey,783280,RED,Red,S,,150169,3,0,0,0,3,61.6,184.8,130.0,390.0,130.0,390.0,0.0,,WEST COAST,0.0,0.0,,,,,,,Tops,False,1.0,True,0.0,,True,True,False,1.0,,,,,0.0,2.0,1/29/26 1:48:46 PM,
1.0,PUMA,Licensed,Apparel,Jerseys,FPF_26_H_JSY_W,Portugal Home Jersey,783280,RED,Red,M,,150170,2,0,0,0,2,61.6,123.2,130.0,260.0,130.0,260.0,0.0,,WEST COAST,0.0,0.0,,,,,,,Tops,False,1.0,True,0.0,,True,True,False,1.0,,,,,0.0,2.0,12/13/25 10:17:17 AM,
1.0,PUMA,Licensed,Apparel,Jerseys,FPF_26_H_JSY_W,Portugal Home Jersey,783280,RED,Red,L,,150171,1,0,0,0,1,61.6,61.6,130.0,130.0,130.0,130.0,0.0,,WEST COAST,0.0,0.0,,,,,,,Tops,False,1.0,True,0.0,,True,True,False,1.0,,,,,0.0,1.0,12/13/25 10:17:17 AM,
1.0,PUMA,Licensed,Apparel,Jerseys,FPF_26_H_JSY_W,Portugal Home Jersey,783280,RED,Red,XL,,150172,0,0,0,0,0,61.6,0.0,130.0,0.0,130.0,0.0,0.0,,WEST COAST,0.0,0.0,,,,,,,Tops,False,1.0,True,0.0,,True,True,False,1.0,,,,,0.0,0.0,,
1.0,PUMA,Licensed,Apparel,Jerseys,FPF_26_H_JSY_W,Portugal Home Jersey,783280,RED,Red,XXL,,150173,0,0,0,0,0,61.6,0.0,130.0,0.0,130.0,0.0,0.0,,WEST COAST,0.0,0.0,,,,,,,Tops,False,1.0,True,0.0,,True,True,False,1.0,,,,,0.0,0.0,,
1.0,PUMA,Licensed,Apparel,Jerseys,FPF_26_H_JSY_W,Portugal Home Jersey,783280,RED,Red,XXXL,,150174,0,0,0,0,0,61.6,0.0,130.0,0.0,130.0,0.0,0.0,,WEST COAST,0.0,0.0,,,,,,,Tops,False,1.0,True,0.0,,True,True,False,1.0,,,,,0.0,0.0,,
1.0,MIMI,Licensed,ACCESSORIES,Bag,SHOEBAG_RM_25,Real Madrid Shoebag,RM10155,BLK,Black,OS,,150147,1,0,0,0,1,16.0,16.0,30.0,30.0,30.0,30.0,0.0,,DANILO,0.0,0.0,,,,,,,OS,False,1.0,True,0.0,,True,True,False,1.0,,,,,1.0,2.0,12/13/25 9:55:55 AM,
1.0,MIMI,Licensed,ACCESSORIES,Bag,SHOEBAG_FCB_25,Real Madrid Shoebag,BC09817,Nvy,Navy,OS,,150148,2,0,0,0,2,16.0,32.0,30.0,60.0,30.0,60.0,0.0,,DANILO,0.0,0.0,,,,,,,OS,False,1.0,True,0.0,,True,True,False,1.0,,,,,0.0,2.0,12/13/25 9:56:47 AM,
1.0,PUMA,Licensed,Apparel,Jerseys,FPF_26_H_JSY_Y,Portugal Home Jersey Y,783281,RED,Red,XXS,,150159,0,0,0,0,0,47.0,0.0,100.0,0.0,100.0,0.0,0.0,,PUMA,0.0,0.0,,,,,,,Tops,False,1.0,True,0.0,,True,True,False,1.0,,,,,0.0,0.0,,
1.0,PUMA,Licensed,Apparel,Jerseys,FPF_26_H_JSY_Y,Portugal Home Jersey Y,783281,RED,Red,XS,,150160,0,0,0,0,0,47.0,0.0,100.0,0.0,100.0,0.0,0.0,,PUMA,0.0,0.0,,,,,,,Tops,False,1.0,True,0.0,,True,True,False,1.0,,,,,0.0,0.0,,
1.0,PUMA,Licensed,Apparel,Jerseys,FPF_26_H_JSY_Y,Portugal Home Jersey Y,783281,RED,Red,S,,150161,1,0,0,0,1,47.0,47.0,100.0,100.0,100.0,100.0,0.0,,PUMA,0.0,0.0,,,,,,,Tops,False,1.0,True,0.0,,True,True,False,1.0,,,,,1.0,2.0,12/13/25 10:12:44 AM,
1.0,PUMA,Licensed,Apparel,Jerseys,FPF_26_H_JSY_Y,Portugal Home Jersey Y,783281,RED,Red,M,,150162,2,0,0,0,2,47.0,94.0,100.0,200.0,100.0,200.0,0.0,,PUMA,0.0,0.0,,,,,,,Tops,False,1.0,True,0.0,,True,True,False,1.0,,,,,1.0,3.0,12/13/25 10:12:45 AM,
1.0,PUMA,Licensed,Apparel,Jerseys,FPF_26_H_JSY_Y,Portugal Home Jersey Y,783281,RED,Red,L,,150163,0,0,0,0,0,47.0,0.0,100.0,0.0,100.0,0.0,0.0,,PUMA,0.0,0.0,,,,,,,Tops,False,1.0,True,0.0,,True,True,False,1.0,,,,,3.0,3.0,12/13/25 10:12:45 AM,
1.0,PUMA,Licensed,Apparel,Jerseys,FPF_26_H_JSY_Y,Portugal Home Jersey Y,783281,RED,Red,XL,,150164,3,0,0,0,3,47.0,141.0,100.0,300.0,100.0,300.0,0.0,,PUMA,0.0,0.0,,,,,,,Tops,False,1.0,True,0.0,,True,True,False,1.0,,,,,0.0,3.0,12/13/25 10:12:45 AM,
1.0,PUMA,Licensed,Apparel,Jerseys,FPF_26_H_JSY_Y,Portugal Home Jersey Y,783281,RED,Red,XXL,,150165,0,0,0,0,0,47.0,0.0,100.0,0.0,100.0,0.0,0.0,,PUMA,0.0,0.0,,,,,,,Tops,False,1.0,True,0.0,,True,True,False,1.0,,,,,0.0,0.0,,
1.0,PUMA,Licensed,Apparel,Jerseys,FPF_26_H_JSY_Y,Portugal Home Jersey Y,783281,RED,Red,XXXL,,150166,0,0,0,0,0,47.0,0.0,100.0,0.0,100.0,0.0,0.0,,PUMA,0.0,0.0,,,,,,,Tops,False,1.0,True,0.0,,True,True,False,1.0,,,,,0.0,0.0,,
1.0,PUMA,Licensed,Apparel,Jerseys,FPF_26_H_JSY,Portugal Home Jersey,783278,RED,Red,XXS,,150175,0,0,0,0,0,61.6,0.0,130.0,0.0,130.0,0.0,0.0,,WEST COAST,0.0,0.0,,,,,,,Tops,False,1.0,True,0.0,,True,True,False,1.0,,,,,0.0,0.0,,
1.0,PUMA,Licensed,Apparel,Jerseys,FPF_26_H_JSY,Portugal Home Jersey,783278,RED,Red,XS,,150176,0,0,0,0,0,61.6,0.0,130.0,0.0,130.0,0.0,0.0,,WEST COAST,0.0,0.0,,,,,,,Tops,False,1.0,True,0.0,,True,True,False,1.0,,,,,0.0,0.0,,
1.0,PUMA,Licensed,Apparel,Jerseys,FPF_26_H_JSY,Portugal Home Jersey,783278,RED,Red,S,,150177,5,0,0,0,5,61.6,308.0,130.0,650.0,130.0,650.0,0.0,,WEST COAST,0.0,0.0,,,,,,,Tops,False,1.0,True,0.0,,True,True,False,1.0,,,,,0.0,5.0,12/13/25 11:03:45 AM,
1.0,PUMA,Licensed,Apparel,Jerseys,FPF_26_H_JSY,Portugal Home Jersey,783278,RED,Red,M,,150178,4,0,0,0,4,61.6,246.4,130.0,520.0,130.0,520.0,0.0,,WEST COAST,0.0,0.0,,,,,,,Tops,False,1.0,True,0.0,,True,True,False,1.0,,,,,1.0,5.0,12/13/25 11:03:45 AM,
1.0,PUMA,Licensed,Apparel,Jerseys,FPF_26_H_JSY,Portugal Home Jersey,783278,RED,Red,L,,150179,5,0,0,0,5,61.6,308.0,130.0,650.0,130.0,650.0,0.0,,WEST COAST,0.0,0.0,,,,,,,Tops,False,1.0,True,0.0,,True,True,False,1.0,,,,,0.0,5.0,12/13/25 11:03:45 AM,
1.0,PUMA,Licensed,Apparel,Jerseys,FPF_26_H_JSY,Portugal Home Jersey,783278,RED,Red,XL,,150180,2,0,0,0,2,61.6,123.2,130.0,260.0,130.0,260.0,0.0,,WEST COAST,0.0,0.0,,,,,,,Tops,False,1.0,True,0.0,,True,True,False,1.0,,,,,1.0,3.0,12/13/25 11:03:45 AM,
1.0,PUMA,Licensed,Apparel,Jerseys,FPF_26_H_JSY,Portugal Home Jersey,783278,RED,Red,XXL,,150181,2,0,0,0,2,61.6,123.2,130.0,260.0,130.0,260.0,0.0,,WEST COAST,0.0,0.0,,,,,,,Tops,False,1.0,True,0.0,,True,True,False,1.0,,,,,0.0,2.0,12/13/25 11:03:45 AM,
1.0,PUMA,Licensed,Apparel,Jerseys,FPF_26_H_JSY,Portugal Home Jersey,783278,RED,Red,XXXL,,150182,0,0,0,0,0,61.6,0.0,130.0,0.0,130.0,0.0,0.0,,WEST COAST,0.0,0.0,,,,,,,Tops,False,1.0,True,0.0,,True,True,False,1.0,,,,,0.0,0.0,,
1.0,ADIDAS,Licensed,Apparel,Jerseys,PERU_26_H_JSY,Peru Home Jersey,JL8651,WHT,White,XXS,,150183,0,0,0,0,0,56.4,0.0,120.0,0.0,120.0,0.0,0.0,,UMBRO,0.0,0.0,,,,,,,Tops,False,1.0,True,0.0,,True,True,False,1.0,,,,,0.0,0.0,,
1.0,ADIDAS,Licensed,Apparel,Jerseys,PERU_26_H_JSY,Peru Home Jersey,JL8651,WHT,White,XS,,150184,0,0,0,0,0,56.4,0.0,120.0,0.0,120.0,0.0,0.0,,UMBRO,0.0,0.0,,,,,,,Tops,False,1.0,True,0.0,,True,True,False,1.0,,,,,0.0,0.0,,
1.0,ADIDAS,Licensed,Apparel,Jerseys,PERU_26_H_JSY,Peru Home Jersey,JL8651,WHT,White,S,,150185,1,0,0,0,1,56.4,56.4,120.0,120.0,120.0,120.0,0.0,,UMBRO,0.0,0.0,,,,,,,Tops,False,1.0,True,0.0,,True,True,False,1.0,,,,,0.0,1.0,12/19/25 5:18:50 PM,
1.0,ADIDAS,Licensed,Apparel,Jerseys,PERU_26_H_JSY,Peru Home Jersey,JL8651,WHT,White,M,,150186,1,0,0,0,1,56.4,56.4,120.0,120.0,120.0,120.0,0.0,,UMBRO,0.0,0.0,,,,,,,Tops,False,1.0,True,0.0,,True,True,False,1.0,,,,,0.0,1.0,12/19/25 5:18:50 PM,
1.0,ADIDAS,Licensed,Apparel,Jerseys,PERU_26_H_JSY,Peru Home Jersey,JL8651,WHT,White,L,,150187,1,0,0,0,1,56.4,56.4,120.0,120.0,120.0,120.0,0.0,,UMBRO,0.0,0.0,,,,,,,Tops,False,1.0,True,0.0,,True,True,False,1.0,,,,,0.0,1.0,12/19/25 5:18:50 PM,
1.0,ADIDAS,Licensed,Apparel,Jerseys,PERU_26_H_JSY,Peru Home Jersey,JL8651,WHT,White,XL,,150188,0,0,0,0,0,56.4,0.0,120.0,0.0,120.0,0.0,0.0,,UMBRO,0.0,0.0,,,,,,,Tops,False,1.0,True,0.0,,True,True,False,1.0,,,,,0.0,0.0,,
1.0,ADIDAS,Licensed,Apparel,Jerseys,PERU_26_H_JSY,Peru Home Jersey,JL8651,WHT,White,XXL,,150189,0,0,0,0,0,56.4,0.0,120.0,0.0,120.0,0.0,0.0,,UMBRO,0.0,0.0,,,,,,,Tops,False,1.0,True,0.0,,True,True,False,1.0,,,,,0.0,0.0,,
1.0,ADIDAS,Licensed,Apparel,Jerseys,PERU_26_H_JSY,Peru Home Jersey,JL8651,WHT,White,XXXL,,150190,0,0,0,0,0,56.4,0.0,120.0,0.0,120.0,0.0,0.0,,UMBRO,0.0,0.0,,,,,,,Tops,False,1.0,True,0.0,,True,True,False,1.0,,,,,0.0,0.0,,
1.0,ADIDAS,Licensed,Apparel,Top,FIGC_26_TR_TOP,Italy Training Top,JZ9380,WHT,White,XXS,,150191,0,0,0,0,0,47.0,0.0,100.0,0.0,100.0,0.0,0.0,,ADIDAS,0.0,0.0,,,,,,,Tops,False,1.0,True,0.0,,True,True,False,1.0,,,,,0.0,0.0,,
1.0,ADIDAS,Licensed,Apparel,Top,FIGC_26_TR_TOP,Italy Training Top,JZ9380,WHT,White,XS,,150192,0,0,0,0,0,47.0,0.0,100.0,0.0,100.0,0.0,0.0,,ADIDAS,0.0,0.0,,,,,,,Tops,False,1.0,True,0.0,,True,True,False,1.0,,,,,2.0,2.0,12/19/25 5:48:54 PM,
1.0,ADIDAS,Licensed,Apparel,Top,FIGC_26_TR_TOP,Italy Training Top,JZ9380,WHT,White,S,,150193,2,0,0,0,2,47.0,94.0,100.0,200.0,100.0,200.0,0.0,,ADIDAS,0.0,0.0,,,,,,,Tops,False,1.0,True,0.0,,True,True,False,1.0,,,,,0.0,2.0,12/19/25 5:48:54 PM,
1.0,ADIDAS,Licensed,Apparel,Top,FIGC_26_TR_TOP,Italy Training Top,JZ9380,WHT,White,M,,150194,0,0,0,0,0,47.0,0.0,100.0,0.0,100.0,0.0,0.0,,ADIDAS,0.0,0.0,,,,,,,Tops,False,1.0,True,0.0,,True,True,False,1.0,,,,,2.0,2.0,12/19/25 5:48:54 PM,
1.0,ADIDAS,Licensed,Apparel,Top,FIGC_26_TR_TOP,Italy Training Top,JZ9380,WHT,White,L,,150195,1,0,0,0,1,47.0,47.0,100.0,100.0,100.0,100.0,0.0,,ADIDAS,0.0,0.0,,,,,,,Tops,False,1.0,True,0.0,,True,True,False,1.0,,,,,0.0,1.0,12/19/25 5:48:54 PM,
1.0,ADIDAS,Licensed,Apparel,Top,FIGC_26_TR_TOP,Italy Training Top,JZ9380,WHT,White,XL,,150196,0,0,0,0,0,47.0,0.0,100.0,0.0,100.0,0.0,0.0,,ADIDAS,0.0,0.0,,,,,,,Tops,False,1.0,True,0.0,,True,True,False,1.0,,,,,0.0,0.0,,
1.0,ADIDAS,Licensed,Apparel,Top,FIGC_26_TR_TOP,Italy Training Top,JZ9380,WHT,White,XXL,,150197,0,0,0,0,0,47.0,0.0,100.0,0.0,100.0,0.0,0.0,,ADIDAS,0.0,0.0,,,,,,,Tops,False,1.0,True,0.0,,True,True,False,1.0,,,,,0.0,0.0,,
1.0,ADIDAS,Licensed,Apparel,Top,FIGC_26_TR_TOP,Italy Training Top,JZ9380,WHT,White,XXXL,,150198,0,0,0,0,0,47.0,0.0,100.0,0.0,100.0,0.0,0.0,,ADIDAS,0.0,0.0,,,,,,,Tops,False,1.0,True,0.0,,True,True,False,1.0,,,,,0.0,0.0,,
1.0,ADIDAS,Licensed,Apparel,Hoody,FIGC_DNA_26_FL_HD,Italy DNA Fleece Hoody,JY9662,BLU,Blue,XXS,,150199,0,0,0,0,0,39.95,0.0,85.0,0.0,85.0,0.0,0.0,,ADIDAS,0.0,0.0,,,,,,,Tops,False,1.0,True,0.0,,True,True,False,1.0,,,,,0.0,0.0,,
1.0,ADIDAS,Licensed,Apparel,Hoody,FIGC_DNA_26_FL_HD,Italy DNA Fleece Hoody,JY9662,BLU,Blue,XS,,150200,0,0,0,0,0,39.95,0.0,85.0,0.0,85.0,0.0,0.0,,ADIDAS,0.0,0.0,,,,,,,Tops,False,1.0,True,0.0,,True,True,False,1.0,,,,,0.0,0.0,,
1.0,ADIDAS,Licensed,Apparel,Hoody,FIGC_DNA_26_FL_HD,Italy DNA Fleece Hoody,JY9662,BLU,Blue,S,,150201,2,0,0,0,2,39.95,79.9,85.0,170.0,85.0,170.0,0.0,,ADIDAS,0.0,0.0,,,,,,,Tops,False,1.0,True,0.0,,True,True,False,1.0,,,,,0.0,2.0,12/19/25 5:51:59 PM,
1.0,ADIDAS,Licensed,Apparel,Hoody,FIGC_DNA_26_FL_HD,Italy DNA Fleece Hoody,JY9662,BLU,Blue,M,,150202,1,0,0,0,1,39.95,39.95,85.0,85.0,85.0,85.0,0.0,,ADIDAS,0.0,0.0,,,,,,,Tops,False,1.0,True,0.0,,True,True,False,1.0,,,,,0.0,1.0,12/19/25 5:51:59 PM,
1.0,ADIDAS,Licensed,Apparel,Hoody,FIGC_DNA_26_FL_HD,Italy DNA Fleece Hoody,JY9662,BLU,Blue,L,,150203,1,0,0,0,1,39.95,39.95,85.0,85.0,85.0,85.0,0.0,,ADIDAS,0.0,0.0,,,,,,,Tops,False,1.0,True,0.0,,True,True,False,1.0,,,,,0.0,1.0,12/19/25 5:51:59 PM,
1.0,ADIDAS,Licensed,Apparel,Hoody,FIGC_DNA_26_FL_HD,Italy DNA Fleece Hoody,JY9662,BLU,Blue,XL,,150204,0,0,0,0,0,39.95,0.0,85.0,0.0,85.0,0.0,0.0,,ADIDAS,0.0,0.0,,,,,,,Tops,False,1.0,True,0.0,,True,True,False,1.0,,,,,0.0,0.0,,
1.0,ADIDAS,Licensed,Apparel,Hoody,FIGC_DNA_26_FL_HD,Italy DNA Fleece Hoody,JY9662,BLU,Blue,XXL,,150205,0,0,0,0,0,39.95,0.0,85.0,0.0,85.0,0.0,0.0,,ADIDAS,0.0,0.0,,,,,,,Tops,False,1.0,True,0.0,,True,True,False,1.0,,,,,0.0,0.0,,
1.0,ADIDAS,Licensed,Apparel,Hoody,FIGC_DNA_26_FL_HD,Italy DNA Fleece Hoody,JY9662,BLU,Blue,XXXL,,150206,0,0,0,0,0,39.95,0.0,85.0,0.0,85.0,0.0,0.0,,ADIDAS,0.0,0.0,,,,,,,Tops,False,1.0,True,0.0,,True,True,False,1.0,,,,,0.0,0.0,,
1.0,ADIDAS,Licensed,Apparel,Jerseys,FCF_26_TR_JSY,Colombia Training JSY,JZ6226,WHT,White,XXS,,150207,0,0,0,0,0,32.9,0.0,70.0,0.0,70.0,0.0,0.0,,ADIDAS,0.0,0.0,,,,,,,Tops,False,1.0,True,0.0,,True,True,False,1.0,,,,,0.0,0.0,,
1.0,ADIDAS,Licensed,Apparel,Jerseys,FCF_26_TR_JSY,Colombia Training JSY,JZ6226,WHT,White,XS,,150208,0,0,0,0,0,32.9,0.0,70.0,0.0,70.0,0.0,0.0,,ADIDAS,0.0,0.0,,,,,,,Tops,False,1.0,True,0.0,,True,True,False,1.0,,,,,0.0,0.0,,
1.0,ADIDAS,Licensed,Apparel,Jerseys,FCF_26_TR_JSY,Colombia Training JSY,JZ6226,WHT,White,S,,150209,1,0,0,0,1,32.9,32.9,70.0,70.0,70.0,70.0,0.0,,ADIDAS,0.0,0.0,,,,,,,Tops,False,1.0,True,0.0,,True,True,False,1.0,,,,,0.0,1.0,12/19/25 6:02:24 PM,
1.0,ADIDAS,Licensed,Apparel,Jerseys,FCF_26_TR_JSY,Colombia Training JSY,JZ6226,WHT,White,M,,150210,1,0,0,0,1,32.9,32.9,70.0,70.0,70.0,70.0,0.0,,ADIDAS,0.0,0.0,,,,,,,Tops,False,1.0,True,0.0,,True,True,False,1.0,,,,,0.0,1.0,12/19/25 6:02:24 PM,
1.0,ADIDAS,Licensed,Apparel,Jerseys,FCF_26_TR_JSY,Colombia Training JSY,JZ6226,WHT,White,L,,150211,0,0,0,0,0,32.9,0.0,70.0,0.0,70.0,0.0,0.0,,ADIDAS,0.0,0.0,,,,,,,Tops,False,1.0,True,0.0,,True,True,False,1.0,,,,,1.0,1.0,4/17/26 1:37:28 PM,
1.0,ADIDAS,Licensed,Apparel,Jerseys,FCF_26_TR_JSY,Colombia Training JSY,JZ6226,WHT,White,XL,,150212,0,0,0,0,0,32.9,0.0,70.0,0.0,70.0,0.0,0.0,,ADIDAS,0.0,0.0,,,,,,,Tops,False,1.0,True,0.0,,True,True,False,1.0,,,,,0.0,0.0,,
1.0,ADIDAS,Licensed,Apparel,Jerseys,FCF_26_TR_JSY,Colombia Training JSY,JZ6226,WHT,White,XXL,,150213,0,0,0,0,0,32.9,0.0,70.0,0.0,70.0,0.0,0.0,,ADIDAS,0.0,0.0,,,,,,,Tops,False,1.0,True,0.0,,True,True,False,1.0,,,,,0.0,0.0,,
1.0,ADIDAS,Licensed,Apparel,Jerseys,FCF_26_TR_JSY,Colombia Training JSY,JZ6226,WHT,White,XXXL,,150214,0,0,0,0,0,32.9,0.0,70.0,0.0,70.0,0.0,0.0,,ADIDAS,0.0,0.0,,,,,,,Tops,False,1.0,True,0.0,,True,True,False,1.0,,,,,0.0,0.0,,
1.0,ADIDAS,Licensed,Apparel,Hoody,AFA_26_HDY_Y,AFA Hoody Y,JZ6304,BLU,Blue,Y2XS,,150215,0,0,0,0,0,35.25,0.0,75.0,0.0,75.0,0.0,0.0,,ADIDAS,0.0,0.0,,,,,,,Tops_Youth,False,1.0,True,0.0,,True,True,False,1.0,,,,,0.0,0.0,,
1.0,ADIDAS,Licensed,Apparel,Hoody,AFA_26_HDY_Y,AFA Hoody Y,JZ6304,BLU,Blue,YXS,,150216,0,0,0,0,0,35.25,0.0,75.0,0.0,75.0,0.0,0.0,,ADIDAS,0.0,0.0,,,,,,,Tops_Youth,False,1.0,True,0.0,,True,True,False,1.0,,,,,0.0,0.0,,
1.0,ADIDAS,Licensed,Apparel,Hoody,AFA_26_HDY_Y,AFA Hoody Y,JZ6304,BLU,Blue,YS,,150217,0,0,0,0,0,35.25,0.0,75.0,0.0,75.0,0.0,0.0,,ADIDAS,0.0,0.0,,,,,,,Tops_Youth,False,1.0,True,0.0,,True,True,False,1.0,,,,,0.0,0.0,,
1.0,ADIDAS,Licensed,Apparel,Hoody,AFA_26_HDY_Y,AFA Hoody Y,JZ6304,BLU,Blue,YM,,150218,1,0,0,0,1,35.25,35.25,75.0,75.0,75.0,75.0,0.0,,ADIDAS,0.0,0.0,,,,,,,Tops_Youth,False,1.0,True,0.0,,True,True,False,1.0,,,,,0.0,1.0,12/19/25 6:07:17 PM,
1.0,ADIDAS,Licensed,Apparel,Hoody,AFA_26_HDY_Y,AFA Hoody Y,JZ6304,BLU,Blue,YL,,150219,1,0,0,0,1,35.25,35.25,75.0,75.0,75.0,75.0,0.0,,ADIDAS,0.0,0.0,,,,,,,Tops_Youth,False,1.0,True,0.0,,True,True,False,1.0,,,,,0.0,1.0,12/19/25 6:07:17 PM,
1.0,ADIDAS,Licensed,Apparel,Hoody,AFA_26_HDY_Y,AFA Hoody Y,JZ6304,BLU,Blue,YXL,,150220,0,0,0,0,0,35.25,0.0,75.0,0.0,75.0,0.0,0.0,,ADIDAS,0.0,0.0,,,,,,,Tops_Youth,False,1.0,True,0.0,,True,True,False,1.0,,,,,0.0,0.0,,
1.0,ADIDAS,Licensed,Apparel,Hoody,RM_25_MARVEL_HD_Y,Real Madrid Marvel Hoody Y,JY5854,WHT,White,XXS,,150221,0,0,0,0,0,44.65,0.0,95.0,0.0,95.0,0.0,0.0,,ADIDAS,0.0,0.0,,,,,,,Tops,False,1.0,True,0.0,,True,True,False,1.0,,,,,0.0,0.0,,
1.0,ADIDAS,Licensed,Apparel,Hoody,RM_25_MARVEL_HD_Y,Real Madrid Marvel Hoody Y,JY5854,WHT,White,XS,,150222,0,0,0,0,0,44.65,0.0,95.0,0.0,95.0,0.0,0.0,,ADIDAS,0.0,0.0,,,,,,,Tops,False,1.0,True,0.0,,True,True,False,1.0,,,,,0.0,0.0,,
1.0,ADIDAS,Licensed,Apparel,Hoody,RM_25_MARVEL_HD_Y,Real Madrid Marvel Hoody Y,JY5854,WHT,White,S,,150223,0,0,0,0,0,44.65,0.0,95.0,0.0,95.0,0.0,0.0,,ADIDAS,0.0,0.0,,,,,,,Tops,False,1.0,True,0.0,,True,True,False,1.0,,,,,1.0,1.0,12/19/25 6:16:39 PM,
1.0,ADIDAS,Licensed,Apparel,Hoody,RM_25_MARVEL_HD_Y,Real Madrid Marvel Hoody Y,JY5854,WHT,White,M,,150224,2,0,0,0,2,44.65,89.3,95.0,190.0,95.0,190.0,0.0,,ADIDAS,0.0,0.0,,,,,,,Tops,False,1.0,True,0.0,,True,True,False,1.0,,,,,0.0,2.0,12/19/25 6:16:39 PM,
1.0,ADIDAS,Licensed,Apparel,Hoody,RM_25_MARVEL_HD_Y,Real Madrid Marvel Hoody Y,JY5854,WHT,White,L,,150225,1,0,0,0,1,44.65,44.65,95.0,95.0,95.0,95.0,0.0,,ADIDAS,0.0,0.0,,,,,,,Tops,False,1.0,True,0.0,,True,True,False,1.0,,,,,1.0,2.0,12/19/25 6:16:39 PM,
1.0,ADIDAS,Licensed,Apparel,Hoody,RM_25_MARVEL_HD_Y,Real Madrid Marvel Hoody Y,JY5854,WHT,White,XL,,150226,0,0,0,0,0,44.65,0.0,95.0,0.0,95.0,0.0,0.0,,ADIDAS,0.0,0.0,,,,,,,Tops,False,1.0,True,0.0,,True,True,False,1.0,,,,,1.0,1.0,12/19/25 6:16:39 PM,
1.0,ADIDAS,Licensed,Apparel,Hoody,RM_25_MARVEL_HD_Y,Real Madrid Marvel Hoody Y,JY5854,WHT,White,XXL,,150227,0,0,0,0,0,44.65,0.0,95.0,0.0,95.0,0.0,0.0,,ADIDAS,0.0,0.0,,,,,,,Tops,False,1.0,True,0.0,,True,True,False,1.0,,,,,0.0,0.0,,
1.0,ADIDAS,Licensed,Apparel,Hoody,RM_25_MARVEL_HD_Y,Real Madrid Marvel Hoody Y,JY5854,WHT,White,XXXL,,150228,0,0,0,0,0,44.65,0.0,95.0,0.0,95.0,0.0,0.0,,ADIDAS,0.0,0.0,,,,,,,Tops,False,1.0,True,0.0,,True,True,False,1.0,,,,,0.0,0.0,,
1.0,ADIDAS,Licensed,Apparel,Hoody,RM_25_MARVEL_HD,Real Madrid Marvel Hoody Y,KB4395,WHT,White,XXS,,150229,0,0,0,0,0,47.0,0.0,100.0,0.0,100.0,0.0,0.0,,ADIDAS,0.0,0.0,,,,,,,Tops,False,1.0,True,0.0,,True,True,False,1.0,,,,,0.0,0.0,,
1.0,ADIDAS,Licensed,Apparel,Hoody,RM_25_MARVEL_HD,Real Madrid Marvel Hoody Y,KB4395,WHT,White,XS,,150230,0,0,0,0,0,47.0,0.0,100.0,0.0,100.0,0.0,0.0,,ADIDAS,0.0,0.0,,,,,,,Tops,False,1.0,True,0.0,,True,True,False,1.0,,,,,0.0,0.0,,
1.0,ADIDAS,Licensed,Apparel,Hoody,RM_25_MARVEL_HD,Real Madrid Marvel Hoody Y,KB4395,WHT,White,S,,150231,0,0,0,0,0,47.0,0.0,100.0,0.0,100.0,0.0,0.0,,ADIDAS,0.0,0.0,,,,,,,Tops,False,1.0,True,0.0,,True,True,False,1.0,,,,,0.0,0.0,,
1.0,ADIDAS,Licensed,Apparel,Hoody,RM_25_MARVEL_HD,Real Madrid Marvel Hoody Y,KB4395,WHT,White,M,,150232,1,0,0,0,1,47.0,47.0,100.0,100.0,100.0,100.0,0.0,,ADIDAS,0.0,0.0,,,,,,,Tops,False,1.0,True,0.0,,True,True,False,1.0,,,,,0.0,1.0,12/19/25 6:19:28 PM,
1.0,ADIDAS,Licensed,Apparel,Hoody,RM_25_MARVEL_HD,Real Madrid Marvel Hoody Y,KB4395,WHT,White,L,,150233,0,0,0,0,0,47.0,0.0,100.0,0.0,100.0,0.0,0.0,,ADIDAS,0.0,0.0,,,,,,,Tops,False,1.0,True,0.0,,True,True,False,1.0,,,,,0.0,0.0,,
1.0,ADIDAS,Licensed,Apparel,Hoody,RM_25_MARVEL_HD,Real Madrid Marvel Hoody Y,KB4395,WHT,White,XL,,150234,0,0,0,0,0,47.0,0.0,100.0,0.0,100.0,0.0,0.0,,ADIDAS,0.0,0.0,,,,,,,Tops,False,1.0,True,0.0,,True,True,False,1.0,,,,,0.0,0.0,,
1.0,ADIDAS,Licensed,Apparel,Hoody,RM_25_MARVEL_HD,Real Madrid Marvel Hoody Y,KB4395,WHT,White,XXL,,150235,0,0,0,0,0,47.0,0.0,100.0,0.0,100.0,0.0,0.0,,ADIDAS,0.0,0.0,,,,,,,Tops,False,1.0,True,0.0,,True,True,False,1.0,,,,,0.0,0.0,,
1.0,ADIDAS,Licensed,Apparel,Hoody,RM_25_MARVEL_HD,Real Madrid Marvel Hoody Y,KB4395,WHT,White,XXXL,,150236,0,0,0,0,0,47.0,0.0,100.0,0.0,100.0,0.0,0.0,,ADIDAS,0.0,0.0,,,,,,,Tops,False,1.0,True,0.0,,True,True,False,1.0,,,,,0.0,0.0,,
1.0,ADIDAS,Licensed,ACCESSORIES,Bag,FIGC_26_BACKPACK,Italy Backpack,KD7022,BLU,Blue,OS,,150237,3,0,0,0,3,30.55,91.65,65.0,195.0,65.0,195.0,0.0,,ADIDAS,0.0,0.0,,,,,,,OS,False,1.0,True,0.0,,True,True,False,1.0,,,,,0.0,3.0,12/19/25 6:42:50 PM,
1.0,ADIDAS,Licensed,Apparel,hat,DFB_26_CAP,Germany Cap,KC6705,WHT,White,OS,,150392,2,0,0,0,2,18.8,37.6,40.0,80.0,40.0,80.0,0.0,,ADIDAS,0.0,0.0,,,,,,,Hat,False,1.0,True,0.0,,True,True,False,1.0,,,,,0.0,2.0,1/10/26 10:39:52 AM,
1.0,ADIDAS,Licensed,Apparel,Hoody,FIGC_26_KIDS_HD,Italy Kids Hoody,JY9518,BLU,Blue,Y2XS,,150393,0,0,0,0,0,35.25,0.0,75.0,0.0,75.0,0.0,0.0,,ADIDAS,0.0,0.0,,,,,,,Tops_Youth,False,1.0,True,0.0,,True,True,False,1.0,,,,,0.0,0.0,,
1.0,ADIDAS,Licensed,Apparel,Hoody,FIGC_26_KIDS_HD,Italy Kids Hoody,JY9518,BLU,Blue,YXS,,150394,0,0,0,0,0,35.25,0.0,75.0,0.0,75.0,0.0,0.0,,ADIDAS,0.0,0.0,,,,,,,Tops_Youth,False,1.0,True,0.0,,True,True,False,1.0,,,,,0.0,0.0,,
1.0,ADIDAS,Licensed,Apparel,Hoody,FIGC_26_KIDS_HD,Italy Kids Hoody,JY9518,BLU,Blue,YS,,150395,1,0,0,0,1,35.25,35.25,75.0,75.0,75.0,75.0,0.0,,ADIDAS,0.0,0.0,,,,,,,Tops_Youth,False,1.0,True,0.0,,True,True,False,1.0,,,,,0.0,1.0,1/10/26 10:43:32 AM,
1.0,ADIDAS,Licensed,Apparel,Hoody,FIGC_26_KIDS_HD,Italy Kids Hoody,JY9518,BLU,Blue,YM,,150396,1,0,0,0,1,35.25,35.25,75.0,75.0,75.0,75.0,0.0,,ADIDAS,0.0,0.0,,,,,,,Tops_Youth,False,1.0,True,0.0,,True,True,False,1.0,,,,,1.0,2.0,1/10/26 10:43:33 AM,
1.0,ADIDAS,Licensed,Apparel,Hoody,FIGC_26_KIDS_HD,Italy Kids Hoody,JY9518,BLU,Blue,YL,,150397,1,0,0,0,1,35.25,35.25,75.0,75.0,75.0,75.0,0.0,,ADIDAS,0.0,0.0,,,,,,,Tops_Youth,False,1.0,True,0.0,,True,True,False,1.0,,,,,1.0,2.0,1/10/26 10:43:33 AM,
1.0,ADIDAS,Licensed,Apparel,Hoody,FIGC_26_KIDS_HD,Italy Kids Hoody,JY9518,BLU,Blue,YXL,,150398,0,0,0,0,0,35.25,0.0,75.0,0.0,75.0,0.0,0.0,,ADIDAS,0.0,0.0,,,,,,,Tops_Youth,False,1.0,True,0.0,,True,True,False,1.0,,,,,1.0,1.0,1/10/26 10:43:33 AM,
1.0,ADIDAS,Licensed,Apparel,Jerseys,AFA_26_TR_JSY,Argentina Training JSY,JY7029,WHT,White,XXS,,150399,0,0,0,0,0,32.9,0.0,70.0,0.0,70.0,0.0,0.0,,ADIDAS,0.0,0.0,,,,,,,Tops,False,1.0,True,0.0,,True,True,False,1.0,,,,,0.0,0.0,,
1.0,ADIDAS,Licensed,Apparel,Jerseys,AFA_26_TR_JSY,Argentina Training JSY,JY7029,WHT,White,XS,,150400,0,0,0,0,0,32.9,0.0,70.0,0.0,70.0,0.0,0.0,,ADIDAS,0.0,0.0,,,,,,,Tops,False,1.0,True,0.0,,True,True,False,1.0,,,,,0.0,0.0,,
1.0,ADIDAS,Licensed,Apparel,Jerseys,AFA_26_TR_JSY,Argentina Training JSY,JY7029,WHT,White,S,,150401,1,0,0,0,1,32.9,32.9,70.0,70.0,70.0,70.0,0.0,,ADIDAS,0.0,0.0,,,,,,,Tops,False,1.0,True,0.0,,True,True,False,1.0,,,,,0.0,1.0,1/10/26 10:52:55 AM,
1.0,ADIDAS,Licensed,Apparel,Jerseys,AFA_26_TR_JSY,Argentina Training JSY,JY7029,WHT,White,M,,150402,1,0,0,0,1,32.9,32.9,70.0,70.0,70.0,70.0,0.0,,ADIDAS,0.0,0.0,,,,,,,Tops,False,1.0,True,0.0,,True,True,False,1.0,,,,,0.0,1.0,1/10/26 10:52:55 AM,
1.0,ADIDAS,Licensed,Apparel,Jerseys,AFA_26_TR_JSY,Argentina Training JSY,JY7029,WHT,White,L,,150403,1,0,0,0,1,32.9,32.9,70.0,70.0,70.0,70.0,0.0,,ADIDAS,0.0,0.0,,,,,,,Tops,False,1.0,True,0.0,,True,True,False,1.0,,,,,0.0,1.0,1/10/26 10:52:56 AM,
1.0,ADIDAS,Licensed,Apparel,Jerseys,AFA_26_TR_JSY,Argentina Training JSY,JY7029,WHT,White,XL,,150404,0,0,0,0,0,32.9,0.0,70.0,0.0,70.0,0.0,0.0,,ADIDAS,0.0,0.0,,,,,,,Tops,False,1.0,True,0.0,,True,True,False,1.0,,,,,0.0,0.0,,
1.0,ADIDAS,Licensed,Apparel,Jerseys,AFA_26_TR_JSY,Argentina Training JSY,JY7029,WHT,White,XXL,,150405,0,0,0,0,0,32.9,0.0,70.0,0.0,70.0,0.0,0.0,,ADIDAS,0.0,0.0,,,,,,,Tops,False,1.0,True,0.0,,True,True,False,1.0,,,,,0.0,0.0,,
1.0,ADIDAS,Licensed,Apparel,Jerseys,AFA_26_TR_JSY,Argentina Training JSY,JY7029,WHT,White,XXXL,,150406,0,0,0,0,0,32.9,0.0,70.0,0.0,70.0,0.0,0.0,,ADIDAS,0.0,0.0,,,,,,,Tops,False,1.0,True,0.0,,True,True,False,1.0,,,,,0.0,0.0,,
1.0,ADIDAS,Licensed,Apparel,Jerseys,AFA_26_TR_JSY_Y,Argentina Training JSY Y,JY7043,WHT,White,XXS,,150407,0,0,0,0,0,28.2,0.0,60.0,0.0,60.0,0.0,0.0,,ADIDAS,0.0,0.0,,,,,,,Tops,False,1.0,True,0.0,,True,True,False,1.0,,,,,0.0,0.0,,
1.0,ADIDAS,Licensed,Apparel,Jerseys,AFA_26_TR_JSY_Y,Argentina Training JSY Y,JY7043,WHT,White,XS,,150408,0,0,0,0,0,28.2,0.0,60.0,0.0,60.0,0.0,0.0,,ADIDAS,0.0,0.0,,,,,,,Tops,False,1.0,True,0.0,,True,True,False,1.0,,,,,0.0,0.0,,
1.0,ADIDAS,Licensed,Apparel,Jerseys,AFA_26_TR_JSY_Y,Argentina Training JSY Y,JY7043,WHT,White,S,,150409,1,0,0,0,1,28.2,28.2,60.0,60.0,60.0,60.0,0.0,,ADIDAS,0.0,0.0,,,,,,,Tops,False,1.0,True,0.0,,True,True,False,1.0,,,,,0.0,1.0,1/10/26 10:59:36 AM,
1.0,ADIDAS,Licensed,Apparel,Jerseys,AFA_26_TR_JSY_Y,Argentina Training JSY Y,JY7043,WHT,White,M,,150410,2,0,0,0,2,28.2,56.4,60.0,120.0,60.0,120.0,0.0,,ADIDAS,0.0,0.0,,,,,,,Tops,False,1.0,True,0.0,,True,True,False,1.0,,,,,0.0,2.0,1/10/26 10:59:36 AM,
1.0,ADIDAS,Licensed,Apparel,Jerseys,AFA_26_TR_JSY_Y,Argentina Training JSY Y,JY7043,WHT,White,L,,150411,2,0,0,0,2,28.2,56.4,60.0,120.0,60.0,120.0,0.0,,ADIDAS,0.0,0.0,,,,,,,Tops,False,1.0,True,0.0,,True,True,False,1.0,,,,,0.0,2.0,1/10/26 10:59:36 AM,
1.0,ADIDAS,Licensed,Apparel,Jerseys,AFA_26_TR_JSY_Y,Argentina Training JSY Y,JY7043,WHT,White,XL,,150412,1,0,0,0,1,28.2,28.2,60.0,60.0,60.0,60.0,0.0,,ADIDAS,0.0,0.0,,,,,,,Tops,False,1.0,True,0.0,,True,True,False,1.0,,,,,1.0,2.0,1/10/26 10:59:36 AM,
1.0,ADIDAS,Licensed,Apparel,Jerseys,AFA_26_TR_JSY_Y,Argentina Training JSY Y,JY7043,WHT,White,XXL,,150413,0,0,0,0,0,28.2,0.0,60.0,0.0,60.0,0.0,0.0,,ADIDAS,0.0,0.0,,,,,,,Tops,False,1.0,True,0.0,,True,True,False,1.0,,,,,0.0,0.0,,
1.0,ADIDAS,Licensed,Apparel,Jerseys,AFA_26_TR_JSY_Y,Argentina Training JSY Y,JY7043,WHT,White,XXXL,,150414,0,0,0,0,0,28.2,0.0,60.0,0.0,60.0,0.0,0.0,,ADIDAS,0.0,0.0,,,,,,,Tops,False,1.0,True,0.0,,True,True,False,1.0,,,,,0.0,0.0,,
1.0,ADIDAS,Licensed,Apparel,KITS,FMF_26_H_MINI_KIT,Mexico H Mini Kit,KA6069,GRN,Green,Y2XS,,150562,1,0,0,0,1,40.5,40.5,90.0,90.0,90.0,90.0,0.0,,ADIDAS,0.0,0.0,,,,,,,Tops_Youth,False,1.0,True,0.0,,True,True,False,1.0,,,,,0.0,1.0,1/13/26 11:39:00 AM,
1.0,ADIDAS,Licensed,Apparel,KITS,FMF_26_H_MINI_KIT,Mexico H Mini Kit,KA6069,GRN,Green,YXS,,150563,0,0,0,0,0,40.5,0.0,90.0,0.0,90.0,0.0,0.0,,ADIDAS,0.0,0.0,,,,,,,Tops_Youth,False,1.0,True,0.0,,True,True,False,1.0,,,,,0.0,0.0,,
1.0,ADIDAS,Licensed,Apparel,KITS,FMF_26_H_MINI_KIT,Mexico H Mini Kit,KA6069,GRN,Green,YS,,150564,0,0,0,0,0,40.5,0.0,90.0,0.0,90.0,0.0,0.0,,ADIDAS,0.0,0.0,,,,,,,Tops_Youth,False,1.0,True,0.0,,True,True,False,1.0,,,,,0.0,0.0,,
1.0,ADIDAS,Licensed,Apparel,KITS,FMF_26_H_MINI_KIT,Mexico H Mini Kit,KA6069,GRN,Green,YM,,150565,0,0,0,0,0,40.5,0.0,90.0,0.0,90.0,0.0,0.0,,ADIDAS,0.0,0.0,,,,,,,Tops_Youth,False,1.0,True,0.0,,True,True,False,1.0,,,,,0.0,0.0,,
1.0,ADIDAS,Licensed,Apparel,KITS,FMF_26_H_MINI_KIT,Mexico H Mini Kit,KA6069,GRN,Green,YL,,150566,0,0,0,0,0,40.5,0.0,90.0,0.0,90.0,0.0,0.0,,ADIDAS,0.0,0.0,,,,,,,Tops_Youth,False,1.0,True,0.0,,True,True,False,1.0,,,,,0.0,0.0,,
1.0,ADIDAS,Licensed,Apparel,KITS,FMF_26_H_MINI_KIT,Mexico H Mini Kit,KA6069,GRN,Green,YXL,,150567,0,0,0,0,0,40.5,0.0,90.0,0.0,90.0,0.0,0.0,,ADIDAS,0.0,0.0,,,,,,,Tops_Youth,False,1.0,True,0.0,,True,True,False,1.0,,,,,0.0,0.0,,
1.0,ADIDAS,Licensed,Apparel,Jerseys,FVF_26_H_JSY,Venezuela H JSY,KB3723,BUR,Burgandy,XXS,,150568,0,0,0,0,0,54.0,0.0,120.0,0.0,120.0,0.0,0.0,,ADIDAS,0.0,0.0,,,,,,,Tops,False,1.0,True,0.0,,True,True,False,1.0,,,,,0.0,0.0,,
1.0,ADIDAS,Licensed,Apparel,Jerseys,FVF_26_H_JSY,Venezuela H JSY,KB3723,BUR,Burgandy,XS,,150569,0,0,0,0,0,54.0,0.0,120.0,0.0,120.0,0.0,0.0,,ADIDAS,0.0,0.0,,,,,,,Tops,False,1.0,True,0.0,,True,True,False,1.0,,,,,0.0,0.0,,
1.0,ADIDAS,Licensed,Apparel,Jerseys,FVF_26_H_JSY,Venezuela H JSY,KB3723,BUR,Burgandy,S,,150570,0,0,0,0,0,54.0,0.0,120.0,0.0,120.0,0.0,0.0,,ADIDAS,0.0,0.0,,,,,,,Tops,False,1.0,True,0.0,,True,True,False,1.0,,,,,0.0,0.0,,
1.0,ADIDAS,Licensed,Apparel,Jerseys,FVF_26_H_JSY,Venezuela H JSY,KB3723,BUR,Burgandy,M,,150571,0,0,0,0,0,54.0,0.0,120.0,0.0,120.0,0.0,0.0,,ADIDAS,0.0,0.0,,,,,,,Tops,False,1.0,True,0.0,,True,True,False,1.0,,,,,0.0,0.0,,
1.0,ADIDAS,Licensed,Apparel,Jerseys,FVF_26_H_JSY,Venezuela H JSY,KB3723,BUR,Burgandy,L,,150572,0,0,0,0,0,54.0,0.0,120.0,0.0,120.0,0.0,0.0,,ADIDAS,0.0,0.0,,,,,,,Tops,False,1.0,True,0.0,,True,True,False,1.0,,,,,0.0,0.0,,
1.0,ADIDAS,Licensed,Apparel,Jerseys,FVF_26_H_JSY,Venezuela H JSY,KB3723,BUR,Burgandy,XL,,150573,0,0,0,0,0,54.0,0.0,120.0,0.0,120.0,0.0,0.0,,ADIDAS,0.0,0.0,,,,,,,Tops,False,1.0,True,0.0,,True,True,False,1.0,,,,,0.0,0.0,,
1.0,ADIDAS,Licensed,Apparel,Jerseys,FVF_26_H_JSY,Venezuela H JSY,KB3723,BUR,Burgandy,XXL,,150574,1,0,0,0,1,54.0,54.0,120.0,120.0,120.0,120.0,0.0,,ADIDAS,0.0,0.0,,,,,,,Tops,False,1.0,True,0.0,,True,True,False,1.0,,,,,0.0,1.0,1/13/26 11:55:29 AM,
1.0,ADIDAS,Licensed,Apparel,Jerseys,FVF_26_H_JSY,Venezuela H JSY,KB3723,BUR,Burgandy,XXXL,,150575,0,0,0,0,0,54.0,0.0,120.0,0.0,120.0,0.0,0.0,,ADIDAS,0.0,0.0,,,,,,,Tops,False,1.0,True,0.0,,True,True,False,1.0,,,,,0.0,0.0,,
1.0,PUMA,Licensed,Apparel,Jerseys,FPF_26_H_JSY_AU,Portugal Home Jersey Authentic,783276,RED,Red,XXS,,150768,0,0,0,0,0,94.0,0.0,200.0,0.0,200.0,0.0,0.0,,WEST COAST,0.0,0.0,,,,,,,Tops,False,1.0,True,0.0,,True,True,False,1.0,,,,,0.0,0.0,,
1.0,PUMA,Licensed,Apparel,Jerseys,FPF_26_H_JSY_AU,Portugal Home Jersey Authentic,783276,RED,Red,XS,,150769,0,0,0,0,0,94.0,0.0,200.0,0.0,200.0,0.0,0.0,,WEST COAST,0.0,0.0,,,,,,,Tops,False,1.0,True,0.0,,True,True,False,1.0,,,,,0.0,0.0,,
1.0,PUMA,Licensed,Apparel,Jerseys,FPF_26_H_JSY_AU,Portugal Home Jersey Authentic,783276,RED,Red,S,,150770,2,0,0,0,2,94.0,188.0,200.0,400.0,200.0,400.0,0.0,,WEST COAST,0.0,0.0,,,,,,,Tops,False,1.0,True,0.0,,True,True,False,1.0,,,,,0.0,2.0,1/29/26 1:46:45 PM,
1.0,PUMA,Licensed,Apparel,Jerseys,FPF_26_H_JSY_AU,Portugal Home Jersey Authentic,783276,RED,Red,M,,150771,2,0,0,0,2,94.0,188.0,200.0,400.0,200.0,400.0,0.0,,WEST COAST,0.0,0.0,,,,,,,Tops,False,1.0,True,0.0,,True,True,False,1.0,,,,,0.0,2.0,1/29/26 1:46:46 PM,
1.0,PUMA,Licensed,Apparel,Jerseys,FPF_26_H_JSY_AU,Portugal Home Jersey Authentic,783276,RED,Red,L,,150772,1,0,0,0,1,94.0,94.0,200.0,200.0,200.0,200.0,0.0,,WEST COAST,0.0,0.0,,,,,,,Tops,False,1.0,True,0.0,,True,True,False,1.0,,,,,1.0,2.0,1/29/26 1:46:46 PM,
1.0,PUMA,Licensed,Apparel,Jerseys,FPF_26_H_JSY_AU,Portugal Home Jersey Authentic,783276,RED,Red,XL,,150773,0,0,0,0,0,94.0,0.0,200.0,0.0,200.0,0.0,0.0,,WEST COAST,0.0,0.0,,,,,,,Tops,False,1.0,True,0.0,,True,True,False,1.0,,,,,0.0,0.0,,
1.0,PUMA,Licensed,Apparel,Jerseys,FPF_26_H_JSY_AU,Portugal Home Jersey Authentic,783276,RED,Red,XXL,,150774,0,0,0,0,0,94.0,0.0,200.0,0.0,200.0,0.0,0.0,,WEST COAST,0.0,0.0,,,,,,,Tops,False,1.0,True,0.0,,True,True,False,1.0,,,,,0.0,0.0,,
1.0,PUMA,Licensed,Apparel,Jerseys,FPF_26_H_JSY_AU,Portugal Home Jersey Authentic,783276,RED,Red,XXXL,,150775,0,0,0,0,0,94.0,0.0,200.0,0.0,200.0,0.0,0.0,,WEST COAST,0.0,0.0,,,,,,,Tops,False,1.0,True,0.0,,True,True,False,1.0,,,,,0.0,0.0,,
1.0,PUMA,Licensed,Apparel,Jerseys,FPF_26_H_JSY_LS,Portugal Home Jersey LS,783279,RED,Red,XXS,,150776,0,0,0,0,0,68.15,0.0,145.0,0.0,145.0,0.0,0.0,,WEST COAST,0.0,0.0,,,,,,,Tops,False,1.0,True,0.0,,True,True,False,1.0,,,,,0.0,0.0,,
1.0,PUMA,Licensed,Apparel,Jerseys,FPF_26_H_JSY_LS,Portugal Home Jersey LS,783279,RED,Red,XS,,150777,0,0,0,0,0,68.15,0.0,145.0,0.0,145.0,0.0,0.0,,WEST COAST,0.0,0.0,,,,,,,Tops,False,1.0,True,0.0,,True,True,False,1.0,,,,,0.0,0.0,,
1.0,PUMA,Licensed,Apparel,Jerseys,FPF_26_H_JSY_LS,Portugal Home Jersey LS,783279,RED,Red,S,,150778,2,0,0,0,2,68.15,136.3,145.0,290.0,145.0,290.0,0.0,,WEST COAST,0.0,0.0,,,,,,,Tops,False,1.0,True,0.0,,True,True,False,1.0,,,,,0.0,2.0,1/29/26 1:50:40 PM,
1.0,PUMA,Licensed,Apparel,Jerseys,FPF_26_H_JSY_LS,Portugal Home Jersey LS,783279,RED,Red,M,,150779,2,0,0,0,2,68.15,136.3,145.0,290.0,145.0,290.0,0.0,,WEST COAST,0.0,0.0,,,,,,,Tops,False,1.0,True,0.0,,True,True,False,1.0,,,,,0.0,2.0,1/29/26 1:50:40 PM,
1.0,PUMA,Licensed,Apparel,Jerseys,FPF_26_H_JSY_LS,Portugal Home Jersey LS,783279,RED,Red,L,,150780,0,0,0,0,0,68.15,0.0,145.0,0.0,145.0,0.0,0.0,,WEST COAST,0.0,0.0,,,,,,,Tops,False,1.0,True,0.0,,True,True,False,1.0,,,,,1.0,1.0,1/29/26 1:50:40 PM,
1.0,PUMA,Licensed,Apparel,Jerseys,FPF_26_H_JSY_LS,Portugal Home Jersey LS,783279,RED,Red,XL,,150781,0,0,0,0,0,68.15,0.0,145.0,0.0,145.0,0.0,0.0,,WEST COAST,0.0,0.0,,,,,,,Tops,False,1.0,True,0.0,,True,True,False,1.0,,,,,0.0,0.0,,
1.0,PUMA,Licensed,Apparel,Jerseys,FPF_26_H_JSY_LS,Portugal Home Jersey LS,783279,RED,Red,XXL,,150782,0,0,0,0,0,68.15,0.0,145.0,0.0,145.0,0.0,0.0,,WEST COAST,0.0,0.0,,,,,,,Tops,False,1.0,True,0.0,,True,True,False,1.0,,,,,0.0,0.0,,
1.0,PUMA,Licensed,Apparel,Jerseys,FPF_26_H_JSY_LS,Portugal Home Jersey LS,783279,RED,Red,XXXL,,150783,0,0,0,0,0,68.15,0.0,145.0,0.0,145.0,0.0,0.0,,WEST COAST,0.0,0.0,,,,,,,Tops,False,1.0,True,0.0,,True,True,False,1.0,,,,,0.0,0.0,,
1.0,PUMA,Licensed,Apparel,Pants,FPF_25_SE_PANT,Portugal Special Edition Pant,707143,BLK,Black,XXXS,,150784,0,0,0,0,0,65.8,0.0,140.0,0.0,140.0,0.0,0.0,,PUMA,0.0,0.0,,,,,,,Pants,False,1.0,True,0.0,,True,True,False,1.0,,,,,0.0,0.0,,
1.0,PUMA,Licensed,Apparel,Pants,FPF_25_SE_PANT,Portugal Special Edition Pant,707143,BLK,Black,XXS,,150785,0,0,0,0,0,65.8,0.0,140.0,0.0,140.0,0.0,0.0,,PUMA,0.0,0.0,,,,,,,Pants,False,1.0,True,0.0,,True,True,False,1.0,,,,,0.0,0.0,,
1.0,PUMA,Licensed,Apparel,Pants,FPF_25_SE_PANT,Portugal Special Edition Pant,707143,BLK,Black,XS,,150786,0,0,0,0,0,65.8,0.0,140.0,0.0,140.0,0.0,0.0,,PUMA,0.0,0.0,,,,,,,Pants,False,1.0,True,0.0,,True,True,False,1.0,,,,,0.0,0.0,,
1.0,PUMA,Licensed,Apparel,Pants,FPF_25_SE_PANT,Portugal Special Edition Pant,707143,BLK,Black,S,,150787,1,0,0,0,1,65.8,65.8,140.0,140.0,140.0,140.0,0.0,,PUMA,0.0,0.0,,,,,,,Pants,False,1.0,True,0.0,,True,True,False,1.0,,,,,0.0,1.0,1/29/26 1:53:44 PM,
1.0,PUMA,Licensed,Apparel,Pants,FPF_25_SE_PANT,Portugal Special Edition Pant,707143,BLK,Black,M,,150788,2,0,0,0,2,65.8,131.6,140.0,280.0,140.0,280.0,0.0,,PUMA,0.0,0.0,,,,,,,Pants,False,1.0,True,0.0,,True,True,False,1.0,,,,,0.0,2.0,1/29/26 1:53:44 PM,
1.0,PUMA,Licensed,Apparel,Pants,FPF_25_SE_PANT,Portugal Special Edition Pant,707143,BLK,Black,L,,150789,1,0,0,0,1,65.8,65.8,140.0,140.0,140.0,140.0,0.0,,PUMA,0.0,0.0,,,,,,,Pants,False,1.0,True,0.0,,True,True,False,1.0,,,,,0.0,1.0,1/29/26 1:53:44 PM,
1.0,PUMA,Licensed,Apparel,Pants,FPF_25_SE_PANT,Portugal Special Edition Pant,707143,BLK,Black,XL,,150790,0,0,0,0,0,65.8,0.0,140.0,0.0,140.0,0.0,0.0,,PUMA,0.0,0.0,,,,,,,Pants,False,1.0,True,0.0,,True,True,False,1.0,,,,,0.0,0.0,,
1.0,PUMA,Licensed,Apparel,Pants,FPF_25_SE_PANT,Portugal Special Edition Pant,707143,BLK,Black,XXL,,150791,0,0,0,0,0,65.8,0.0,140.0,0.0,140.0,0.0,0.0,,PUMA,0.0,0.0,,,,,,,Pants,False,1.0,True,0.0,,True,True,False,1.0,,,,,0.0,0.0,,
1.0,PUMA,Licensed,Apparel,Top,MCFC_25_YOH_JSY_Y,Manchester City FC YOH Jersey y,785895,WHT,White,Y2XS,,150762,0,0,0,0,0,47.0,0.0,100.0,0.0,100.0,0.0,0.0,,PUMA,0.0,0.0,,,,,,,Tops_Youth,False,1.0,True,0.0,,True,True,False,1.0,,,,,0.0,0.0,,
1.0,PUMA,Licensed,Apparel,Top,MCFC_25_YOH_JSY_Y,Manchester City FC YOH Jersey y,785895,WHT,White,YXS,,150763,0,0,0,0,0,47.0,0.0,100.0,0.0,100.0,0.0,0.0,,PUMA,0.0,0.0,,,,,,,Tops_Youth,False,1.0,True,0.0,,True,True,False,1.0,,,,,0.0,0.0,,
1.0,PUMA,Licensed,Apparel,Top,MCFC_25_YOH_JSY_Y,Manchester City FC YOH Jersey y,785895,WHT,White,YS,,150764,0,0,0,0,0,47.0,0.0,100.0,0.0,100.0,0.0,0.0,,PUMA,0.0,0.0,,,,,,,Tops_Youth,False,1.0,True,0.0,,True,True,False,1.0,,,,,0.0,0.0,,
1.0,PUMA,Licensed,Apparel,Top,MCFC_25_YOH_JSY_Y,Manchester City FC YOH Jersey y,785895,WHT,White,YM,,150765,1,0,0,0,1,47.0,47.0,100.0,100.0,100.0,100.0,0.0,,PUMA,0.0,0.0,,,,,,,Tops_Youth,False,1.0,True,0.0,,True,True,False,1.0,,,,,0.0,1.0,1/22/26 3:12:16 PM,
1.0,PUMA,Licensed,Apparel,Top,MCFC_25_YOH_JSY_Y,Manchester City FC YOH Jersey y,785895,WHT,White,YL,,150766,0,0,0,0,0,47.0,0.0,100.0,0.0,100.0,0.0,0.0,,PUMA,0.0,0.0,,,,,,,Tops_Youth,False,1.0,True,0.0,,True,True,False,1.0,,,,,1.0,1.0,1/22/26 3:12:16 PM,
1.0,PUMA,Licensed,Apparel,Top,MCFC_25_YOH_JSY_Y,Manchester City FC YOH Jersey y,785895,WHT,White,YXL,,150767,1,0,0,0,1,47.0,47.0,100.0,100.0,100.0,100.0,0.0,,PUMA,0.0,0.0,,,,,,,Tops_Youth,False,1.0,True,0.0,,True,True,False,1.0,,,,,0.0,1.0,1/22/26 3:12:16 PM,
1.0,ADIDAS,Licensed,Apparel,Jerseys,JFF_26_H_JSY,Jamaica Home Jersey,KD0959,YEL,Yellow,XXS,,150822,0,0,0,0,0,56.4,0.0,120.0,0.0,120.0,0.0,0.0,,ADIDAS,0.0,0.0,,,,,,,Tops,False,1.0,True,0.0,,True,True,False,1.0,,,,,0.0,0.0,,
1.0,ADIDAS,Licensed,Apparel,Jerseys,JFF_26_H_JSY,Jamaica Home Jersey,KD0959,YEL,Yellow,XS,,150823,0,0,0,0,0,56.4,0.0,120.0,0.0,120.0,0.0,0.0,,ADIDAS,0.0,0.0,,,,,,,Tops,False,1.0,True,0.0,,True,True,False,1.0,,,,,0.0,0.0,,
1.0,ADIDAS,Licensed,Apparel,Jerseys,JFF_26_H_JSY,Jamaica Home Jersey,KD0959,YEL,Yellow,S,,150824,1,0,0,0,1,56.4,56.4,120.0,120.0,120.0,120.0,0.0,,ADIDAS,0.0,0.0,,,,,,,Tops,False,1.0,True,0.0,,True,True,False,1.0,,,,,0.0,1.0,2/15/26 11:36:29 AM,
1.0,ADIDAS,Licensed,Apparel,Jerseys,JFF_26_H_JSY,Jamaica Home Jersey,KD0959,YEL,Yellow,M,,150825,1,0,0,0,1,56.4,56.4,120.0,120.0,120.0,120.0,0.0,,ADIDAS,0.0,0.0,,,,,,,Tops,False,1.0,True,0.0,,True,True,False,1.0,,,,,1.0,2.0,2/15/26 11:36:30 AM,
1.0,ADIDAS,Licensed,Apparel,Jerseys,JFF_26_H_JSY,Jamaica Home Jersey,KD0959,YEL,Yellow,L,,150826,-1,0,0,0,-1,56.4,-56.4,120.0,-120.0,120.0,-120.0,0.0,,ADIDAS,0.0,0.0,,,,,,,Tops,False,1.0,True,0.0,,True,True,False,1.0,,,,,2.0,1.0,2/15/26 11:36:30 AM,
1.0,ADIDAS,Licensed,Apparel,Jerseys,JFF_26_H_JSY,Jamaica Home Jersey,KD0959,YEL,Yellow,XL,,150827,0,0,0,0,0,56.4,0.0,120.0,0.0,120.0,0.0,0.0,,ADIDAS,0.0,0.0,,,,,,,Tops,False,1.0,True,0.0,,True,True,False,1.0,,,,,1.0,1.0,2/15/26 11:36:30 AM,
1.0,ADIDAS,Licensed,Apparel,Jerseys,JFF_26_H_JSY,Jamaica Home Jersey,KD0959,YEL,Yellow,XXL,,150828,0,0,0,0,0,56.4,0.0,120.0,0.0,120.0,0.0,0.0,,ADIDAS,0.0,0.0,,,,,,,Tops,False,1.0,True,0.0,,True,True,False,1.0,,,,,0.0,0.0,,
1.0,ADIDAS,Licensed,Apparel,Jerseys,JFF_26_H_JSY,Jamaica Home Jersey,KD0959,YEL,Yellow,XXXL,,150829,0,0,0,0,0,56.4,0.0,120.0,0.0,120.0,0.0,0.0,,ADIDAS,0.0,0.0,,,,,,,Tops,False,1.0,True,0.0,,True,True,False,1.0,,,,,0.0,0.0,,
1.0,ADIDAS,Licensed,Apparel,Jerseys,JFF_26_H_JSY_Y,Jamaica Home Jersey Y,KB3391,YEL,Yellow,XXS,,150830,0,0,0,0,0,47.0,0.0,100.0,0.0,100.0,0.0,0.0,,ADIDAS,0.0,0.0,,,,,,,Tops,False,1.0,True,0.0,,True,True,False,1.0,,,,,0.0,0.0,,
1.0,ADIDAS,Licensed,Apparel,Jerseys,JFF_26_H_JSY_Y,Jamaica Home Jersey Y,KB3391,YEL,Yellow,XS,,150831,0,0,0,0,0,47.0,0.0,100.0,0.0,100.0,0.0,0.0,,ADIDAS,0.0,0.0,,,,,,,Tops,False,1.0,True,0.0,,True,True,False,1.0,,,,,0.0,0.0,,
1.0,ADIDAS,Licensed,Apparel,Jerseys,JFF_26_H_JSY_Y,Jamaica Home Jersey Y,KB3391,YEL,Yellow,S,,150832,0,0,0,0,0,47.0,0.0,100.0,0.0,100.0,0.0,0.0,,ADIDAS,0.0,0.0,,,,,,,Tops,False,1.0,True,0.0,,True,True,False,1.0,,,,,0.0,0.0,,
1.0,PUMA,Licensed,Apparel,Top,MCFC_25_4TH_JSY,Manchester City 4th Jersey,782692,GRN,Green,XXS,,150800,0,0,0,0,0,56.4,0.0,120.0,0.0,120.0,0.0,0.0,,PUMA,0.0,0.0,,,,,,,Tops,False,1.0,True,0.0,,True,True,False,1.0,,,,,0.0,0.0,,
1.0,PUMA,Licensed,Apparel,Top,MCFC_25_4TH_JSY,Manchester City 4th Jersey,782692,GRN,Green,XS,,150801,0,0,0,0,0,56.4,0.0,120.0,0.0,120.0,0.0,0.0,,PUMA,0.0,0.0,,,,,,,Tops,False,1.0,True,0.0,,True,True,False,1.0,,,,,0.0,0.0,,
1.0,PUMA,Licensed,Apparel,Top,MCFC_25_4TH_JSY,Manchester City 4th Jersey,782692,GRN,Green,S,,150802,2,0,0,0,2,56.4,112.8,120.0,240.0,120.0,240.0,0.0,,PUMA,0.0,0.0,,,,,,,Tops,False,1.0,True,0.0,,True,True,False,1.0,,,,,0.0,2.0,1/30/26 11:52:01 AM,
1.0,PUMA,Licensed,Apparel,Top,MCFC_25_4TH_JSY,Manchester City 4th Jersey,782692,GRN,Green,M,,150803,1,0,0,0,1,56.4,56.4,120.0,120.0,120.0,120.0,0.0,,PUMA,0.0,0.0,,,,,,,Tops,False,1.0,True,0.0,,True,True,False,1.0,,,,,0.0,1.0,1/30/26 11:52:02 AM,
1.0,PUMA,Licensed,Apparel,Top,MCFC_25_4TH_JSY,Manchester City 4th Jersey,782692,GRN,Green,L,,150804,0,0,0,0,0,56.4,0.0,120.0,0.0,120.0,0.0,0.0,,PUMA,0.0,0.0,,,,,,,Tops,False,1.0,True,0.0,,True,True,False,1.0,,,,,1.0,1.0,1/30/26 11:52:02 AM,
1.0,PUMA,Licensed,Apparel,Top,MCFC_25_4TH_JSY,Manchester City 4th Jersey,782692,GRN,Green,XL,,150805,0,0,0,0,0,56.4,0.0,120.0,0.0,120.0,0.0,0.0,,PUMA,0.0,0.0,,,,,,,Tops,False,1.0,True,0.0,,True,True,False,1.0,,,,,0.0,0.0,,
1.0,PUMA,Licensed,Apparel,Top,MCFC_25_4TH_JSY,Manchester City 4th Jersey,782692,GRN,Green,XXL,,150806,0,0,0,0,0,56.4,0.0,120.0,0.0,120.0,0.0,0.0,,PUMA,0.0,0.0,,,,,,,Tops,False,1.0,True,0.0,,True,True,False,1.0,,,,,0.0,0.0,,
1.0,PUMA,Licensed,Apparel,Top,MCFC_25_4TH_JSY,Manchester City 4th Jersey,782692,GRN,Green,XXXL,,150807,0,0,0,0,0,56.4,0.0,120.0,0.0,120.0,0.0,0.0,,PUMA,0.0,0.0,,,,,,,Tops,False,1.0,True,0.0,,True,True,False,1.0,,,,,0.0,0.0,,
1.0,PUMA,Licensed,Apparel,Top,MCFC_25_4TH_JSY_Y,Manchester City 4th Jersey y,782694,GRN,Green,Y2XS,,150808,0,0,0,0,0,47.0,0.0,100.0,0.0,100.0,0.0,0.0,,PUMA,0.0,0.0,,,,,,,Tops_Youth,False,1.0,True,0.0,,True,True,False,1.0,,,,,0.0,0.0,,
1.0,PUMA,Licensed,Apparel,Top,MCFC_25_4TH_JSY_Y,Manchester City 4th Jersey y,782694,GRN,Green,YXS,,150809,0,0,0,0,0,47.0,0.0,100.0,0.0,100.0,0.0,0.0,,PUMA,0.0,0.0,,,,,,,Tops_Youth,False,1.0,True,0.0,,True,True,False,1.0,,,,,0.0,0.0,,
1.0,PUMA,Licensed,Apparel,Top,MCFC_25_4TH_JSY_Y,Manchester City 4th Jersey y,782694,GRN,Green,YS,,150810,1,0,0,0,1,47.0,47.0,100.0,100.0,100.0,100.0,0.0,,PUMA,0.0,0.0,,,,,,,Tops_Youth,False,1.0,True,0.0,,True,True,False,1.0,,,,,0.0,1.0,1/30/26 12:13:38 PM,
1.0,PUMA,Licensed,Apparel,Top,MCFC_25_4TH_JSY_Y,Manchester City 4th Jersey y,782694,GRN,Green,YM,,150811,2,0,0,0,2,47.0,94.0,100.0,200.0,100.0,200.0,0.0,,PUMA,0.0,0.0,,,,,,,Tops_Youth,False,1.0,True,0.0,,True,True,False,1.0,,,,,0.0,2.0,1/30/26 12:13:38 PM,
1.0,PUMA,Licensed,Apparel,Top,MCFC_25_4TH_JSY_Y,Manchester City 4th Jersey y,782694,GRN,Green,YL,,150812,2,0,0,0,2,47.0,94.0,100.0,200.0,100.0,200.0,0.0,,PUMA,0.0,0.0,,,,,,,Tops_Youth,False,1.0,True,0.0,,True,True,False,1.0,,,,,0.0,2.0,1/30/26 12:13:38 PM,
1.0,PUMA,Licensed,Apparel,Top,MCFC_25_4TH_JSY_Y,Manchester City 4th Jersey y,782694,GRN,Green,YXL,,150813,1,0,0,0,1,47.0,47.0,100.0,100.0,100.0,100.0,0.0,,PUMA,0.0,0.0,,,,,,,Tops_Youth,False,1.0,True,0.0,,True,True,False,1.0,,,,,0.0,1.0,1/30/26 12:13:38 PM,
1.0,ADIDAS,Licensed,Apparel,Hoody,JFF_26_DNA_HOODIE,Jamaica DNA Hoodie,JY5216,BLK,Black,XXS,,150853,0,0,0,0,0,39.95,0.0,85.0,0.0,85.0,0.0,0.0,,ADIDAS,0.0,0.0,,,,,,,Tops,False,1.0,True,0.0,,True,True,False,1.0,,,,,0.0,0.0,,
1.0,ADIDAS,Licensed,Apparel,Hoody,JFF_26_DNA_HOODIE,Jamaica DNA Hoodie,JY5216,BLK,Black,XS,,150854,1,0,0,0,1,39.95,39.95,85.0,85.0,85.0,85.0,0.0,,ADIDAS,0.0,0.0,,,,,,,Tops,False,1.0,True,0.0,,True,True,False,1.0,,,,,0.0,1.0,2/15/26 11:46:09 AM,
1.0,ADIDAS,Licensed,Apparel,Hoody,JFF_26_DNA_HOODIE,Jamaica DNA Hoodie,JY5216,BLK,Black,S,,150855,1,0,0,0,1,39.95,39.95,85.0,85.0,85.0,85.0,0.0,,ADIDAS,0.0,0.0,,,,,,,Tops,False,1.0,True,0.0,,True,True,False,1.0,,,,,1.0,2.0,2/15/26 11:46:09 AM,
1.0,ADIDAS,Licensed,Apparel,Hoody,JFF_26_DNA_HOODIE,Jamaica DNA Hoodie,JY5216,BLK,Black,M,,150856,1,0,0,0,1,39.95,39.95,85.0,85.0,85.0,85.0,0.0,,ADIDAS,0.0,0.0,,,,,,,Tops,False,1.0,True,0.0,,True,True,False,1.0,,,,,0.0,1.0,2/15/26 11:46:09 AM,
1.0,ADIDAS,Licensed,Apparel,Hoody,JFF_26_DNA_HOODIE,Jamaica DNA Hoodie,JY5216,BLK,Black,L,,150857,1,0,0,0,1,39.95,39.95,85.0,85.0,85.0,85.0,0.0,,ADIDAS,0.0,0.0,,,,,,,Tops,False,1.0,True,0.0,,True,True,False,1.0,,,,,0.0,1.0,2/15/26 11:46:09 AM,
1.0,ADIDAS,Licensed,Apparel,Hoody,JFF_26_DNA_HOODIE,Jamaica DNA Hoodie,JY5216,BLK,Black,XL,,150858,0,0,0,0,0,39.95,0.0,85.0,0.0,85.0,0.0,0.0,,ADIDAS,0.0,0.0,,,,,,,Tops,False,1.0,True,0.0,,True,True,False,1.0,,,,,0.0,0.0,,
1.0,ADIDAS,Licensed,Apparel,Hoody,JFF_26_DNA_HOODIE,Jamaica DNA Hoodie,JY5216,BLK,Black,XXL,,150859,0,0,0,0,0,39.95,0.0,85.0,0.0,85.0,0.0,0.0,,ADIDAS,0.0,0.0,,,,,,,Tops,False,1.0,True,0.0,,True,True,False,1.0,,,,,0.0,0.0,,
1.0,ADIDAS,Licensed,Apparel,Hoody,JFF_26_DNA_HOODIE,Jamaica DNA Hoodie,JY5216,BLK,Black,XXXL,,150860,0,0,0,0,0,39.95,0.0,85.0,0.0,85.0,0.0,0.0,,ADIDAS,0.0,0.0,,,,,,,Tops,False,1.0,True,0.0,,True,True,False,1.0,,,,,0.0,0.0,,
1.0,ADIDAS,Licensed,Apparel,hat,JFF_26_CAP,Jamaica Cap,KE5550,BLK,Black,OS,,150861,0,0,0,0,0,18.8,0.0,40.0,0.0,40.0,0.0,0.0,,ADIDAS,0.0,0.0,,,,,,,Hat,False,1.0,True,0.0,,True,True,False,1.0,,,,,1.0,1.0,2/15/26 11:49:58 AM,
1.0,ADIDAS,Licensed,Apparel,Jerseys,JFF_26_H_JSY_Y,Jamaica Home Jersey Y,KB3391,YEL,Yellow,M,,150833,2,0,0,0,2,47.0,94.0,100.0,200.0,100.0,200.0,0.0,,ADIDAS,0.0,0.0,,,,,,,Tops,False,1.0,True,0.0,,True,True,False,1.0,,,,,0.0,2.0,2/15/26 11:37:55 AM,
1.0,ADIDAS,Licensed,Apparel,Jerseys,JFF_26_H_JSY_Y,Jamaica Home Jersey Y,KB3391,YEL,Yellow,L,,150834,0,0,0,0,0,47.0,0.0,100.0,0.0,100.0,0.0,0.0,,ADIDAS,0.0,0.0,,,,,,,Tops,False,1.0,True,0.0,,True,True,False,1.0,,,,,0.0,0.0,,
1.0,ADIDAS,Licensed,Apparel,Jerseys,JFF_26_H_JSY_Y,Jamaica Home Jersey Y,KB3391,YEL,Yellow,XL,,150835,1,0,0,0,1,47.0,47.0,100.0,100.0,100.0,100.0,0.0,,ADIDAS,0.0,0.0,,,,,,,Tops,False,1.0,True,0.0,,True,True,False,1.0,,,,,0.0,1.0,2/15/26 11:37:55 AM,
1.0,ADIDAS,Licensed,Apparel,Jerseys,JFF_26_H_JSY_Y,Jamaica Home Jersey Y,KB3391,YEL,Yellow,XXL,,150836,0,0,0,0,0,47.0,0.0,100.0,0.0,100.0,0.0,0.0,,ADIDAS,0.0,0.0,,,,,,,Tops,False,1.0,True,0.0,,True,True,False,1.0,,,,,0.0,0.0,,
1.0,ADIDAS,Licensed,Apparel,Jerseys,JFF_26_H_JSY_Y,Jamaica Home Jersey Y,KB3391,YEL,Yellow,XXXL,,150837,0,0,0,0,0,47.0,0.0,100.0,0.0,100.0,0.0,0.0,,ADIDAS,0.0,0.0,,,,,,,Tops,False,1.0,True,0.0,,True,True,False,1.0,,,,,0.0,0.0,,
1.0,ADIDAS,Licensed,Apparel,Jerseys,JFF_26_H_MINI_KIT,Jamaica Mini Kit,KB3395,YEL,Yellow,2XS,,150838,0,0,0,0,0,42.3,0.0,90.0,0.0,90.0,0.0,0.0,,ADIDAS,0.0,0.0,,,,,,,Infant_Adi,False,1.0,True,0.0,,True,True,False,1.0,,,,,0.0,0.0,,
1.0,ADIDAS,Licensed,Apparel,Jerseys,JFF_26_H_MINI_KIT,Jamaica Mini Kit,KB3395,YEL,Yellow,XS,,150839,0,0,0,0,0,42.3,0.0,90.0,0.0,90.0,0.0,0.0,,ADIDAS,0.0,0.0,,,,,,,Infant_Adi,False,1.0,True,0.0,,True,True,False,1.0,,,,,0.0,0.0,,
1.0,ADIDAS,Licensed,Apparel,Jerseys,JFF_26_H_MINI_KIT,Jamaica Mini Kit,KB3395,YEL,Yellow,2T,,150840,1,0,0,0,1,42.3,42.3,90.0,90.0,90.0,90.0,0.0,,ADIDAS,0.0,0.0,,,,,,,Infant_Adi,False,1.0,True,0.0,,True,True,False,1.0,,,,,0.0,1.0,2/15/26 11:41:36 AM,
1.0,ADIDAS,Licensed,Apparel,Jerseys,JFF_26_H_MINI_KIT,Jamaica Mini Kit,KB3395,YEL,Yellow,3T,,150841,0,0,0,0,0,42.3,0.0,90.0,0.0,90.0,0.0,0.0,,ADIDAS,0.0,0.0,,,,,,,Infant_Adi,False,1.0,True,0.0,,True,True,False,1.0,,,,,0.0,0.0,,
1.0,ADIDAS,Licensed,Apparel,Jerseys,JFF_26_H_MINI_KIT,Jamaica Mini Kit,KB3395,YEL,Yellow,4T,,150842,0,0,0,0,0,42.3,0.0,90.0,0.0,90.0,0.0,0.0,,ADIDAS,0.0,0.0,,,,,,,Infant_Adi,False,1.0,True,0.0,,True,True,False,1.0,,,,,1.0,1.0,2/15/26 11:41:36 AM,
1.0,ADIDAS,Licensed,Apparel,Jerseys,JFF_26_H_MINI_KIT,Jamaica Mini Kit,KB3395,YEL,Yellow,5,,150843,1,0,0,0,1,42.3,42.3,90.0,90.0,90.0,90.0,0.0,,ADIDAS,0.0,0.0,,,,,,,Infant_Adi,False,1.0,True,0.0,,True,True,False,1.0,,,,,0.0,1.0,2/15/26 11:41:36 AM,
1.0,ADIDAS,Licensed,Apparel,Jerseys,JFF_26_H_MINI_KIT,Jamaica Mini Kit,KB3395,YEL,Yellow,6,,150844,0,0,0,0,0,42.3,0.0,90.0,0.0,90.0,0.0,0.0,,ADIDAS,0.0,0.0,,,,,,,Infant_Adi,False,1.0,True,0.0,,True,True,False,1.0,,,,,0.0,0.0,,
1.0,ADIDAS,Licensed,Apparel,Jerseys,JFF_26_A_JSY,Jamaica Away Jersey,KD0957,BLK,Black,XXS,,150845,0,0,0,0,0,56.4,0.0,120.0,0.0,120.0,0.0,0.0,,ADIDAS,0.0,0.0,,,,,,,Tops,False,1.0,True,0.0,,True,True,False,1.0,,,,,0.0,0.0,,
1.0,ADIDAS,Licensed,Apparel,Jerseys,JFF_26_A_JSY,Jamaica Away Jersey,KD0957,BLK,Black,XS,,150846,0,0,0,0,0,56.4,0.0,120.0,0.0,120.0,0.0,0.0,,ADIDAS,0.0,0.0,,,,,,,Tops,False,1.0,True,0.0,,True,True,False,1.0,,,,,0.0,0.0,,
1.0,ADIDAS,Licensed,Apparel,Jerseys,JFF_26_A_JSY,Jamaica Away Jersey,KD0957,BLK,Black,S,,150847,0,0,0,0,0,56.4,0.0,120.0,0.0,120.0,0.0,0.0,,ADIDAS,0.0,0.0,,,,,,,Tops,False,1.0,True,0.0,,True,True,False,1.0,,,,,1.0,1.0,2/15/26 11:43:18 AM,
1.0,ADIDAS,Licensed,Apparel,Jerseys,JFF_26_A_JSY,Jamaica Away Jersey,KD0957,BLK,Black,M,,150848,0,0,0,0,0,56.4,0.0,120.0,0.0,120.0,0.0,0.0,,ADIDAS,0.0,0.0,,,,,,,Tops,False,1.0,True,0.0,,True,True,False,1.0,,,,,1.0,1.0,2/15/26 11:43:19 AM,
1.0,ADIDAS,Licensed,Apparel,Jerseys,JFF_26_A_JSY,Jamaica Away Jersey,KD0957,BLK,Black,L,,150849,0,0,0,0,0,56.4,0.0,120.0,0.0,120.0,0.0,0.0,,ADIDAS,0.0,0.0,,,,,,,Tops,False,1.0,True,0.0,,True,True,False,1.0,,,,,0.0,0.0,,
1.0,ADIDAS,Licensed,Apparel,Jerseys,JFF_26_A_JSY,Jamaica Away Jersey,KD0957,BLK,Black,XL,,150850,0,0,0,0,0,56.4,0.0,120.0,0.0,120.0,0.0,0.0,,ADIDAS,0.0,0.0,,,,,,,Tops,False,1.0,True,0.0,,True,True,False,1.0,,,,,0.0,0.0,,
1.0,ADIDAS,Licensed,Apparel,Jerseys,JFF_26_A_JSY,Jamaica Away Jersey,KD0957,BLK,Black,XXL,,150851,0,0,0,0,0,56.4,0.0,120.0,0.0,120.0,0.0,0.0,,ADIDAS,0.0,0.0,,,,,,,Tops,False,1.0,True,0.0,,True,True,False,1.0,,,,,0.0,0.0,,
1.0,ADIDAS,Licensed,Apparel,Jerseys,JFF_26_A_JSY,Jamaica Away Jersey,KD0957,BLK,Black,XXXL,,150852,0,0,0,0,0,56.4,0.0,120.0,0.0,120.0,0.0,0.0,,ADIDAS,0.0,0.0,,,,,,,Tops,False,1.0,True,0.0,,True,True,False,1.0,,,,,0.0,0.0,,
1.0,PUMA,Licensed,Apparel,Jerseys,FPF_26_WARM_UP_JSY,Portugal Warm Up Jersey,784788,GRN,Green,XXS,,150946,0,0,0,0,0,36.0,0.0,90.0,0.0,90.0,0.0,0.0,,PUMA,0.0,0.0,,,,,,,Tops,False,1.0,True,0.0,,True,True,False,1.0,,,,,0.0,0.0,,
1.0,PUMA,Licensed,Apparel,Jerseys,FPF_26_WARM_UP_JSY,Portugal Warm Up Jersey,784788,GRN,Green,XS,,150947,0,0,0,0,0,36.0,0.0,90.0,0.0,90.0,0.0,0.0,,PUMA,0.0,0.0,,,,,,,Tops,False,1.0,True,0.0,,True,True,False,1.0,,,,,0.0,0.0,,
1.0,PUMA,Licensed,Apparel,Jerseys,FPF_26_WARM_UP_JSY,Portugal Warm Up Jersey,784788,GRN,Green,S,,150948,2,0,0,0,2,36.0,72.0,90.0,180.0,90.0,180.0,0.0,,PUMA,0.0,0.0,,,,,,,Tops,False,1.0,True,0.0,,True,True,False,1.0,,,,,0.0,2.0,2/20/26 1:19:17 PM,
1.0,PUMA,Licensed,Apparel,Jerseys,FPF_26_WARM_UP_JSY,Portugal Warm Up Jersey,784788,GRN,Green,M,,150949,2,0,0,0,2,36.0,72.0,90.0,180.0,90.0,180.0,0.0,,PUMA,0.0,0.0,,,,,,,Tops,False,1.0,True,0.0,,True,True,False,1.0,,,,,0.0,2.0,2/20/26 1:19:18 PM,
1.0,PUMA,Licensed,Apparel,Jerseys,FPF_26_WARM_UP_JSY,Portugal Warm Up Jersey,784788,GRN,Green,L,,150950,1,0,0,0,1,36.0,36.0,90.0,90.0,90.0,90.0,0.0,,PUMA,0.0,0.0,,,,,,,Tops,False,1.0,True,0.0,,True,True,False,1.0,,,,,0.0,1.0,2/20/26 1:19:18 PM,
1.0,PUMA,Licensed,Apparel,Jerseys,FPF_26_WARM_UP_JSY,Portugal Warm Up Jersey,784788,GRN,Green,XL,,150951,0,0,0,0,0,36.0,0.0,90.0,0.0,90.0,0.0,0.0,,PUMA,0.0,0.0,,,,,,,Tops,False,1.0,True,0.0,,True,True,False,1.0,,,,,0.0,0.0,,
1.0,PUMA,Licensed,Apparel,Jerseys,FPF_26_WARM_UP_JSY,Portugal Warm Up Jersey,784788,GRN,Green,XXL,,150952,0,0,0,0,0,36.0,0.0,90.0,0.0,90.0,0.0,0.0,,PUMA,0.0,0.0,,,,,,,Tops,False,1.0,True,0.0,,True,True,False,1.0,,,,,0.0,0.0,,
1.0,PUMA,Licensed,Apparel,Jerseys,FPF_26_WARM_UP_JSY,Portugal Warm Up Jersey,784788,GRN,Green,XXXL,,150953,0,0,0,0,0,36.0,0.0,90.0,0.0,90.0,0.0,0.0,,PUMA,0.0,0.0,,,,,,,Tops,False,1.0,True,0.0,,True,True,False,1.0,,,,,0.0,0.0,,
1.0,PUMA,Licensed,Apparel,Top,FPF_26_1/4_ZP_TRN_OP,Portugal 1/4 Zip Training Top,784772,GRN,Green,XXS,,150960,0,0,0,0,0,42.0,0.0,105.0,0.0,105.0,0.0,0.0,,PUMA,0.0,0.0,,,,,,,Tops,False,1.0,True,0.0,,True,True,False,1.0,,,,,0.0,0.0,,
1.0,PUMA,Licensed,Apparel,Top,FPF_26_1/4_ZP_TRN_OP,Portugal 1/4 Zip Training Top,784772,GRN,Green,XS,,150961,0,0,0,0,0,42.0,0.0,105.0,0.0,105.0,0.0,0.0,,PUMA,0.0,0.0,,,,,,,Tops,False,1.0,True,0.0,,True,True,False,1.0,,,,,0.0,0.0,,
1.0,PUMA,Licensed,Apparel,Top,FPF_26_1/4_ZP_TRN_OP,Portugal 1/4 Zip Training Top,784772,GRN,Green,S,,150962,1,0,0,0,1,42.0,42.0,105.0,105.0,105.0,105.0,0.0,,PUMA,0.0,0.0,,,,,,,Tops,False,1.0,True,0.0,,True,True,False,1.0,,,,,0.0,1.0,2/20/26 1:26:30 PM,
1.0,PUMA,Licensed,Apparel,Top,FPF_26_1/4_ZP_TRN_OP,Portugal 1/4 Zip Training Top,784772,GRN,Green,M,,150963,2,0,0,0,2,42.0,84.0,105.0,210.0,105.0,210.0,0.0,,PUMA,0.0,0.0,,,,,,,Tops,False,1.0,True,0.0,,True,True,False,1.0,,,,,0.0,2.0,2/20/26 1:26:30 PM,
1.0,PUMA,Licensed,Apparel,Top,FPF_26_1/4_ZP_TRN_OP,Portugal 1/4 Zip Training Top,784772,GRN,Green,L,,150964,1,0,0,0,1,42.0,42.0,105.0,105.0,105.0,105.0,0.0,,PUMA,0.0,0.0,,,,,,,Tops,False,1.0,True,0.0,,True,True,False,1.0,,,,,0.0,1.0,2/20/26 1:26:30 PM,
1.0,PUMA,Licensed,Apparel,Top,FPF_26_1/4_ZP_TRN_OP,Portugal 1/4 Zip Training Top,784772,GRN,Green,XL,,150965,1,0,0,0,1,42.0,42.0,105.0,105.0,105.0,105.0,0.0,,PUMA,0.0,0.0,,,,,,,Tops,False,1.0,True,0.0,,True,True,False,1.0,,,,,0.0,1.0,2/20/26 1:26:30 PM,
1.0,PUMA,Licensed,Apparel,Top,FPF_26_1/4_ZP_TRN_OP,Portugal 1/4 Zip Training Top,784772,GRN,Green,XXL,,150966,0,0,0,0,0,42.0,0.0,105.0,0.0,105.0,0.0,0.0,,PUMA,0.0,0.0,,,,,,,Tops,False,1.0,True,0.0,,True,True,False,1.0,,,,,0.0,0.0,,
1.0,PUMA,Licensed,Apparel,Top,FPF_26_1/4_ZP_TRN_OP,Portugal 1/4 Zip Training Top,784772,GRN,Green,XXXL,,150967,0,0,0,0,0,42.0,0.0,105.0,0.0,105.0,0.0,0.0,,PUMA,0.0,0.0,,,,,,,Tops,False,1.0,True,0.0,,True,True,False,1.0,,,,,0.0,0.0,,
1.0,PUMA,Licensed,Apparel,Top,FPF_26_1/4_ZP_TR_TP,Portugal 1/4 Zip Training Top,784772,GRN,Green,XXS,,150968,0,0,0,0,0,42.0,0.0,105.0,0.0,105.0,0.0,0.0,,PUMA,0.0,0.0,,,,,,,Tops,False,1.0,True,0.0,,True,True,False,1.0,,,,,0.0,0.0,,
1.0,PUMA,Licensed,Apparel,Top,FPF_26_1/4_ZP_TR_TP,Portugal 1/4 Zip Training Top,784772,GRN,Green,XS,,150969,0,0,0,0,0,42.0,0.0,105.0,0.0,105.0,0.0,0.0,,PUMA,0.0,0.0,,,,,,,Tops,False,1.0,True,0.0,,True,True,False,1.0,,,,,0.0,0.0,,
1.0,PUMA,Licensed,Apparel,Top,FPF_26_1/4_ZP_TR_TP,Portugal 1/4 Zip Training Top,784772,GRN,Green,S,,150970,0,0,0,0,0,42.0,0.0,105.0,0.0,105.0,0.0,0.0,,PUMA,0.0,0.0,,,,,,,Tops,False,1.0,True,0.0,,True,True,False,1.0,,,,,0.0,0.0,,
1.0,PUMA,Licensed,Apparel,Top,FPF_26_1/4_ZP_TR_TP,Portugal 1/4 Zip Training Top,784772,GRN,Green,M,,150971,0,0,0,0,0,42.0,0.0,105.0,0.0,105.0,0.0,0.0,,PUMA,0.0,0.0,,,,,,,Tops,False,1.0,True,0.0,,True,True,False,1.0,,,,,0.0,0.0,,
1.0,PUMA,Licensed,Apparel,Top,FPF_26_1/4_ZP_TR_TP,Portugal 1/4 Zip Training Top,784772,GRN,Green,L,,150972,0,0,0,0,0,42.0,0.0,105.0,0.0,105.0,0.0,0.0,,PUMA,0.0,0.0,,,,,,,Tops,False,1.0,True,0.0,,True,True,False,1.0,,,,,0.0,0.0,,
1.0,PUMA,Licensed,Apparel,Top,FPF_26_1/4_ZP_TR_TP,Portugal 1/4 Zip Training Top,784772,GRN,Green,XL,,150973,0,0,0,0,0,42.0,0.0,105.0,0.0,105.0,0.0,0.0,,PUMA,0.0,0.0,,,,,,,Tops,False,1.0,True,0.0,,True,True,False,1.0,,,,,0.0,0.0,,
1.0,PUMA,Licensed,Apparel,Top,FPF_26_1/4_ZP_TR_TP,Portugal 1/4 Zip Training Top,784772,GRN,Green,XXL,,150974,0,0,0,0,0,42.0,0.0,105.0,0.0,105.0,0.0,0.0,,PUMA,0.0,0.0,,,,,,,Tops,False,1.0,True,0.0,,True,True,False,1.0,,,,,0.0,0.0,,
1.0,PUMA,Licensed,Apparel,Jacket,FPF_26_ANTHEM_JKT,Portugal Anthem Jacket,784833,GRN,Green,XXS,,150930,0,0,0,0,0,50.0,0.0,125.0,0.0,125.0,0.0,0.0,,PUMA,0.0,0.0,,,,,,,Tops,False,1.0,True,0.0,,True,True,False,1.0,,,,,0.0,0.0,,
1.0,PUMA,Licensed,Apparel,Jacket,FPF_26_ANTHEM_JKT,Portugal Anthem Jacket,784833,GRN,Green,XS,,150931,0,0,0,0,0,50.0,0.0,125.0,0.0,125.0,0.0,0.0,,PUMA,0.0,0.0,,,,,,,Tops,False,1.0,True,0.0,,True,True,False,1.0,,,,,0.0,0.0,,
1.0,PUMA,Licensed,Apparel,Jacket,FPF_26_ANTHEM_JKT,Portugal Anthem Jacket,784833,GRN,Green,S,,150932,1,0,0,0,1,50.0,50.0,125.0,125.0,125.0,125.0,0.0,,PUMA,0.0,0.0,,,,,,,Tops,False,1.0,True,0.0,,True,True,False,1.0,,,,,0.0,1.0,2/20/26 1:13:23 PM,
1.0,PUMA,Licensed,Apparel,Jacket,FPF_26_ANTHEM_JKT,Portugal Anthem Jacket,784833,GRN,Green,M,,150933,0,0,0,0,0,50.0,0.0,125.0,0.0,125.0,0.0,0.0,,PUMA,0.0,0.0,,,,,,,Tops,False,1.0,True,0.0,,True,True,False,1.0,,,,,1.0,1.0,2/20/26 1:13:24 PM,
1.0,PUMA,Licensed,Apparel,Jacket,FPF_26_ANTHEM_JKT,Portugal Anthem Jacket,784833,GRN,Green,L,,150934,1,0,0,0,1,50.0,50.0,125.0,125.0,125.0,125.0,0.0,,PUMA,0.0,0.0,,,,,,,Tops,False,1.0,True,0.0,,True,True,False,1.0,,,,,0.0,1.0,2/20/26 1:13:24 PM,
1.0,PUMA,Licensed,Apparel,Jacket,FPF_26_ANTHEM_JKT,Portugal Anthem Jacket,784833,GRN,Green,XL,,150935,0,0,0,0,0,50.0,0.0,125.0,0.0,125.0,0.0,0.0,,PUMA,0.0,0.0,,,,,,,Tops,False,1.0,True,0.0,,True,True,False,1.0,,,,,0.0,0.0,,
1.0,PUMA,Licensed,Apparel,Jacket,FPF_26_ANTHEM_JKT,Portugal Anthem Jacket,784833,GRN,Green,XXL,,150936,0,0,0,0,0,50.0,0.0,125.0,0.0,125.0,0.0,0.0,,PUMA,0.0,0.0,,,,,,,Tops,False,1.0,True,0.0,,True,True,False,1.0,,,,,0.0,0.0,,
1.0,PUMA,Licensed,Apparel,Jacket,FPF_26_ANTHEM_JKT,Portugal Anthem Jacket,784833,GRN,Green,XXXL,,150937,0,0,0,0,0,50.0,0.0,125.0,0.0,125.0,0.0,0.0,,PUMA,0.0,0.0,,,,,,,Tops,False,1.0,True,0.0,,True,True,False,1.0,,,,,0.0,0.0,,
1.0,PUMA,Licensed,Apparel,Jacket,FPF_26_ANTHEM_JKT,Portugal Anthem Jacket,784833,BUR,Burgandy,XXS,,150938,0,0,0,0,0,50.0,0.0,125.0,0.0,125.0,0.0,0.0,,PUMA,0.0,0.0,,,,,,,Tops,False,1.0,True,0.0,,True,True,False,1.0,,,,,0.0,0.0,,
1.0,PUMA,Licensed,Apparel,Jacket,FPF_26_ANTHEM_JKT,Portugal Anthem Jacket,784833,BUR,Burgandy,XS,,150939,0,0,0,0,0,50.0,0.0,125.0,0.0,125.0,0.0,0.0,,PUMA,0.0,0.0,,,,,,,Tops,False,1.0,True,0.0,,True,True,False,1.0,,,,,0.0,0.0,,
1.0,PUMA,Licensed,Apparel,Jacket,FPF_26_ANTHEM_JKT,Portugal Anthem Jacket,784833,BUR,Burgandy,S,,150940,1,0,0,0,1,50.0,50.0,125.0,125.0,125.0,125.0,0.0,,PUMA,0.0,0.0,,,,,,,Tops,False,1.0,True,0.0,,True,True,False,1.0,,,,,0.0,1.0,2/20/26 1:15:05 PM,
1.0,PUMA,Licensed,Apparel,Jacket,FPF_26_ANTHEM_JKT,Portugal Anthem Jacket,784833,BUR,Burgandy,M,,150941,1,0,0,0,1,50.0,50.0,125.0,125.0,125.0,125.0,0.0,,PUMA,0.0,0.0,,,,,,,Tops,False,1.0,True,0.0,,True,True,False,1.0,,,,,0.0,1.0,2/20/26 1:15:06 PM,
1.0,PUMA,Licensed,Apparel,Jacket,FPF_26_ANTHEM_JKT,Portugal Anthem Jacket,784833,BUR,Burgandy,L,,150942,1,0,0,0,1,50.0,50.0,125.0,125.0,125.0,125.0,0.0,,PUMA,0.0,0.0,,,,,,,Tops,False,1.0,True,0.0,,True,True,False,1.0,,,,,0.0,1.0,2/20/26 1:15:06 PM,
1.0,PUMA,Licensed,Apparel,Jacket,FPF_26_ANTHEM_JKT,Portugal Anthem Jacket,784833,BUR,Burgandy,XL,,150943,1,0,0,0,1,50.0,50.0,125.0,125.0,125.0,125.0,0.0,,PUMA,0.0,0.0,,,,,,,Tops,False,1.0,True,0.0,,True,True,False,1.0,,,,,0.0,1.0,2/20/26 1:15:06 PM,
1.0,PUMA,Licensed,Apparel,Jacket,FPF_26_ANTHEM_JKT,Portugal Anthem Jacket,784833,BUR,Burgandy,XXL,,150944,0,0,0,0,0,50.0,0.0,125.0,0.0,125.0,0.0,0.0,,PUMA,0.0,0.0,,,,,,,Tops,False,1.0,True,0.0,,True,True,False,1.0,,,,,0.0,0.0,,
1.0,PUMA,Licensed,Apparel,Jacket,FPF_26_ANTHEM_JKT,Portugal Anthem Jacket,784833,BUR,Burgandy,XXXL,,150945,0,0,0,0,0,50.0,0.0,125.0,0.0,125.0,0.0,0.0,,PUMA,0.0,0.0,,,,,,,Tops,False,1.0,True,0.0,,True,True,False,1.0,,,,,0.0,0.0,,
1.0,PUMA,Licensed,Apparel,Jerseys,FPF_26_H_JSY_LS_Y,Portugal Home Jersey LS Y,783282,RED,Red,Y2XS,,150954,0,0,0,0,0,42.0,0.0,105.0,0.0,105.0,0.0,0.0,,PUMA,0.0,0.0,,,,,,,Tops_Youth,False,1.0,True,0.0,,True,True,False,1.0,,,,,0.0,0.0,,
1.0,PUMA,Licensed,Apparel,Jerseys,FPF_26_H_JSY_LS_Y,Portugal Home Jersey LS Y,783282,RED,Red,YXS,,150955,0,0,0,0,0,42.0,0.0,105.0,0.0,105.0,0.0,0.0,,PUMA,0.0,0.0,,,,,,,Tops_Youth,False,1.0,True,0.0,,True,True,False,1.0,,,,,0.0,0.0,,
1.0,PUMA,Licensed,Apparel,Jerseys,FPF_26_H_JSY_LS_Y,Portugal Home Jersey LS Y,783282,RED,Red,YS,,150956,0,0,0,0,0,42.0,0.0,105.0,0.0,105.0,0.0,0.0,,PUMA,0.0,0.0,,,,,,,Tops_Youth,False,1.0,True,0.0,,True,True,False,1.0,,,,,0.0,0.0,,
1.0,PUMA,Licensed,Apparel,Jerseys,FPF_26_H_JSY_LS_Y,Portugal Home Jersey LS Y,783282,RED,Red,YM,,150957,2,0,0,0,2,42.0,84.0,105.0,210.0,105.0,210.0,0.0,,PUMA,0.0,0.0,,,,,,,Tops_Youth,False,1.0,True,0.0,,True,True,False,1.0,,,,,0.0,2.0,2/20/26 1:22:25 PM,
1.0,PUMA,Licensed,Apparel,Jerseys,FPF_26_H_JSY_LS_Y,Portugal Home Jersey LS Y,783282,RED,Red,YL,,150958,2,0,0,0,2,42.0,84.0,105.0,210.0,105.0,210.0,0.0,,PUMA,0.0,0.0,,,,,,,Tops_Youth,False,1.0,True,0.0,,True,True,False,1.0,,,,,0.0,2.0,2/20/26 1:22:25 PM,
1.0,PUMA,Licensed,Apparel,Jerseys,FPF_26_H_JSY_LS_Y,Portugal Home Jersey LS Y,783282,RED,Red,YXL,,150959,2,0,0,0,2,42.0,84.0,105.0,210.0,105.0,210.0,0.0,,PUMA,0.0,0.0,,,,,,,Tops_Youth,False,1.0,True,0.0,,True,True,False,1.0,,,,,0.0,2.0,2/20/26 1:22:25 PM,
1.0,PUMA,Licensed,Apparel,Top,FPF_26_1/4_ZP_TR_TP,Portugal 1/4 Zip Training Top,784772,GRN,Green,XXXL,,150975,0,0,0,0,0,42.0,0.0,105.0,0.0,105.0,0.0,0.0,,PUMA,0.0,0.0,,,,,,,Tops,False,1.0,True,0.0,,True,True,False,1.0,,,,,0.0,0.0,,
1.0,PUMA,Licensed,Apparel,Top,FPF_26_1/4_ZP_TR_TP,Portugal 1/4 Zip Training Top,784772,WHT,White,XXS,,150976,0,0,0,0,0,42.0,0.0,105.0,0.0,105.0,0.0,0.0,,PUMA,0.0,0.0,,,,,,,Tops,False,1.0,True,0.0,,True,True,False,1.0,,,,,0.0,0.0,,
1.0,PUMA,Licensed,Apparel,Top,FPF_26_1/4_ZP_TR_TP,Portugal 1/4 Zip Training Top,784772,WHT,White,XS,,150977,0,0,0,0,0,42.0,0.0,105.0,0.0,105.0,0.0,0.0,,PUMA,0.0,0.0,,,,,,,Tops,False,1.0,True,0.0,,True,True,False,1.0,,,,,0.0,0.0,,
1.0,PUMA,Licensed,Apparel,Top,FPF_26_1/4_ZP_TR_TP,Portugal 1/4 Zip Training Top,784772,WHT,White,S,,150978,2,0,0,0,2,42.0,84.0,105.0,210.0,105.0,210.0,0.0,,PUMA,0.0,0.0,,,,,,,Tops,False,1.0,True,0.0,,True,True,False,1.0,,,,,0.0,2.0,2/20/26 1:30:06 PM,
1.0,PUMA,Licensed,Apparel,Top,FPF_26_1/4_ZP_TR_TP,Portugal 1/4 Zip Training Top,784772,WHT,White,M,,150979,2,0,0,0,2,42.0,84.0,105.0,210.0,105.0,210.0,0.0,,PUMA,0.0,0.0,,,,,,,Tops,False,1.0,True,0.0,,True,True,False,1.0,,,,,0.0,2.0,2/20/26 1:30:06 PM,
1.0,PUMA,Licensed,Apparel,Top,FPF_26_1/4_ZP_TR_TP,Portugal 1/4 Zip Training Top,784772,WHT,White,L,,150980,2,0,0,0,2,42.0,84.0,105.0,210.0,105.0,210.0,0.0,,PUMA,0.0,0.0,,,,,,,Tops,False,1.0,True,0.0,,True,True,False,1.0,,,,,0.0,2.0,2/20/26 1:30:06 PM,
1.0,PUMA,Licensed,Apparel,Top,FPF_26_1/4_ZP_TR_TP,Portugal 1/4 Zip Training Top,784772,WHT,White,XL,,150981,1,0,0,0,1,42.0,42.0,105.0,105.0,105.0,105.0,0.0,,PUMA,0.0,0.0,,,,,,,Tops,False,1.0,True,0.0,,True,True,False,1.0,,,,,0.0,1.0,2/20/26 1:30:06 PM,
1.0,PUMA,Licensed,Apparel,Top,FPF_26_1/4_ZP_TR_TP,Portugal 1/4 Zip Training Top,784772,WHT,White,XXL,,150982,1,0,0,0,1,42.0,42.0,105.0,105.0,105.0,105.0,0.0,,PUMA,0.0,0.0,,,,,,,Tops,False,1.0,True,0.0,,True,True,False,1.0,,,,,0.0,1.0,2/20/26 1:30:06 PM,
1.0,PUMA,Licensed,Apparel,Top,FPF_26_1/4_ZP_TR_TP,Portugal 1/4 Zip Training Top,784772,WHT,White,XXXL,,150983,0,0,0,0,0,42.0,0.0,105.0,0.0,105.0,0.0,0.0,,PUMA,0.0,0.0,,,,,,,Tops,False,1.0,True,0.0,,True,True,False,1.0,,,,,0.0,0.0,,
1.0,PUMA,Licensed,Apparel,Top,FPF_26_1/4_ZP_WU_TP,Portugal 1/4 Zip Warmup Top,784790,GRN,Green,XXS,,150984,0,0,0,0,0,44.0,0.0,110.0,0.0,110.0,0.0,0.0,,PUMA,0.0,0.0,,,,,,,Tops,False,1.0,True,0.0,,True,True,False,1.0,,,,,0.0,0.0,,
1.0,PUMA,Licensed,Apparel,Top,FPF_26_1/4_ZP_WU_TP,Portugal 1/4 Zip Warmup Top,784790,GRN,Green,XS,,150985,0,0,0,0,0,44.0,0.0,110.0,0.0,110.0,0.0,0.0,,PUMA,0.0,0.0,,,,,,,Tops,False,1.0,True,0.0,,True,True,False,1.0,,,,,0.0,0.0,,
1.0,PUMA,Licensed,Apparel,Top,FPF_26_1/4_ZP_WU_TP,Portugal 1/4 Zip Warmup Top,784790,GRN,Green,S,,150986,1,0,0,0,1,44.0,44.0,110.0,110.0,110.0,110.0,0.0,,PUMA,0.0,0.0,,,,,,,Tops,False,1.0,True,0.0,,True,True,False,1.0,,,,,0.0,1.0,2/20/26 2:00:30 PM,
1.0,PUMA,Licensed,Apparel,Top,FPF_26_1/4_ZP_WU_TP,Portugal 1/4 Zip Warmup Top,784790,GRN,Green,M,,150987,2,0,0,0,2,44.0,88.0,110.0,220.0,110.0,220.0,0.0,,PUMA,0.0,0.0,,,,,,,Tops,False,1.0,True,0.0,,True,True,False,1.0,,,,,0.0,2.0,2/20/26 2:00:30 PM,
1.0,PUMA,Licensed,Apparel,Top,FPF_26_1/4_ZP_WU_TP,Portugal 1/4 Zip Warmup Top,784790,GRN,Green,L,,150988,1,0,0,0,1,44.0,44.0,110.0,110.0,110.0,110.0,0.0,,PUMA,0.0,0.0,,,,,,,Tops,False,1.0,True,0.0,,True,True,False,1.0,,,,,0.0,1.0,2/20/26 2:00:30 PM,
1.0,PUMA,Licensed,Apparel,Top,FPF_26_1/4_ZP_WU_TP,Portugal 1/4 Zip Warmup Top,784790,GRN,Green,XL,,150989,0,0,0,0,0,44.0,0.0,110.0,0.0,110.0,0.0,0.0,,PUMA,0.0,0.0,,,,,,,Tops,False,1.0,True,0.0,,True,True,False,1.0,,,,,0.0,0.0,,
1.0,PUMA,Licensed,Apparel,Top,FPF_26_1/4_ZP_WU_TP,Portugal 1/4 Zip Warmup Top,784790,GRN,Green,XXL,,150990,0,0,0,0,0,44.0,0.0,110.0,0.0,110.0,0.0,0.0,,PUMA,0.0,0.0,,,,,,,Tops,False,1.0,True,0.0,,True,True,False,1.0,,,,,0.0,0.0,,
1.0,PUMA,Licensed,Apparel,Top,FPF_26_1/4_ZP_WU_TP,Portugal 1/4 Zip Warmup Top,784790,GRN,Green,XXXL,,150991,0,0,0,0,0,44.0,0.0,110.0,0.0,110.0,0.0,0.0,,PUMA,0.0,0.0,,,,,,,Tops,False,1.0,True,0.0,,True,True,False,1.0,,,,,0.0,0.0,,
1.0,PUMA,Licensed,Apparel,Pants,FPF_26_SWEAT_PANTS,Portugal Sweat Pants,784824,BLK,Black,XXXS,,150992,0,0,0,0,0,38.0,0.0,95.0,0.0,95.0,0.0,0.0,,PUMA,0.0,0.0,,,,,,,Pants,False,1.0,True,0.0,,True,True,False,1.0,,,,,0.0,0.0,,
1.0,PUMA,Licensed,Apparel,Pants,FPF_26_SWEAT_PANTS,Portugal Sweat Pants,784824,BLK,Black,XXS,,150993,0,0,0,0,0,38.0,0.0,95.0,0.0,95.0,0.0,0.0,,PUMA,0.0,0.0,,,,,,,Pants,False,1.0,True,0.0,,True,True,False,1.0,,,,,0.0,0.0,,
1.0,PUMA,Licensed,Apparel,Pants,FPF_26_SWEAT_PANTS,Portugal Sweat Pants,784824,BLK,Black,XS,,150994,2,0,0,0,2,38.0,76.0,95.0,190.0,95.0,190.0,0.0,,PUMA,0.0,0.0,,,,,,,Pants,False,1.0,True,0.0,,True,True,False,1.0,,,,,0.0,2.0,2/20/26 2:05:45 PM,
1.0,PUMA,Licensed,Apparel,Pants,FPF_26_SWEAT_PANTS,Portugal Sweat Pants,784824,BLK,Black,S,,150995,1,0,0,0,1,38.0,38.0,95.0,95.0,95.0,95.0,0.0,,PUMA,0.0,0.0,,,,,,,Pants,False,1.0,True,0.0,,True,True,False,1.0,,,,,1.0,2.0,2/20/26 2:05:45 PM,
1.0,PUMA,Licensed,Apparel,Pants,FPF_26_SWEAT_PANTS,Portugal Sweat Pants,784824,BLK,Black,M,,150996,1,0,0,0,1,38.0,38.0,95.0,95.0,95.0,95.0,0.0,,PUMA,0.0,0.0,,,,,,,Pants,False,1.0,True,0.0,,True,True,False,1.0,,,,,0.0,1.0,2/20/26 2:05:45 PM,
1.0,PUMA,Licensed,Apparel,Pants,FPF_26_SWEAT_PANTS,Portugal Sweat Pants,784824,BLK,Black,L,,150997,0,0,0,0,0,38.0,0.0,95.0,0.0,95.0,0.0,0.0,,PUMA,0.0,0.0,,,,,,,Pants,False,1.0,True,0.0,,True,True,False,1.0,,,,,0.0,0.0,,
1.0,PUMA,Licensed,Apparel,Pants,FPF_26_SWEAT_PANTS,Portugal Sweat Pants,784824,BLK,Black,XL,,150998,0,0,0,0,0,38.0,0.0,95.0,0.0,95.0,0.0,0.0,,PUMA,0.0,0.0,,,,,,,Pants,False,1.0,True,0.0,,True,True,False,1.0,,,,,0.0,0.0,,
1.0,PUMA,Licensed,Apparel,Pants,FPF_26_SWEAT_PANTS,Portugal Sweat Pants,784824,BLK,Black,XXL,,150999,0,0,0,0,0,38.0,0.0,95.0,0.0,95.0,0.0,0.0,,PUMA,0.0,0.0,,,,,,,Pants,False,1.0,True,0.0,,True,True,False,1.0,,,,,0.0,0.0,,
1.0,PUMA,Licensed,Apparel,Hoody,FPF_26_HOODIE,Portugal Hoodie,784804,GRN,Green,XXS,,151000,0,0,0,0,0,54.0,0.0,135.0,0.0,135.0,0.0,0.0,,PUMA,0.0,0.0,,,,,,,Tops,False,1.0,True,0.0,,True,True,False,1.0,,,,,0.0,0.0,,
1.0,PUMA,Licensed,Apparel,Hoody,FPF_26_HOODIE,Portugal Hoodie,784804,GRN,Green,XS,,151001,0,0,0,0,0,54.0,0.0,135.0,0.0,135.0,0.0,0.0,,PUMA,0.0,0.0,,,,,,,Tops,False,1.0,True,0.0,,True,True,False,1.0,,,,,0.0,0.0,,
1.0,PUMA,Licensed,Apparel,Hoody,FPF_26_HOODIE,Portugal Hoodie,784804,GRN,Green,S,,151002,2,0,0,0,2,54.0,108.0,135.0,270.0,135.0,270.0,0.0,,PUMA,0.0,0.0,,,,,,,Tops,False,1.0,True,0.0,,True,True,False,1.0,,,,,0.0,2.0,2/20/26 2:15:24 PM,
1.0,PUMA,Licensed,Apparel,Hoody,FPF_26_HOODIE,Portugal Hoodie,784804,GRN,Green,M,,151003,2,0,0,0,2,54.0,108.0,135.0,270.0,135.0,270.0,0.0,,PUMA,0.0,0.0,,,,,,,Tops,False,1.0,True,0.0,,True,True,False,1.0,,,,,0.0,2.0,2/20/26 2:15:25 PM,
1.0,PUMA,Licensed,Apparel,Hoody,FPF_26_HOODIE,Portugal Hoodie,784804,GRN,Green,L,,151004,1,0,0,0,1,54.0,54.0,135.0,135.0,135.0,135.0,0.0,,PUMA,0.0,0.0,,,,,,,Tops,False,1.0,True,0.0,,True,True,False,1.0,,,,,1.0,2.0,2/20/26 2:15:25 PM,
1.0,PUMA,Licensed,Apparel,Hoody,FPF_26_HOODIE,Portugal Hoodie,784804,GRN,Green,XL,,151005,1,0,0,0,1,54.0,54.0,135.0,135.0,135.0,135.0,0.0,,PUMA,0.0,0.0,,,,,,,Tops,False,1.0,True,0.0,,True,True,False,1.0,,,,,0.0,1.0,2/20/26 2:15:25 PM,
1.0,PUMA,Licensed,Apparel,Hoody,FPF_26_HOODIE,Portugal Hoodie,784804,GRN,Green,XXL,,151006,1,0,0,0,1,54.0,54.0,135.0,135.0,135.0,135.0,0.0,,PUMA,0.0,0.0,,,,,,,Tops,False,1.0,True,0.0,,True,True,False,1.0,,,,,0.0,1.0,2/20/26 2:15:25 PM,
1.0,PUMA,Licensed,Apparel,Hoody,FPF_26_HOODIE,Portugal Hoodie,784804,GRN,Green,XXXL,,151007,0,0,0,0,0,54.0,0.0,135.0,0.0,135.0,0.0,0.0,,PUMA,0.0,0.0,,,,,,,Tops,False,1.0,True,0.0,,True,True,False,1.0,,,,,0.0,0.0,,
1.0,PUMA,Licensed,Apparel,Jerseys,FPF_26_A_JSY_AU,Portugal Away Jersey Authentic,783286,GRN,Green,XXS,,151008,0,0,0,0,0,80.0,0.0,200.0,0.0,200.0,0.0,0.0,,WEST COAST,0.0,0.0,,,,,,,Tops,False,1.0,True,0.0,,True,True,False,1.0,,,,,0.0,0.0,,
1.0,PUMA,Licensed,Apparel,Jerseys,FPF_26_A_JSY_AU,Portugal Away Jersey Authentic,783286,GRN,Green,XS,,151009,0,0,0,0,0,80.0,0.0,200.0,0.0,200.0,0.0,0.0,,WEST COAST,0.0,0.0,,,,,,,Tops,False,1.0,True,0.0,,True,True,False,1.0,,,,,0.0,0.0,,
1.0,PUMA,Licensed,Apparel,Jerseys,FPF_26_A_JSY_AU,Portugal Away Jersey Authentic,783286,GRN,Green,S,,151010,2,0,0,0,2,80.0,160.0,200.0,400.0,200.0,400.0,0.0,,WEST COAST,0.0,0.0,,,,,,,Tops,False,1.0,True,0.0,,True,True,False,1.0,,,,,0.0,2.0,2/20/26 2:36:26 PM,
1.0,PUMA,Licensed,Apparel,Jerseys,FPF_26_A_JSY_AU,Portugal Away Jersey Authentic,783286,GRN,Green,M,,151011,1,0,0,0,1,80.0,80.0,200.0,200.0,200.0,200.0,0.0,,WEST COAST,0.0,0.0,,,,,,,Tops,False,1.0,True,0.0,,True,True,False,1.0,,,,,1.0,2.0,2/20/26 2:36:26 PM,
1.0,PUMA,Licensed,Apparel,Jerseys,FPF_26_A_JSY_AU,Portugal Away Jersey Authentic,783286,GRN,Green,L,,151012,0,0,0,0,0,80.0,0.0,200.0,0.0,200.0,0.0,0.0,,WEST COAST,0.0,0.0,,,,,,,Tops,False,1.0,True,0.0,,True,True,False,1.0,,,,,1.0,1.0,2/20/26 2:36:26 PM,
1.0,PUMA,Licensed,Apparel,Jerseys,FPF_26_A_JSY_AU,Portugal Away Jersey Authentic,783286,GRN,Green,XL,,151013,0,0,0,0,0,80.0,0.0,200.0,0.0,200.0,0.0,0.0,,WEST COAST,0.0,0.0,,,,,,,Tops,False,1.0,True,0.0,,True,True,False,1.0,,,,,0.0,0.0,,
1.0,PUMA,Licensed,Apparel,Jerseys,FPF_26_A_JSY_AU,Portugal Away Jersey Authentic,783286,GRN,Green,XXL,,151014,0,0,0,0,0,80.0,0.0,200.0,0.0,200.0,0.0,0.0,,WEST COAST,0.0,0.0,,,,,,,Tops,False,1.0,True,0.0,,True,True,False,1.0,,,,,0.0,0.0,,
1.0,PUMA,Licensed,Apparel,Jerseys,FPF_26_A_JSY_AU,Portugal Away Jersey Authentic,783286,GRN,Green,XXXL,,151015,0,0,0,0,0,80.0,0.0,200.0,0.0,200.0,0.0,0.0,,WEST COAST,0.0,0.0,,,,,,,Tops,False,1.0,True,0.0,,True,True,False,1.0,,,,,0.0,0.0,,
1.0,PUMA,Licensed,Apparel,Jerseys,FPF_26_A_JSY_W,Portugal Away Jersey,783290,GRN,Green,XXS,,151016,0,0,0,0,0,52.0,0.0,130.0,0.0,130.0,0.0,0.0,,WEST COAST,0.0,0.0,,,,,,,Tops,False,1.0,True,0.0,,True,True,False,1.0,,,,,0.0,0.0,,
1.0,PUMA,Licensed,Apparel,Jerseys,FPF_26_A_JSY_W,Portugal Away Jersey,783290,GRN,Green,XS,,151017,0,0,0,0,0,52.0,0.0,130.0,0.0,130.0,0.0,0.0,,WEST COAST,0.0,0.0,,,,,,,Tops,False,1.0,True,0.0,,True,True,False,1.0,,,,,1.0,1.0,2/20/26 2:46:01 PM,
1.0,PUMA,Licensed,Apparel,Jerseys,FPF_26_A_JSY_W,Portugal Away Jersey,783290,GRN,Green,S,,151018,1,0,0,0,1,52.0,52.0,130.0,130.0,130.0,130.0,0.0,,WEST COAST,0.0,0.0,,,,,,,Tops,False,1.0,True,0.0,,True,True,False,1.0,,,,,1.0,2.0,2/20/26 2:46:01 PM,
1.0,PUMA,Licensed,Apparel,Jerseys,FPF_26_A_JSY_W,Portugal Away Jersey,783290,GRN,Green,M,,151019,2,0,0,0,2,52.0,104.0,130.0,260.0,130.0,260.0,0.0,,WEST COAST,0.0,0.0,,,,,,,Tops,False,1.0,True,0.0,,True,True,False,1.0,,,,,0.0,2.0,2/20/26 2:46:01 PM,
1.0,PUMA,Licensed,Apparel,Jerseys,FPF_26_A_JSY_W,Portugal Away Jersey,783290,GRN,Green,L,,151020,1,0,0,0,1,52.0,52.0,130.0,130.0,130.0,130.0,0.0,,WEST COAST,0.0,0.0,,,,,,,Tops,False,1.0,True,0.0,,True,True,False,1.0,,,,,0.0,1.0,2/20/26 2:46:01 PM,
1.0,PUMA,Licensed,Apparel,Jerseys,FPF_26_A_JSY_W,Portugal Away Jersey,783290,GRN,Green,XL,,151021,0,0,0,0,0,52.0,0.0,130.0,0.0,130.0,0.0,0.0,,WEST COAST,0.0,0.0,,,,,,,Tops,False,1.0,True,0.0,,True,True,False,1.0,,,,,0.0,0.0,,
1.0,PUMA,Licensed,Apparel,Jerseys,FPF_26_A_JSY_W,Portugal Away Jersey,783290,GRN,Green,XXL,,151022,0,0,0,0,0,52.0,0.0,130.0,0.0,130.0,0.0,0.0,,WEST COAST,0.0,0.0,,,,,,,Tops,False,1.0,True,0.0,,True,True,False,1.0,,,,,0.0,0.0,,
1.0,PUMA,Licensed,Apparel,Jerseys,FPF_26_A_JSY_W,Portugal Away Jersey,783290,GRN,Green,XXXL,,151023,0,0,0,0,0,52.0,0.0,130.0,0.0,130.0,0.0,0.0,,WEST COAST,0.0,0.0,,,,,,,Tops,False,1.0,True,0.0,,True,True,False,1.0,,,,,0.0,0.0,,
1.0,PUMA,Licensed,Apparel,Jerseys,FPF_26_A_JSY_Y,Portugal Away Jersey Y,783291,GRN,Green,Y2XS,,151038,0,0,0,0,0,40.0,0.0,100.0,0.0,100.0,0.0,0.0,,PUMA,0.0,0.0,,,,,,,Tops_Youth,False,1.0,True,0.0,,True,True,False,1.0,,,,,0.0,0.0,,
1.0,PUMA,Licensed,Apparel,Jerseys,FPF_26_A_JSY_Y,Portugal Away Jersey Y,783291,GRN,Green,YXS,,151039,0,0,0,0,0,40.0,0.0,100.0,0.0,100.0,0.0,0.0,,PUMA,0.0,0.0,,,,,,,Tops_Youth,False,1.0,True,0.0,,True,True,False,1.0,,,,,0.0,0.0,,
1.0,PUMA,Licensed,Apparel,Jerseys,FPF_26_A_JSY_Y,Portugal Away Jersey Y,783291,GRN,Green,YS,,151040,2,0,0,0,2,40.0,80.0,100.0,200.0,100.0,200.0,0.0,,PUMA,0.0,0.0,,,,,,,Tops_Youth,False,1.0,True,0.0,,True,True,False,1.0,,,,,1.0,3.0,3/13/26 12:47:06 PM,
1.0,PUMA,Licensed,Apparel,Jerseys,FPF_26_A_JSY_Y,Portugal Away Jersey Y,783291,GRN,Green,YM,,151041,4,0,0,0,4,40.0,160.0,100.0,400.0,100.0,400.0,0.0,,PUMA,0.0,0.0,,,,,,,Tops_Youth,False,1.0,True,0.0,,True,True,False,1.0,,,,,0.0,4.0,3/13/26 12:47:06 PM,
1.0,PUMA,Licensed,Apparel,Jerseys,FPF_26_A_JSY_Y,Portugal Away Jersey Y,783291,GRN,Green,YL,,151042,4,0,0,0,4,40.0,160.0,100.0,400.0,100.0,400.0,0.0,,PUMA,0.0,0.0,,,,,,,Tops_Youth,False,1.0,True,0.0,,True,True,False,1.0,,,,,0.0,4.0,3/13/26 12:47:06 PM,
1.0,PUMA,Licensed,Apparel,Jerseys,FPF_26_A_JSY_Y,Portugal Away Jersey Y,783291,GRN,Green,YXL,,151043,4,0,0,0,4,40.0,160.0,100.0,400.0,100.0,400.0,0.0,,PUMA,0.0,0.0,,,,,,,Tops_Youth,False,1.0,True,0.0,,True,True,False,1.0,,,,,0.0,4.0,3/13/26 12:47:07 PM,
1.0,PUMA,Licensed,Apparel,Jerseys,FPF_26_WARMUP_JSY_Y,Portugal Warmup Jersey Y,784789,GRN,Green,Y2XS,,151044,0,0,0,0,0,34.0,0.0,85.0,0.0,85.0,0.0,0.0,,PUMA,0.0,0.0,,,,,,,Tops_Youth,False,1.0,True,0.0,,True,True,False,1.0,,,,,0.0,0.0,,
1.0,PUMA,Licensed,Apparel,Jerseys,FPF_26_WARMUP_JSY_Y,Portugal Warmup Jersey Y,784789,GRN,Green,YS,,151046,2,0,0,0,2,34.0,68.0,85.0,170.0,85.0,170.0,0.0,,PUMA,0.0,0.0,,,,,,,Tops_Youth,False,1.0,True,0.0,,True,True,False,1.0,,,,,0.0,2.0,3/13/26 12:49:57 PM,
1.0,PUMA,Licensed,Apparel,Jerseys,FPF_26_WARMUP_JSY_Y,Portugal Warmup Jersey Y,784789,GRN,Green,YM,,151047,2,0,0,0,2,34.0,68.0,85.0,170.0,85.0,170.0,0.0,,PUMA,0.0,0.0,,,,,,,Tops_Youth,False,1.0,True,0.0,,True,True,False,1.0,,,,,0.0,2.0,3/13/26 12:49:58 PM,
1.0,PUMA,Licensed,Apparel,Jerseys,FPF_26_WARMUP_JSY_Y,Portugal Warmup Jersey Y,784789,GRN,Green,YL,,151048,2,0,0,0,2,34.0,68.0,85.0,170.0,85.0,170.0,0.0,,PUMA,0.0,0.0,,,,,,,Tops_Youth,False,1.0,True,0.0,,True,True,False,1.0,,,,,0.0,2.0,3/13/26 12:49:58 PM,
1.0,PUMA,Licensed,Apparel,Jerseys,FPF_26_WARMUP_JSY_Y,Portugal Warmup Jersey Y,784789,GRN,Green,YXL,,151049,1,0,0,0,1,34.0,34.0,85.0,85.0,85.0,85.0,0.0,,PUMA,0.0,0.0,,,,,,,Tops_Youth,False,1.0,True,0.0,,True,True,False,1.0,,,,,0.0,1.0,3/13/26 12:49:58 PM,
1.0,PUMA,Licensed,Apparel,Jerseys,FPF_26_A_JSY_LS,Portugal Away Jersey LS,783289,GRN,Green,XXS,,151050,0,0,0,0,0,56.0,0.0,140.0,0.0,140.0,0.0,0.0,,WEST COAST,0.0,0.0,,,,,,,Tops,False,1.0,True,0.0,,True,True,False,1.0,,,,,0.0,0.0,,
1.0,PUMA,Licensed,Apparel,Jerseys,FPF_26_A_JSY_LS,Portugal Away Jersey LS,783289,GRN,Green,XS,,151051,0,0,0,0,0,56.0,0.0,140.0,0.0,140.0,0.0,0.0,,WEST COAST,0.0,0.0,,,,,,,Tops,False,1.0,True,0.0,,True,True,False,1.0,,,,,0.0,0.0,,
1.0,PUMA,Licensed,Apparel,Jerseys,FPF_26_A_JSY_LS,Portugal Away Jersey LS,783289,GRN,Green,S,,151052,1,0,0,0,1,56.0,56.0,140.0,140.0,140.0,140.0,0.0,,WEST COAST,0.0,0.0,,,,,,,Tops,False,1.0,True,0.0,,True,True,False,1.0,,,,,0.0,1.0,3/13/26 12:51:52 PM,
1.0,PUMA,Licensed,Apparel,Jerseys,FPF_26_A_JSY_LS,Portugal Away Jersey LS,783289,GRN,Green,M,,151053,1,0,0,0,1,56.0,56.0,140.0,140.0,140.0,140.0,0.0,,WEST COAST,0.0,0.0,,,,,,,Tops,False,1.0,True,0.0,,True,True,False,1.0,,,,,0.0,1.0,3/13/26 12:51:52 PM,
1.0,PUMA,Licensed,Apparel,Jerseys,FPF_26_A_JSY_LS,Portugal Away Jersey LS,783289,GRN,Green,L,,151054,0,0,0,0,0,56.0,0.0,140.0,0.0,140.0,0.0,0.0,,WEST COAST,0.0,0.0,,,,,,,Tops,False,1.0,True,0.0,,True,True,False,1.0,,,,,0.0,0.0,,
1.0,PUMA,Licensed,Apparel,Jerseys,FPF_26_A_JSY_LS,Portugal Away Jersey LS,783289,GRN,Green,XL,,151055,0,0,0,0,0,56.0,0.0,140.0,0.0,140.0,0.0,0.0,,WEST COAST,0.0,0.0,,,,,,,Tops,False,1.0,True,0.0,,True,True,False,1.0,,,,,0.0,0.0,,
1.0,PUMA,Licensed,Apparel,Jerseys,FPF_26_A_JSY_LS,Portugal Away Jersey LS,783289,GRN,Green,XXL,,151056,0,0,0,0,0,56.0,0.0,140.0,0.0,140.0,0.0,0.0,,WEST COAST,0.0,0.0,,,,,,,Tops,False,1.0,True,0.0,,True,True,False,1.0,,,,,0.0,0.0,,
1.0,PUMA,Licensed,Apparel,Jerseys,FPF_26_A_JSY_LS,Portugal Away Jersey LS,783289,GRN,Green,XXXL,,151057,0,0,0,0,0,56.0,0.0,140.0,0.0,140.0,0.0,0.0,,WEST COAST,0.0,0.0,,,,,,,Tops,False,1.0,True,0.0,,True,True,False,1.0,,,,,0.0,0.0,,
1.0,PUMA,Licensed,Apparel,Shorts,FPF_26_CULTURE_SHORT,Portugal Culture Shorts,784821,BLK,Black,XXS,,151058,0,0,0,0,0,16.0,0.0,40.0,0.0,40.0,0.0,0.0,,WEST COAST,0.0,0.0,,,,,,,Shorts,False,1.0,True,0.0,,True,True,False,1.0,,,,,0.0,0.0,,
1.0,PUMA,Licensed,Apparel,Shorts,FPF_26_CULTURE_SHORT,Portugal Culture Shorts,784821,BLK,Black,XS,,151059,0,0,0,0,0,16.0,0.0,40.0,0.0,40.0,0.0,0.0,,WEST COAST,0.0,0.0,,,,,,,Shorts,False,1.0,True,0.0,,True,True,False,1.0,,,,,0.0,0.0,,
1.0,PUMA,Licensed,Apparel,Shorts,FPF_26_CULTURE_SHORT,Portugal Culture Shorts,784821,BLK,Black,S,,151060,-1,0,0,0,-1,16.0,-16.0,40.0,-40.0,40.0,-40.0,0.0,,WEST COAST,0.0,0.0,,,,,,,Shorts,False,1.0,True,0.0,,True,True,False,1.0,,,,,2.0,1.0,3/13/26 12:54:02 PM,
1.0,PUMA,Licensed,Apparel,Shorts,FPF_26_CULTURE_SHORT,Portugal Culture Shorts,784821,BLK,Black,M,,151061,0,0,0,0,0,16.0,0.0,40.0,0.0,40.0,0.0,0.0,,WEST COAST,0.0,0.0,,,,,,,Shorts,False,1.0,True,0.0,,True,True,False,1.0,,,,,1.0,1.0,3/13/26 12:54:02 PM,
1.0,PUMA,Licensed,Apparel,Jerseys,FPF_26_A_JSY,Portugal Away Jersey,783288,GRN,Green,XXS,,151024,0,0,0,0,0,52.0,0.0,130.0,0.0,130.0,0.0,0.0,,WEST COAST,0.0,0.0,,,,,,,Tops,False,1.0,True,0.0,,True,True,False,1.0,,,,,0.0,0.0,,
1.0,PUMA,Licensed,Apparel,Jerseys,FPF_26_A_JSY,Portugal Away Jersey,783288,GRN,Green,XS,,151025,0,0,0,0,0,52.0,0.0,130.0,0.0,130.0,0.0,0.0,,WEST COAST,0.0,0.0,,,,,,,Tops,False,1.0,True,0.0,,True,True,False,1.0,,,,,0.0,0.0,,
1.0,PUMA,Licensed,Apparel,Jerseys,FPF_26_A_JSY,Portugal Away Jersey,783288,GRN,Green,S,,151026,6,0,0,0,6,52.0,312.0,130.0,780.0,130.0,780.0,0.0,,WEST COAST,0.0,0.0,,,,,,,Tops,False,1.0,True,0.0,,True,True,False,1.0,,,,,1.0,7.0,2/20/26 2:50:46 PM,
1.0,PUMA,Licensed,Apparel,Jerseys,FPF_26_A_JSY,Portugal Away Jersey,783288,GRN,Green,M,,151027,3,0,0,0,3,52.0,156.0,130.0,390.0,130.0,390.0,0.0,,WEST COAST,0.0,0.0,,,,,,,Tops,False,1.0,True,0.0,,True,True,False,1.0,,,,,4.0,7.0,2/20/26 2:50:46 PM,
1.0,PUMA,Licensed,Apparel,Jerseys,FPF_26_A_JSY,Portugal Away Jersey,783288,GRN,Green,L,,151028,6,0,0,0,6,52.0,312.0,130.0,780.0,130.0,780.0,0.0,,WEST COAST,0.0,0.0,,,,,,,Tops,False,1.0,True,0.0,,True,True,False,1.0,,,,,1.0,7.0,2/20/26 2:50:46 PM,
1.0,PUMA,Licensed,Apparel,Jerseys,FPF_26_A_JSY,Portugal Away Jersey,783288,GRN,Green,XL,,151029,2,0,0,0,2,52.0,104.0,130.0,260.0,130.0,260.0,0.0,,WEST COAST,0.0,0.0,,,,,,,Tops,False,1.0,True,0.0,,True,True,False,1.0,,,,,1.0,3.0,2/20/26 2:50:46 PM,
1.0,PUMA,Licensed,Apparel,Jerseys,FPF_26_A_JSY,Portugal Away Jersey,783288,GRN,Green,XXL,,151030,1,0,0,0,1,52.0,52.0,130.0,130.0,130.0,130.0,0.0,,WEST COAST,0.0,0.0,,,,,,,Tops,False,1.0,True,0.0,,True,True,False,1.0,,,,,1.0,2.0,2/20/26 2:50:46 PM,
1.0,PUMA,Licensed,Apparel,Jerseys,FPF_26_A_JSY,Portugal Away Jersey,783288,GRN,Green,XXXL,,151031,0,0,0,0,0,52.0,0.0,130.0,0.0,130.0,0.0,0.0,,WEST COAST,0.0,0.0,,,,,,,Tops,False,1.0,True,0.0,,True,True,False,1.0,,,,,0.0,0.0,,
1.0,PUMA,Licensed,Apparel,Jerseys,FPF_26_WARMUP_JSY_Y,Portugal Warmup Jersey Y,784789,GRN,Green,YXS,,151045,0,0,0,0,0,34.0,0.0,85.0,0.0,85.0,0.0,0.0,,PUMA,0.0,0.0,,,,,,,Tops_Youth,False,1.0,True,0.0,,True,True,False,1.0,,,,,0.0,0.0,,
1.0,PUMA,Licensed,Apparel,Shorts,FPF_26_CULTURE_SHORT,Portugal Culture Shorts,784821,BLK,Black,L,,151062,1,0,0,0,1,16.0,16.0,40.0,40.0,40.0,40.0,0.0,,WEST COAST,0.0,0.0,,,,,,,Shorts,False,1.0,True,0.0,,True,True,False,1.0,,,,,0.0,1.0,3/13/26 12:54:02 PM,
1.0,PUMA,Licensed,Apparel,Shorts,FPF_26_CULTURE_SHORT,Portugal Culture Shorts,784821,BLK,Black,XL,,151063,0,0,0,0,0,16.0,0.0,40.0,0.0,40.0,0.0,0.0,,WEST COAST,0.0,0.0,,,,,,,Shorts,False,1.0,True,0.0,,True,True,False,1.0,,,,,0.0,0.0,,
1.0,PUMA,Licensed,Apparel,Shorts,FPF_26_CULTURE_SHORT,Portugal Culture Shorts,784821,BLK,Black,XXL,,151064,0,0,0,0,0,16.0,0.0,40.0,0.0,40.0,0.0,0.0,,WEST COAST,0.0,0.0,,,,,,,Shorts,False,1.0,True,0.0,,True,True,False,1.0,,,,,0.0,0.0,,
1.0,PUMA,Licensed,Apparel,Jacket,FPF_26_CULTURE_SJ,Portugal Culture Sweat Jacket,784823,BLK,Black,XXS,,151065,0,0,0,0,0,44.0,0.0,110.0,0.0,110.0,0.0,0.0,,WEST COAST,0.0,0.0,,,,,,,Tops,False,1.0,True,0.0,,True,True,False,1.0,,,,,0.0,0.0,,
1.0,PUMA,Licensed,Apparel,Jacket,FPF_26_CULTURE_SJ,Portugal Culture Sweat Jacket,784823,BLK,Black,XS,,151066,0,0,0,0,0,44.0,0.0,110.0,0.0,110.0,0.0,0.0,,WEST COAST,0.0,0.0,,,,,,,Tops,False,1.0,True,0.0,,True,True,False,1.0,,,,,0.0,0.0,,
1.0,PUMA,Licensed,Apparel,Jacket,FPF_26_CULTURE_SJ,Portugal Culture Sweat Jacket,784823,BLK,Black,S,,151067,2,0,0,0,2,44.0,88.0,110.0,220.0,110.0,220.0,0.0,,WEST COAST,0.0,0.0,,,,,,,Tops,False,1.0,True,0.0,,True,True,False,1.0,,,,,0.0,2.0,3/13/26 12:56:11 PM,
1.0,PUMA,Licensed,Apparel,Jacket,FPF_26_CULTURE_SJ,Portugal Culture Sweat Jacket,784823,BLK,Black,M,,151068,2,0,0,0,2,44.0,88.0,110.0,220.0,110.0,220.0,0.0,,WEST COAST,0.0,0.0,,,,,,,Tops,False,1.0,True,0.0,,True,True,False,1.0,,,,,0.0,2.0,3/13/26 12:56:11 PM,
1.0,PUMA,Licensed,Apparel,Jacket,FPF_26_CULTURE_SJ,Portugal Culture Sweat Jacket,784823,BLK,Black,L,,151069,1,0,0,0,1,44.0,44.0,110.0,110.0,110.0,110.0,0.0,,WEST COAST,0.0,0.0,,,,,,,Tops,False,1.0,True,0.0,,True,True,False,1.0,,,,,0.0,1.0,3/13/26 12:56:11 PM,
1.0,PUMA,Licensed,Apparel,Jacket,FPF_26_CULTURE_SJ,Portugal Culture Sweat Jacket,784823,BLK,Black,XL,,151070,1,0,0,0,1,44.0,44.0,110.0,110.0,110.0,110.0,0.0,,WEST COAST,0.0,0.0,,,,,,,Tops,False,1.0,True,0.0,,True,True,False,1.0,,,,,0.0,1.0,3/13/26 12:56:11 PM,
1.0,PUMA,Licensed,Apparel,Jacket,FPF_26_CULTURE_SJ,Portugal Culture Sweat Jacket,784823,BLK,Black,XXL,,151071,0,0,0,0,0,44.0,0.0,110.0,0.0,110.0,0.0,0.0,,WEST COAST,0.0,0.0,,,,,,,Tops,False,1.0,True,0.0,,True,True,False,1.0,,,,,0.0,0.0,,
1.0,PUMA,Licensed,Apparel,Jacket,FPF_26_CULTURE_SJ,Portugal Culture Sweat Jacket,784823,BLK,Black,XXXL,,151072,0,0,0,0,0,44.0,0.0,110.0,0.0,110.0,0.0,0.0,,WEST COAST,0.0,0.0,,,,,,,Tops,False,1.0,True,0.0,,True,True,False,1.0,,,,,0.0,0.0,,
1.0,PUMA,Licensed,Apparel,Jerseys,FPF_26_TRNG_JSY,Portugal Training Jersey,784767,WHT,White,XXS,,151082,0,0,0,0,0,28.0,0.0,70.0,0.0,70.0,0.0,0.0,,WEST COAST,0.0,0.0,,,,,,,Tops,False,1.0,True,0.0,,True,True,False,1.0,,,,,0.0,0.0,,
1.0,PUMA,Licensed,Apparel,Jerseys,FPF_26_TRNG_JSY,Portugal Training Jersey,784767,WHT,White,XS,,151083,0,0,0,0,0,28.0,0.0,70.0,0.0,70.0,0.0,0.0,,WEST COAST,0.0,0.0,,,,,,,Tops,False,1.0,True,0.0,,True,True,False,1.0,,,,,0.0,0.0,,
1.0,PUMA,Licensed,Apparel,Jerseys,FPF_26_TRNG_JSY,Portugal Training Jersey,784767,WHT,White,S,,151084,1,0,0,0,1,28.0,28.0,70.0,70.0,70.0,70.0,0.0,,WEST COAST,0.0,0.0,,,,,,,Tops,False,1.0,True,0.0,,True,True,False,1.0,,,,,0.0,1.0,3/13/26 1:01:21 PM,
1.0,PUMA,Licensed,Apparel,Jerseys,FPF_26_TRNG_JSY,Portugal Training Jersey,784767,WHT,White,M,,151085,2,0,0,0,2,28.0,56.0,70.0,140.0,70.0,140.0,0.0,,WEST COAST,0.0,0.0,,,,,,,Tops,False,1.0,True,0.0,,True,True,False,1.0,,,,,0.0,2.0,3/13/26 1:01:21 PM,
1.0,PUMA,Licensed,Apparel,Jerseys,FPF_26_TRNG_JSY,Portugal Training Jersey,784767,WHT,White,L,,151086,2,0,0,0,2,28.0,56.0,70.0,140.0,70.0,140.0,0.0,,WEST COAST,0.0,0.0,,,,,,,Tops,False,1.0,True,0.0,,True,True,False,1.0,,,,,0.0,2.0,3/13/26 1:01:21 PM,
1.0,PUMA,Licensed,Apparel,Jerseys,FPF_26_TRNG_JSY,Portugal Training Jersey,784767,WHT,White,XL,,151087,1,0,0,0,1,28.0,28.0,70.0,70.0,70.0,70.0,0.0,,WEST COAST,0.0,0.0,,,,,,,Tops,False,1.0,True,0.0,,True,True,False,1.0,,,,,0.0,1.0,3/13/26 1:01:21 PM,
1.0,PUMA,Licensed,Apparel,Jerseys,FPF_26_TRNG_JSY,Portugal Training Jersey,784767,WHT,White,XXL,,151088,0,0,0,0,0,28.0,0.0,70.0,0.0,70.0,0.0,0.0,,WEST COAST,0.0,0.0,,,,,,,Tops,False,1.0,True,0.0,,True,True,False,1.0,,,,,0.0,0.0,,
1.0,PUMA,Licensed,Apparel,Jerseys,FPF_26_TRNG_JSY,Portugal Training Jersey,784767,WHT,White,XXXL,,151089,0,0,0,0,0,28.0,0.0,70.0,0.0,70.0,0.0,0.0,,WEST COAST,0.0,0.0,,,,,,,Tops,False,1.0,True,0.0,,True,True,False,1.0,,,,,0.0,0.0,,
1.0,PUMA,Licensed,Apparel,Top,FRMF_26_1/4_ZP_WU,Morocco 14/ Zip Warmup,784541,RED,Red,XXS,,151090,0,0,0,0,0,44.0,0.0,110.0,0.0,110.0,0.0,0.0,,PUMA,0.0,0.0,,,,,,,Tops,False,1.0,True,0.0,,True,True,False,1.0,,,,,0.0,0.0,,
1.0,PUMA,Licensed,Apparel,Top,FRMF_26_1/4_ZP_WU,Morocco 14/ Zip Warmup,784541,RED,Red,XS,,151091,0,0,0,0,0,44.0,0.0,110.0,0.0,110.0,0.0,0.0,,PUMA,0.0,0.0,,,,,,,Tops,False,1.0,True,0.0,,True,True,False,1.0,,,,,0.0,0.0,,
1.0,PUMA,Licensed,Apparel,Top,FRMF_26_1/4_ZP_WU,Morocco 14/ Zip Warmup,784541,RED,Red,S,,151092,0,0,0,0,0,44.0,0.0,110.0,0.0,110.0,0.0,0.0,,PUMA,0.0,0.0,,,,,,,Tops,False,1.0,True,0.0,,True,True,False,1.0,,,,,0.0,0.0,,
1.0,PUMA,Licensed,Apparel,Top,FRMF_26_1/4_ZP_WU,Morocco 14/ Zip Warmup,784541,RED,Red,M,,151093,1,0,0,0,1,44.0,44.0,110.0,110.0,110.0,110.0,0.0,,PUMA,0.0,0.0,,,,,,,Tops,False,1.0,True,0.0,,True,True,False,1.0,,,,,0.0,1.0,3/13/26 1:04:21 PM,
1.0,PUMA,Licensed,Apparel,Top,FRMF_26_1/4_ZP_WU,Morocco 14/ Zip Warmup,784541,RED,Red,L,,151094,0,0,0,0,0,44.0,0.0,110.0,0.0,110.0,0.0,0.0,,PUMA,0.0,0.0,,,,,,,Tops,False,1.0,True,0.0,,True,True,False,1.0,,,,,1.0,1.0,3/13/26 1:04:21 PM,
1.0,PUMA,Licensed,Apparel,Scarf,FPF_26_SCARF,Portugal Scarf,054963,GRN,Green,OS,,151073,3,0,0,0,3,14.0,42.0,35.0,105.0,35.0,105.0,0.0,,WEST COAST,0.0,0.0,,,,,,,OS,False,1.0,True,0.0,,True,True,False,1.0,,,,,0.0,3.0,3/13/26 12:57:58 PM,
1.0,PUMA,Licensed,Apparel,Jerseys,FPF_26_TRNG_JSY,Portugal Training Jersey,784767,GRN,Green,XXS,,151074,0,0,0,0,0,28.0,0.0,70.0,0.0,70.0,0.0,0.0,,WEST COAST,0.0,0.0,,,,,,,Tops,False,1.0,True,0.0,,True,True,False,1.0,,,,,0.0,0.0,,
1.0,PUMA,Licensed,Apparel,Jerseys,FPF_26_TRNG_JSY,Portugal Training Jersey,784767,GRN,Green,XS,,151075,0,0,0,0,0,28.0,0.0,70.0,0.0,70.0,0.0,0.0,,WEST COAST,0.0,0.0,,,,,,,Tops,False,1.0,True,0.0,,True,True,False,1.0,,,,,0.0,0.0,,
1.0,PUMA,Licensed,Apparel,Jerseys,FPF_26_TRNG_JSY,Portugal Training Jersey,784767,GRN,Green,S,,151076,1,0,0,0,1,28.0,28.0,70.0,70.0,70.0,70.0,0.0,,WEST COAST,0.0,0.0,,,,,,,Tops,False,1.0,True,0.0,,True,True,False,1.0,,,,,0.0,1.0,3/13/26 1:00:23 PM,
1.0,PUMA,Licensed,Apparel,Jerseys,FPF_26_TRNG_JSY,Portugal Training Jersey,784767,GRN,Green,M,,151077,2,0,0,0,2,28.0,56.0,70.0,140.0,70.0,140.0,0.0,,WEST COAST,0.0,0.0,,,,,,,Tops,False,1.0,True,0.0,,True,True,False,1.0,,,,,0.0,2.0,3/13/26 1:00:23 PM,
1.0,PUMA,Licensed,Apparel,Jerseys,FPF_26_TRNG_JSY,Portugal Training Jersey,784767,GRN,Green,L,,151078,2,0,0,0,2,28.0,56.0,70.0,140.0,70.0,140.0,0.0,,WEST COAST,0.0,0.0,,,,,,,Tops,False,1.0,True,0.0,,True,True,False,1.0,,,,,0.0,2.0,3/13/26 1:00:23 PM,
1.0,PUMA,Licensed,Apparel,Jerseys,FPF_26_TRNG_JSY,Portugal Training Jersey,784767,GRN,Green,XL,,151079,1,0,0,0,1,28.0,28.0,70.0,70.0,70.0,70.0,0.0,,WEST COAST,0.0,0.0,,,,,,,Tops,False,1.0,True,0.0,,True,True,False,1.0,,,,,0.0,1.0,3/13/26 1:00:24 PM,
1.0,PUMA,Licensed,Apparel,Jerseys,FPF_26_TRNG_JSY,Portugal Training Jersey,784767,GRN,Green,XXL,,151080,0,0,0,0,0,28.0,0.0,70.0,0.0,70.0,0.0,0.0,,WEST COAST,0.0,0.0,,,,,,,Tops,False,1.0,True,0.0,,True,True,False,1.0,,,,,0.0,0.0,,
1.0,PUMA,Licensed,Apparel,Jerseys,FPF_26_TRNG_JSY,Portugal Training Jersey,784767,GRN,Green,XXXL,,151081,0,0,0,0,0,28.0,0.0,70.0,0.0,70.0,0.0,0.0,,WEST COAST,0.0,0.0,,,,,,,Tops,False,1.0,True,0.0,,True,True,False,1.0,,,,,0.0,0.0,,
1.0,PUMA,Licensed,Apparel,Hoody,FRMF_26_CULTURE_HOOD,Morocco Culture Hoody,784558,GRN,Green,XXS,,151098,0,0,0,0,0,44.0,0.0,110.0,0.0,110.0,0.0,0.0,,PUMA,0.0,0.0,,,,,,,Tops,False,1.0,True,0.0,,True,True,False,1.0,,,,,0.0,0.0,,
1.0,PUMA,Licensed,Apparel,Hoody,FRMF_26_CULTURE_HOOD,Morocco Culture Hoody,784558,GRN,Green,XS,,151099,0,0,0,0,0,44.0,0.0,110.0,0.0,110.0,0.0,0.0,,PUMA,0.0,0.0,,,,,,,Tops,False,1.0,True,0.0,,True,True,False,1.0,,,,,0.0,0.0,,
1.0,PUMA,Licensed,Apparel,Hoody,FRMF_26_CULTURE_HOOD,Morocco Culture Hoody,784558,GRN,Green,S,,151100,0,0,0,0,0,44.0,0.0,110.0,0.0,110.0,0.0,0.0,,PUMA,0.0,0.0,,,,,,,Tops,False,1.0,True,0.0,,True,True,False,1.0,,,,,0.0,0.0,,
1.0,PUMA,Licensed,Apparel,Hoody,FRMF_26_CULTURE_HOOD,Morocco Culture Hoody,784558,GRN,Green,M,,151101,2,0,0,0,2,44.0,88.0,110.0,220.0,110.0,220.0,0.0,,PUMA,0.0,0.0,,,,,,,Tops,False,1.0,True,0.0,,True,True,False,1.0,,,,,0.0,2.0,3/13/26 1:09:49 PM,
1.0,PUMA,Licensed,Apparel,Hoody,FRMF_26_CULTURE_HOOD,Morocco Culture Hoody,784558,GRN,Green,L,,151102,2,0,0,0,2,44.0,88.0,110.0,220.0,110.0,220.0,0.0,,PUMA,0.0,0.0,,,,,,,Tops,False,1.0,True,0.0,,True,True,False,1.0,,,,,0.0,2.0,3/13/26 1:09:49 PM,
1.0,PUMA,Licensed,Apparel,Hoody,FRMF_26_CULTURE_HOOD,Morocco Culture Hoody,784558,GRN,Green,XL,,151103,0,0,0,0,0,44.0,0.0,110.0,0.0,110.0,0.0,0.0,,PUMA,0.0,0.0,,,,,,,Tops,False,1.0,True,0.0,,True,True,False,1.0,,,,,0.0,0.0,,
1.0,PUMA,Licensed,Apparel,Hoody,FRMF_26_CULTURE_HOOD,Morocco Culture Hoody,784558,GRN,Green,XXL,,151104,0,0,0,0,0,44.0,0.0,110.0,0.0,110.0,0.0,0.0,,PUMA,0.0,0.0,,,,,,,Tops,False,1.0,True,0.0,,True,True,False,1.0,,,,,0.0,0.0,,
1.0,PUMA,Licensed,Apparel,Hoody,FRMF_26_CULTURE_HOOD,Morocco Culture Hoody,784558,GRN,Green,XXXL,,151105,0,0,0,0,0,44.0,0.0,110.0,0.0,110.0,0.0,0.0,,PUMA,0.0,0.0,,,,,,,Tops,False,1.0,True,0.0,,True,True,False,1.0,,,,,0.0,0.0,,
1.0,PUMA,Licensed,Apparel,Top,EFA_26_1/4_ZP_TR_TP,Egypt 1/4 Zip Training Top,784944,BLK,Black,XXS,,151114,0,0,0,0,0,44.0,0.0,110.0,0.0,110.0,0.0,0.0,,PUMA,0.0,0.0,,,,,,,Tops,False,1.0,True,0.0,,True,True,False,1.0,,,,,0.0,0.0,,
1.0,PUMA,Licensed,Apparel,Top,EFA_26_1/4_ZP_TR_TP,Egypt 1/4 Zip Training Top,784944,BLK,Black,XS,,151115,1,0,0,0,1,44.0,44.0,110.0,110.0,110.0,110.0,0.0,,PUMA,0.0,0.0,,,,,,,Tops,False,1.0,True,0.0,,True,True,False,1.0,,,,,0.0,1.0,3/13/26 1:15:00 PM,
1.0,PUMA,Licensed,Apparel,Top,EFA_26_1/4_ZP_TR_TP,Egypt 1/4 Zip Training Top,784944,BLK,Black,S,,151116,1,0,0,0,1,44.0,44.0,110.0,110.0,110.0,110.0,0.0,,PUMA,0.0,0.0,,,,,,,Tops,False,1.0,True,0.0,,True,True,False,1.0,,,,,0.0,1.0,3/13/26 1:15:00 PM,
1.0,PUMA,Licensed,Apparel,Top,EFA_26_1/4_ZP_TR_TP,Egypt 1/4 Zip Training Top,784944,BLK,Black,M,,151117,1,0,0,0,1,44.0,44.0,110.0,110.0,110.0,110.0,0.0,,PUMA,0.0,0.0,,,,,,,Tops,False,1.0,True,0.0,,True,True,False,1.0,,,,,0.0,1.0,3/13/26 1:15:00 PM,
1.0,PUMA,Licensed,Apparel,Top,EFA_26_1/4_ZP_TR_TP,Egypt 1/4 Zip Training Top,784944,BLK,Black,L,,151118,0,0,0,0,0,44.0,0.0,110.0,0.0,110.0,0.0,0.0,,PUMA,0.0,0.0,,,,,,,Tops,False,1.0,True,0.0,,True,True,False,1.0,,,,,0.0,0.0,,
1.0,PUMA,Licensed,Apparel,Top,EFA_26_1/4_ZP_TR_TP,Egypt 1/4 Zip Training Top,784944,BLK,Black,XL,,151119,0,0,0,0,0,44.0,0.0,110.0,0.0,110.0,0.0,0.0,,PUMA,0.0,0.0,,,,,,,Tops,False,1.0,True,0.0,,True,True,False,1.0,,,,,0.0,0.0,,
1.0,PUMA,Licensed,Apparel,Top,EFA_26_1/4_ZP_TR_TP,Egypt 1/4 Zip Training Top,784944,BLK,Black,XXL,,151120,0,0,0,0,0,44.0,0.0,110.0,0.0,110.0,0.0,0.0,,PUMA,0.0,0.0,,,,,,,Tops,False,1.0,True,0.0,,True,True,False,1.0,,,,,0.0,0.0,,
1.0,PUMA,Licensed,Apparel,Top,EFA_26_1/4_ZP_TR_TP,Egypt 1/4 Zip Training Top,784944,BLK,Black,XXXL,,151121,0,0,0,0,0,44.0,0.0,110.0,0.0,110.0,0.0,0.0,,PUMA,0.0,0.0,,,,,,,Tops,False,1.0,True,0.0,,True,True,False,1.0,,,,,0.0,0.0,,
1.0,PUMA,Licensed,Apparel,Jerseys,EFA_26_WARM_UP_JSY,Egyptl Warm Up Jersey,784943,BLK,Black,XXS,,151122,0,0,0,0,0,36.0,0.0,90.0,0.0,90.0,0.0,0.0,,PUMA,0.0,0.0,,,,,,,Tops,False,1.0,True,0.0,,True,True,False,1.0,,,,,0.0,0.0,,
1.0,PUMA,Licensed,Apparel,Jerseys,EFA_26_WARM_UP_JSY,Egyptl Warm Up Jersey,784943,BLK,Black,XS,,151123,0,0,0,0,0,36.0,0.0,90.0,0.0,90.0,0.0,0.0,,PUMA,0.0,0.0,,,,,,,Tops,False,1.0,True,0.0,,True,True,False,1.0,,,,,0.0,0.0,,
1.0,PUMA,Licensed,Apparel,Jerseys,EFA_26_WARM_UP_JSY,Egyptl Warm Up Jersey,784943,BLK,Black,S,,151124,1,0,0,0,1,36.0,36.0,90.0,90.0,90.0,90.0,0.0,,PUMA,0.0,0.0,,,,,,,Tops,False,1.0,True,0.0,,True,True,False,1.0,,,,,0.0,1.0,3/13/26 1:16:04 PM,
1.0,PUMA,Licensed,Apparel,Jerseys,EFA_26_WARM_UP_JSY,Egyptl Warm Up Jersey,784943,BLK,Black,M,,151125,1,0,0,0,1,36.0,36.0,90.0,90.0,90.0,90.0,0.0,,PUMA,0.0,0.0,,,,,,,Tops,False,1.0,True,0.0,,True,True,False,1.0,,,,,0.0,1.0,3/13/26 1:16:04 PM,
1.0,PUMA,Licensed,Apparel,Jerseys,EFA_26_WARM_UP_JSY,Egyptl Warm Up Jersey,784943,BLK,Black,L,,151126,1,0,0,0,1,36.0,36.0,90.0,90.0,90.0,90.0,0.0,,PUMA,0.0,0.0,,,,,,,Tops,False,1.0,True,0.0,,True,True,False,1.0,,,,,0.0,1.0,3/13/26 1:16:04 PM,
1.0,PUMA,Licensed,Apparel,Jerseys,EFA_26_WARM_UP_JSY,Egyptl Warm Up Jersey,784943,BLK,Black,XL,,151127,0,0,0,0,0,36.0,0.0,90.0,0.0,90.0,0.0,0.0,,PUMA,0.0,0.0,,,,,,,Tops,False,1.0,True,0.0,,True,True,False,1.0,,,,,0.0,0.0,,
1.0,PUMA,Licensed,Apparel,Jerseys,EFA_26_WARM_UP_JSY,Egyptl Warm Up Jersey,784943,BLK,Black,XXL,,151128,0,0,0,0,0,36.0,0.0,90.0,0.0,90.0,0.0,0.0,,PUMA,0.0,0.0,,,,,,,Tops,False,1.0,True,0.0,,True,True,False,1.0,,,,,0.0,0.0,,
1.0,PUMA,Licensed,Apparel,Jerseys,EFA_26_WARM_UP_JSY,Egyptl Warm Up Jersey,784943,BLK,Black,XXXL,,151129,0,0,0,0,0,36.0,0.0,90.0,0.0,90.0,0.0,0.0,,PUMA,0.0,0.0,,,,,,,Tops,False,1.0,True,0.0,,True,True,False,1.0,,,,,0.0,0.0,,
1.0,PUMA,Licensed,Apparel,Top,FRMF_26_1/4_ZP_WU,Morocco 14/ Zip Warmup,784541,RED,Red,XL,,151095,0,0,0,0,0,44.0,0.0,110.0,0.0,110.0,0.0,0.0,,PUMA,0.0,0.0,,,,,,,Tops,False,1.0,True,0.0,,True,True,False,1.0,,,,,0.0,0.0,,
1.0,PUMA,Licensed,Apparel,Top,FRMF_26_1/4_ZP_WU,Morocco 14/ Zip Warmup,784541,RED,Red,XXL,,151096,0,0,0,0,0,44.0,0.0,110.0,0.0,110.0,0.0,0.0,,PUMA,0.0,0.0,,,,,,,Tops,False,1.0,True,0.0,,True,True,False,1.0,,,,,0.0,0.0,,
1.0,PUMA,Licensed,Apparel,Top,FRMF_26_1/4_ZP_WU,Morocco 14/ Zip Warmup,784541,RED,Red,XXXL,,151097,0,0,0,0,0,44.0,0.0,110.0,0.0,110.0,0.0,0.0,,PUMA,0.0,0.0,,,,,,,Tops,False,1.0,True,0.0,,True,True,False,1.0,,,,,0.0,0.0,,
1.0,PUMA,Licensed,Apparel,Jacket,EFA_26_ANTHEM_JKT,Egypt Anthem Jacket,784945,BLK,Black,XXS,,151106,0,0,0,0,0,50.0,0.0,125.0,0.0,125.0,0.0,0.0,,PUMA,0.0,0.0,,,,,,,Tops,False,1.0,True,0.0,,True,True,False,1.0,,,,,0.0,0.0,,
1.0,PUMA,Licensed,Apparel,Jacket,EFA_26_ANTHEM_JKT,Egypt Anthem Jacket,784945,BLK,Black,XS,,151107,0,0,0,0,0,50.0,0.0,125.0,0.0,125.0,0.0,0.0,,PUMA,0.0,0.0,,,,,,,Tops,False,1.0,True,0.0,,True,True,False,1.0,,,,,0.0,0.0,,
1.0,PUMA,Licensed,Apparel,Jacket,EFA_26_ANTHEM_JKT,Egypt Anthem Jacket,784945,BLK,Black,S,,151108,0,0,0,0,0,50.0,0.0,125.0,0.0,125.0,0.0,0.0,,PUMA,0.0,0.0,,,,,,,Tops,False,1.0,True,0.0,,True,True,False,1.0,,,,,0.0,0.0,,
1.0,PUMA,Licensed,Apparel,Jacket,EFA_26_ANTHEM_JKT,Egypt Anthem Jacket,784945,BLK,Black,M,,151109,1,0,0,0,1,50.0,50.0,125.0,125.0,125.0,125.0,0.0,,PUMA,0.0,0.0,,,,,,,Tops,False,1.0,True,0.0,,True,True,False,1.0,,,,,0.0,1.0,3/13/26 1:12:36 PM,
1.0,PUMA,Licensed,Apparel,Jacket,EFA_26_ANTHEM_JKT,Egypt Anthem Jacket,784945,BLK,Black,L,,151110,1,0,0,0,1,50.0,50.0,125.0,125.0,125.0,125.0,0.0,,PUMA,0.0,0.0,,,,,,,Tops,False,1.0,True,0.0,,True,True,False,1.0,,,,,0.0,1.0,3/13/26 1:12:36 PM,
1.0,PUMA,Licensed,Apparel,Jacket,EFA_26_ANTHEM_JKT,Egypt Anthem Jacket,784945,BLK,Black,XL,,151111,0,0,0,0,0,50.0,0.0,125.0,0.0,125.0,0.0,0.0,,PUMA,0.0,0.0,,,,,,,Tops,False,1.0,True,0.0,,True,True,False,1.0,,,,,0.0,0.0,,
1.0,PUMA,Licensed,Apparel,Jacket,EFA_26_ANTHEM_JKT,Egypt Anthem Jacket,784945,BLK,Black,XXL,,151112,0,0,0,0,0,50.0,0.0,125.0,0.0,125.0,0.0,0.0,,PUMA,0.0,0.0,,,,,,,Tops,False,1.0,True,0.0,,True,True,False,1.0,,,,,0.0,0.0,,
1.0,PUMA,Licensed,Apparel,Jacket,EFA_26_ANTHEM_JKT,Egypt Anthem Jacket,784945,BLK,Black,XXXL,,151113,0,0,0,0,0,50.0,0.0,125.0,0.0,125.0,0.0,0.0,,PUMA,0.0,0.0,,,,,,,Tops,False,1.0,True,0.0,,True,True,False,1.0,,,,,0.0,0.0,,
1.0,PUMA,Licensed,Apparel,Jerseys,EFA_26_H_JSY_Y,Egypt Home Jersey Y,783554,RED,Red,Y2XS,,151130,0,0,0,0,0,40.0,0.0,100.0,0.0,100.0,0.0,0.0,,PUMA,0.0,0.0,,,,,,,Tops_Youth,False,1.0,True,0.0,,True,True,False,1.0,,,,,0.0,0.0,,
1.0,PUMA,Licensed,Apparel,Jerseys,EFA_26_H_JSY_Y,Egypt Home Jersey Y,783554,RED,Red,YXS,,151131,0,0,0,0,0,40.0,0.0,100.0,0.0,100.0,0.0,0.0,,PUMA,0.0,0.0,,,,,,,Tops_Youth,False,1.0,True,0.0,,True,True,False,1.0,,,,,0.0,0.0,,
1.0,PUMA,Licensed,Apparel,Jerseys,EFA_26_H_JSY_Y,Egypt Home Jersey Y,783554,RED,Red,YS,,151132,0,0,0,0,0,40.0,0.0,100.0,0.0,100.0,0.0,0.0,,PUMA,0.0,0.0,,,,,,,Tops_Youth,False,1.0,True,0.0,,True,True,False,1.0,,,,,0.0,0.0,,
1.0,PUMA,Licensed,Apparel,Jerseys,EFA_26_H_JSY_Y,Egypt Home Jersey Y,783554,RED,Red,YM,,151133,1,0,0,0,1,40.0,40.0,100.0,100.0,100.0,100.0,0.0,,PUMA,0.0,0.0,,,,,,,Tops_Youth,False,1.0,True,0.0,,True,True,False,1.0,,,,,0.0,1.0,3/13/26 1:20:21 PM,
1.0,PUMA,Licensed,Apparel,Jerseys,EFA_26_H_JSY_Y,Egypt Home Jersey Y,783554,RED,Red,YL,,151134,1,0,0,0,1,40.0,40.0,100.0,100.0,100.0,100.0,0.0,,PUMA,0.0,0.0,,,,,,,Tops_Youth,False,1.0,True,0.0,,True,True,False,1.0,,,,,0.0,1.0,3/13/26 1:20:22 PM,
1.0,PUMA,Licensed,Apparel,Jerseys,EFA_26_H_JSY_Y,Egypt Home Jersey Y,783554,RED,Red,YXL,,151135,0,0,0,0,0,40.0,0.0,100.0,0.0,100.0,0.0,0.0,,PUMA,0.0,0.0,,,,,,,Tops_Youth,False,1.0,True,0.0,,True,True,False,1.0,,,,,1.0,1.0,3/13/26 1:20:22 PM,
1.0,PUMA,Licensed,Apparel,Jerseys,EFA_26_H_JSY,Egypt Home Jersey,783552,RED,Red,XXS,,151136,0,0,0,0,0,52.0,0.0,130.0,0.0,130.0,0.0,0.0,,WEST COAST,0.0,0.0,,,,,,,Tops,False,1.0,True,0.0,,True,True,False,1.0,,,,,0.0,0.0,,
1.0,PUMA,Licensed,Apparel,Jerseys,EFA_26_H_JSY,Egypt Home Jersey,783552,RED,Red,XS,,151137,0,0,0,0,0,52.0,0.0,130.0,0.0,130.0,0.0,0.0,,WEST COAST,0.0,0.0,,,,,,,Tops,False,1.0,True,0.0,,True,True,False,1.0,,,,,0.0,0.0,,
1.0,PUMA,Licensed,Apparel,Jerseys,EFA_26_H_JSY,Egypt Home Jersey,783552,RED,Red,S,,151138,2,0,0,0,2,52.0,104.0,130.0,260.0,130.0,260.0,0.0,,WEST COAST,0.0,0.0,,,,,,,Tops,False,1.0,True,0.0,,True,True,False,1.0,,,,,0.0,2.0,3/13/26 1:29:21 PM,
1.0,PUMA,Licensed,Apparel,Jerseys,EFA_26_H_JSY,Egypt Home Jersey,783552,RED,Red,M,,151139,2,0,0,0,2,52.0,104.0,130.0,260.0,130.0,260.0,0.0,,WEST COAST,0.0,0.0,,,,,,,Tops,False,1.0,True,0.0,,True,True,False,1.0,,,,,0.0,2.0,3/13/26 1:29:21 PM,
1.0,PUMA,Licensed,Apparel,Jerseys,EFA_26_H_JSY,Egypt Home Jersey,783552,RED,Red,L,,151140,2,0,0,0,2,52.0,104.0,130.0,260.0,130.0,260.0,0.0,,WEST COAST,0.0,0.0,,,,,,,Tops,False,1.0,True,0.0,,True,True,False,1.0,,,,,0.0,2.0,3/13/26 1:29:21 PM,
1.0,PUMA,Licensed,Apparel,Jerseys,EFA_26_H_JSY,Egypt Home Jersey,783552,RED,Red,XL,,151141,0,0,0,0,0,52.0,0.0,130.0,0.0,130.0,0.0,0.0,,WEST COAST,0.0,0.0,,,,,,,Tops,False,1.0,True,0.0,,True,True,False,1.0,,,,,1.0,1.0,3/13/26 1:29:21 PM,
1.0,PUMA,Licensed,Apparel,Jerseys,EFA_26_H_JSY,Egypt Home Jersey,783552,RED,Red,XXL,,151142,0,0,0,0,0,52.0,0.0,130.0,0.0,130.0,0.0,0.0,,WEST COAST,0.0,0.0,,,,,,,Tops,False,1.0,True,0.0,,True,True,False,1.0,,,,,0.0,0.0,,
1.0,PUMA,Licensed,Apparel,Jerseys,EFA_26_H_JSY,Egypt Home Jersey,783552,RED,Red,XXXL,,151143,0,0,0,0,0,52.0,0.0,130.0,0.0,130.0,0.0,0.0,,WEST COAST,0.0,0.0,,,,,,,Tops,False,1.0,True,0.0,,True,True,False,1.0,,,,,0.0,0.0,,
1.0,PUMA,Licensed,Apparel,Jerseys,EFA_26_A_JSY,Egypt Away Jersey,783557,WHT,White,XXS,,151144,0,0,0,0,0,52.0,0.0,130.0,0.0,130.0,0.0,0.0,,WEST COAST,0.0,0.0,,,,,,,Tops,False,1.0,True,0.0,,True,True,False,1.0,,,,,0.0,0.0,,
1.0,PUMA,Licensed,Apparel,Jerseys,EFA_26_A_JSY,Egypt Away Jersey,783557,WHT,White,XS,,151145,0,0,0,0,0,52.0,0.0,130.0,0.0,130.0,0.0,0.0,,WEST COAST,0.0,0.0,,,,,,,Tops,False,1.0,True,0.0,,True,True,False,1.0,,,,,0.0,0.0,,
1.0,PUMA,Licensed,Apparel,Jerseys,EFA_26_A_JSY,Egypt Away Jersey,783557,WHT,White,S,,151146,0,0,0,0,0,52.0,0.0,130.0,0.0,130.0,0.0,0.0,,WEST COAST,0.0,0.0,,,,,,,Tops,False,1.0,True,0.0,,True,True,False,1.0,,,,,0.0,0.0,,
1.0,PUMA,Licensed,Apparel,Jerseys,EFA_26_A_JSY,Egypt Away Jersey,783557,WHT,White,M,,151147,1,0,0,0,1,52.0,52.0,130.0,130.0,130.0,130.0,0.0,,WEST COAST,0.0,0.0,,,,,,,Tops,False,1.0,True,0.0,,True,True,False,1.0,,,,,0.0,1.0,3/13/26 1:33:35 PM,
1.0,PUMA,Licensed,Apparel,Jerseys,EFA_26_A_JSY,Egypt Away Jersey,783557,WHT,White,L,,151148,1,0,0,0,1,52.0,52.0,130.0,130.0,130.0,130.0,0.0,,WEST COAST,0.0,0.0,,,,,,,Tops,False,1.0,True,0.0,,True,True,False,1.0,,,,,0.0,1.0,3/13/26 1:33:35 PM,
1.0,PUMA,Licensed,Apparel,Jerseys,EFA_26_A_JSY,Egypt Away Jersey,783557,WHT,White,XL,,151149,0,0,0,0,0,52.0,0.0,130.0,0.0,130.0,0.0,0.0,,WEST COAST,0.0,0.0,,,,,,,Tops,False,1.0,True,0.0,,True,True,False,1.0,,,,,0.0,0.0,,
1.0,PUMA,Licensed,Apparel,Jerseys,EFA_26_A_JSY,Egypt Away Jersey,783557,WHT,White,XXL,,151150,0,0,0,0,0,52.0,0.0,130.0,0.0,130.0,0.0,0.0,,WEST COAST,0.0,0.0,,,,,,,Tops,False,1.0,True,0.0,,True,True,False,1.0,,,,,0.0,0.0,,
1.0,PUMA,Licensed,Apparel,Jerseys,EFA_26_A_JSY,Egypt Away Jersey,783557,WHT,White,XXXL,,151151,0,0,0,0,0,52.0,0.0,130.0,0.0,130.0,0.0,0.0,,WEST COAST,0.0,0.0,,,,,,,Tops,False,1.0,True,0.0,,True,True,False,1.0,,,,,0.0,0.0,,
1.0,PUMA,Licensed,Apparel,Jerseys,GFA_26_H_JSY,Ghana Home Jersey,783419,WHT,White,XXS,,151152,0,0,0,0,0,52.0,0.0,130.0,0.0,130.0,0.0,0.0,,WEST COAST,0.0,0.0,,,,,,,Tops,False,1.0,True,0.0,,True,True,False,1.0,,,,,0.0,0.0,,
1.0,PUMA,Licensed,Apparel,Jerseys,GFA_26_H_JSY,Ghana Home Jersey,783419,WHT,White,XS,,151153,0,0,0,0,0,52.0,0.0,130.0,0.0,130.0,0.0,0.0,,WEST COAST,0.0,0.0,,,,,,,Tops,False,1.0,True,0.0,,True,True,False,1.0,,,,,0.0,0.0,,
1.0,PUMA,Licensed,Apparel,Jerseys,GFA_26_H_JSY,Ghana Home Jersey,783419,WHT,White,S,,151154,0,0,0,0,0,52.0,0.0,130.0,0.0,130.0,0.0,0.0,,WEST COAST,0.0,0.0,,,,,,,Tops,False,1.0,True,0.0,,True,True,False,1.0,,,,,0.0,0.0,,
1.0,PUMA,Licensed,Apparel,Jerseys,GFA_26_H_JSY,Ghana Home Jersey,783419,WHT,White,M,,151155,0,0,0,0,0,52.0,0.0,130.0,0.0,130.0,0.0,0.0,,WEST COAST,0.0,0.0,,,,,,,Tops,False,1.0,True,0.0,,True,True,False,1.0,,,,,1.0,1.0,3/13/26 1:47:37 PM,
1.0,PUMA,Licensed,Apparel,Jerseys,GFA_26_H_JSY,Ghana Home Jersey,783419,WHT,White,L,,151156,1,0,0,0,1,52.0,52.0,130.0,130.0,130.0,130.0,0.0,,WEST COAST,0.0,0.0,,,,,,,Tops,False,1.0,True,0.0,,True,True,False,1.0,,,,,0.0,1.0,3/13/26 1:47:37 PM,
1.0,PUMA,Licensed,Apparel,Jerseys,GFA_26_H_JSY,Ghana Home Jersey,783419,WHT,White,XL,,151157,0,0,0,0,0,52.0,0.0,130.0,0.0,130.0,0.0,0.0,,WEST COAST,0.0,0.0,,,,,,,Tops,False,1.0,True,0.0,,True,True,False,1.0,,,,,0.0,0.0,,
1.0,PUMA,Licensed,Apparel,Jerseys,GFA_26_H_JSY,Ghana Home Jersey,783419,WHT,White,XXL,,151158,0,0,0,0,0,52.0,0.0,130.0,0.0,130.0,0.0,0.0,,WEST COAST,0.0,0.0,,,,,,,Tops,False,1.0,True,0.0,,True,True,False,1.0,,,,,0.0,0.0,,
1.0,PUMA,Licensed,Apparel,Jerseys,GFA_26_H_JSY,Ghana Home Jersey,783419,WHT,White,XXXL,,151159,0,0,0,0,0,52.0,0.0,130.0,0.0,130.0,0.0,0.0,,WEST COAST,0.0,0.0,,,,,,,Tops,False,1.0,True,0.0,,True,True,False,1.0,,,,,0.0,0.0,,
1.0,PUMA,Licensed,Apparel,Jerseys,FRMF_26_H_JSY,Morocco Home Jersey,783321,RED,Red,XXS,,151160,0,0,0,0,0,52.0,0.0,130.0,0.0,130.0,0.0,0.0,,WEST COAST,0.0,0.0,,,,,,,Tops,False,1.0,True,0.0,,True,True,False,1.0,,,,,0.0,0.0,,
1.0,PUMA,Licensed,Apparel,Jerseys,FRMF_26_H_JSY,Morocco Home Jersey,783321,RED,Red,XS,,151161,0,0,0,0,0,52.0,0.0,130.0,0.0,130.0,0.0,0.0,,WEST COAST,0.0,0.0,,,,,,,Tops,False,1.0,True,0.0,,True,True,False,1.0,,,,,0.0,0.0,,
1.0,PUMA,Licensed,Apparel,Jerseys,FRMF_26_H_JSY,Morocco Home Jersey,783321,RED,Red,S,,151162,1,0,0,0,1,52.0,52.0,130.0,130.0,130.0,130.0,0.0,,WEST COAST,0.0,0.0,,,,,,,Tops,False,1.0,True,0.0,,True,True,False,1.0,,,,,0.0,1.0,3/13/26 1:50:08 PM,
1.0,PUMA,Licensed,Apparel,Jerseys,FRMF_26_H_JSY,Morocco Home Jersey,783321,RED,Red,M,,151163,1,0,0,0,1,52.0,52.0,130.0,130.0,130.0,130.0,0.0,,WEST COAST,0.0,0.0,,,,,,,Tops,False,1.0,True,0.0,,True,True,False,1.0,,,,,0.0,1.0,3/13/26 1:50:09 PM,
1.0,PUMA,Licensed,Apparel,Jerseys,FRMF_26_H_JSY,Morocco Home Jersey,783321,RED,Red,L,,151164,0,0,0,0,0,52.0,0.0,130.0,0.0,130.0,0.0,0.0,,WEST COAST,0.0,0.0,,,,,,,Tops,False,1.0,True,0.0,,True,True,False,1.0,,,,,1.0,1.0,3/13/26 1:50:09 PM,
1.0,PUMA,Licensed,Apparel,Jerseys,FRMF_26_H_JSY,Morocco Home Jersey,783321,RED,Red,XL,,151165,0,0,0,0,0,52.0,0.0,130.0,0.0,130.0,0.0,0.0,,WEST COAST,0.0,0.0,,,,,,,Tops,False,1.0,True,0.0,,True,True,False,1.0,,,,,0.0,0.0,,
1.0,PUMA,Licensed,Apparel,Jerseys,FRMF_26_H_JSY,Morocco Home Jersey,783321,RED,Red,XXL,,151166,0,0,0,0,0,52.0,0.0,130.0,0.0,130.0,0.0,0.0,,WEST COAST,0.0,0.0,,,,,,,Tops,False,1.0,True,0.0,,True,True,False,1.0,,,,,0.0,0.0,,
1.0,PUMA,Licensed,Apparel,Jerseys,FRMF_26_H_JSY,Morocco Home Jersey,783321,RED,Red,XXXL,,151167,0,0,0,0,0,52.0,0.0,130.0,0.0,130.0,0.0,0.0,,WEST COAST,0.0,0.0,,,,,,,Tops,False,1.0,True,0.0,,True,True,False,1.0,,,,,0.0,0.0,,
1.0,PUMA,Licensed,Apparel,Jerseys,FRMF_26_A_JSY,Morocco Away Jersey,783318,WHT,White,XXS,,151168,0,0,0,0,0,52.0,0.0,130.0,0.0,130.0,0.0,0.0,,WEST COAST,0.0,0.0,,,,,,,Tops,False,1.0,True,0.0,,True,True,False,1.0,,,,,0.0,0.0,,
1.0,PUMA,Licensed,Apparel,Jerseys,FRMF_26_A_JSY,Morocco Away Jersey,783318,WHT,White,XS,,151169,0,0,0,0,0,52.0,0.0,130.0,0.0,130.0,0.0,0.0,,WEST COAST,0.0,0.0,,,,,,,Tops,False,1.0,True,0.0,,True,True,False,1.0,,,,,0.0,0.0,,
1.0,PUMA,Licensed,Apparel,Jerseys,FRMF_26_A_JSY,Morocco Away Jersey,783318,WHT,White,S,,151170,1,0,0,0,1,52.0,52.0,130.0,130.0,130.0,130.0,0.0,,WEST COAST,0.0,0.0,,,,,,,Tops,False,1.0,True,0.0,,True,True,False,1.0,,,,,0.0,1.0,3/13/26 1:51:41 PM,
1.0,PUMA,Licensed,Apparel,Jerseys,FRMF_26_A_JSY,Morocco Away Jersey,783318,WHT,White,M,,151171,1,0,0,0,1,52.0,52.0,130.0,130.0,130.0,130.0,0.0,,WEST COAST,0.0,0.0,,,,,,,Tops,False,1.0,True,0.0,,True,True,False,1.0,,,,,0.0,1.0,3/13/26 1:51:41 PM,
1.0,PUMA,Licensed,Apparel,Jerseys,FRMF_26_A_JSY,Morocco Away Jersey,783318,WHT,White,L,,151172,1,0,0,0,1,52.0,52.0,130.0,130.0,130.0,130.0,0.0,,WEST COAST,0.0,0.0,,,,,,,Tops,False,1.0,True,0.0,,True,True,False,1.0,,,,,0.0,1.0,3/13/26 1:51:42 PM,
1.0,PUMA,Licensed,Apparel,Jerseys,FRMF_26_A_JSY,Morocco Away Jersey,783318,WHT,White,XL,,151173,0,0,0,0,0,52.0,0.0,130.0,0.0,130.0,0.0,0.0,,WEST COAST,0.0,0.0,,,,,,,Tops,False,1.0,True,0.0,,True,True,False,1.0,,,,,0.0,0.0,,
1.0,PUMA,Licensed,Apparel,Jerseys,FRMF_26_A_JSY,Morocco Away Jersey,783318,WHT,White,XXL,,151174,0,0,0,0,0,52.0,0.0,130.0,0.0,130.0,0.0,0.0,,WEST COAST,0.0,0.0,,,,,,,Tops,False,1.0,True,0.0,,True,True,False,1.0,,,,,0.0,0.0,,
1.0,PUMA,Licensed,Apparel,Jerseys,FRMF_26_A_JSY,Morocco Away Jersey,783318,WHT,White,XXXL,,151175,0,0,0,0,0,52.0,0.0,130.0,0.0,130.0,0.0,0.0,,WEST COAST,0.0,0.0,,,,,,,Tops,False,1.0,True,0.0,,True,True,False,1.0,,,,,0.0,0.0,,
1.0,PUMA,Licensed,Apparel,Jerseys,FRMF_26_H_JSY_Y,Morocco  Home Jersey Y,783321,RED,Red,Y2XS,,151176,0,0,0,0,0,40.0,0.0,100.0,0.0,100.0,0.0,0.0,,PUMA,0.0,0.0,,,,,,,Tops_Youth,False,1.0,True,0.0,,True,True,False,1.0,,,,,0.0,0.0,,
1.0,PUMA,Licensed,Apparel,Jerseys,FRMF_26_H_JSY_Y,Morocco  Home Jersey Y,783321,RED,Red,YXS,,151177,0,0,0,0,0,40.0,0.0,100.0,0.0,100.0,0.0,0.0,,PUMA,0.0,0.0,,,,,,,Tops_Youth,False,1.0,True,0.0,,True,True,False,1.0,,,,,0.0,0.0,,
1.0,PUMA,Licensed,Apparel,Jerseys,FRMF_26_H_JSY_Y,Morocco  Home Jersey Y,783321,RED,Red,YS,,151178,0,0,0,0,0,40.0,0.0,100.0,0.0,100.0,0.0,0.0,,PUMA,0.0,0.0,,,,,,,Tops_Youth,False,1.0,True,0.0,,True,True,False,1.0,,,,,0.0,0.0,,
1.0,PUMA,Licensed,Apparel,Jerseys,FRMF_26_H_JSY_Y,Morocco  Home Jersey Y,783321,RED,Red,YM,,151179,0,0,0,0,0,40.0,0.0,100.0,0.0,100.0,0.0,0.0,,PUMA,0.0,0.0,,,,,,,Tops_Youth,False,1.0,True,0.0,,True,True,False,1.0,,,,,0.0,0.0,,
1.0,PUMA,Licensed,Apparel,Jerseys,FRMF_26_H_JSY_Y,Morocco  Home Jersey Y,783321,RED,Red,YL,,151180,1,0,0,0,1,40.0,40.0,100.0,100.0,100.0,100.0,0.0,,PUMA,0.0,0.0,,,,,,,Tops_Youth,False,1.0,True,0.0,,True,True,False,1.0,,,,,0.0,1.0,3/13/26 1:53:03 PM,
1.0,PUMA,Licensed,Apparel,Jerseys,FRMF_26_H_JSY_Y,Morocco  Home Jersey Y,783321,RED,Red,YXL,,151181,1,0,0,0,1,40.0,40.0,100.0,100.0,100.0,100.0,0.0,,PUMA,0.0,0.0,,,,,,,Tops_Youth,False,1.0,True,0.0,,True,True,False,1.0,,,,,0.0,1.0,3/13/26 1:53:03 PM,
1.0,PUMA,Licensed,ACCESSORIES,Balls,FPF_26_CULTURE_BALL,Portugal Ball,084983,RED,Red,1,,151182,0,0,0,0,0,14.0,0.0,35.0,0.0,35.0,0.0,0.0,,PUMA,0.0,0.0,,,,,,,Balls,False,1.0,True,0.0,,True,True,False,1.0,,,,,0.0,0.0,,
1.0,PUMA,Licensed,ACCESSORIES,Balls,FPF_26_CULTURE_BALL,Portugal Ball,084983,RED,Red,2,,151183,0,0,0,0,0,14.0,0.0,35.0,0.0,35.0,0.0,0.0,,PUMA,0.0,0.0,,,,,,,Balls,False,1.0,True,0.0,,True,True,False,1.0,,,,,0.0,0.0,,
1.0,PUMA,Licensed,ACCESSORIES,Balls,FPF_26_CULTURE_BALL,Portugal Ball,084983,RED,Red,3,,151184,0,0,0,0,0,14.0,0.0,35.0,0.0,35.0,0.0,0.0,,PUMA,0.0,0.0,,,,,,,Balls,False,1.0,True,0.0,,True,True,False,1.0,,,,,0.0,0.0,,
1.0,PUMA,Licensed,ACCESSORIES,Balls,FPF_26_CULTURE_BALL,Portugal Ball,084983,RED,Red,4,,151185,0,0,0,0,0,14.0,0.0,35.0,0.0,35.0,0.0,0.0,,PUMA,0.0,0.0,,,,,,,Balls,False,1.0,True,0.0,,True,True,False,1.0,,,,,0.0,0.0,,
1.0,PUMA,Licensed,ACCESSORIES,Balls,FPF_26_CULTURE_BALL,Portugal Ball,084983,RED,Red,5,,151186,3,0,0,0,3,14.0,42.0,35.0,105.0,35.0,105.0,0.0,,PUMA,0.0,0.0,,,,,,,Balls,False,1.0,True,0.0,,True,True,False,1.0,,,,,1.0,4.0,3/13/26 1:55:43 PM,
1.0,PUMA,Licensed,ACCESSORIES,Balls,FPF_26_MINI_BALL,Portugal Mini Ball,084984,RED,Red,1,,151187,1,0,0,0,1,10.0,10.0,25.0,25.0,25.0,25.0,0.0,,PUMA,0.0,0.0,,,,,,,Balls,False,1.0,True,0.0,,True,True,False,1.0,,,,,2.0,3.0,3/13/26 1:56:34 PM,
1.0,PUMA,Licensed,ACCESSORIES,Balls,FPF_26_MINI_BALL,Portugal Mini Ball,084984,RED,Red,2,,151188,0,0,0,0,0,10.0,0.0,25.0,0.0,25.0,0.0,0.0,,PUMA,0.0,0.0,,,,,,,Balls,False,1.0,True,0.0,,True,True,False,1.0,,,,,0.0,0.0,,
1.0,PUMA,Licensed,ACCESSORIES,Balls,FPF_26_MINI_BALL,Portugal Mini Ball,084984,RED,Red,3,,151189,0,0,0,0,0,10.0,0.0,25.0,0.0,25.0,0.0,0.0,,PUMA,0.0,0.0,,,,,,,Balls,False,1.0,True,0.0,,True,True,False,1.0,,,,,0.0,0.0,,
1.0,PUMA,Licensed,ACCESSORIES,Balls,FPF_26_MINI_BALL,Portugal Mini Ball,084984,RED,Red,4,,151190,0,0,0,0,0,10.0,0.0,25.0,0.0,25.0,0.0,0.0,,PUMA,0.0,0.0,,,,,,,Balls,False,1.0,True,0.0,,True,True,False,1.0,,,,,0.0,0.0,,
1.0,PUMA,Licensed,ACCESSORIES,Balls,FPF_26_MINI_BALL,Portugal Mini Ball,084984,RED,Red,5,,151191,0,0,0,0,0,10.0,0.0,25.0,0.0,25.0,0.0,0.0,,PUMA,0.0,0.0,,,,,,,Balls,False,1.0,True,0.0,,True,True,False,1.0,,,,,0.0,0.0,,
1.0,NIKE,Licensed,Apparel,Jerseys,CANADA_26_H_JSY,Canada Home Jersey,P35887,RED,Red,XXS,,151208,0,0,0,0,0,66.15,0.0,135.0,0.0,135.0,0.0,0.0,,NIKE,0.0,0.0,,,,,,,Tops,False,1.0,True,0.0,,True,True,False,1.0,,,,,0.0,0.0,,
1.0,NIKE,Licensed,Apparel,Jerseys,CANADA_26_H_JSY,Canada Home Jersey,P35887,RED,Red,XS,,151209,0,0,0,0,0,66.15,0.0,135.0,0.0,135.0,0.0,0.0,,NIKE,0.0,0.0,,,,,,,Tops,False,1.0,True,0.0,,True,True,False,1.0,,,,,0.0,0.0,,
1.0,NIKE,Licensed,Apparel,Jerseys,CANADA_26_H_JSY,Canada Home Jersey,P35887,RED,Red,S,,151210,5,0,0,0,5,66.15,330.75,135.0,675.0,135.0,675.0,0.0,,NIKE,0.0,0.0,,,,,,,Tops,False,1.0,True,0.0,,True,True,False,1.0,,,,,0.0,5.0,3/18/26 12:45:52 PM,
1.0,NIKE,Licensed,Apparel,Jerseys,CANADA_26_H_JSY,Canada Home Jersey,P35887,RED,Red,M,,151211,4,0,0,0,4,66.15,264.6,135.0,540.0,135.0,540.0,0.0,,NIKE,0.0,0.0,,,,,,,Tops,False,1.0,True,0.0,,True,True,False,1.0,,,,,0.0,4.0,3/18/26 12:45:52 PM,
1.0,NIKE,Licensed,Apparel,Jerseys,CANADA_26_H_JSY,Canada Home Jersey,P35887,RED,Red,L,,151212,5,0,0,0,5,66.15,330.75,135.0,675.0,135.0,675.0,0.0,,NIKE,0.0,0.0,,,,,,,Tops,False,1.0,True,0.0,,True,True,False,1.0,,,,,0.0,5.0,3/18/26 12:45:52 PM,
1.0,NIKE,Licensed,Apparel,Jerseys,CANADA_26_H_JSY,Canada Home Jersey,P35887,RED,Red,XL,,151213,1,0,0,0,1,66.15,66.15,135.0,135.0,135.0,135.0,0.0,,NIKE,0.0,0.0,,,,,,,Tops,False,1.0,True,0.0,,True,True,False,1.0,,,,,2.0,3.0,3/18/26 12:45:52 PM,
1.0,NIKE,Licensed,Apparel,Jerseys,CANADA_26_H_JSY,Canada Home Jersey,P35887,RED,Red,XXL,,151214,1,0,0,0,1,66.15,66.15,135.0,135.0,135.0,135.0,0.0,,NIKE,0.0,0.0,,,,,,,Tops,False,1.0,True,0.0,,True,True,False,1.0,,,,,1.0,2.0,3/18/26 12:45:52 PM,
1.0,NIKE,Licensed,Apparel,Jerseys,CANADA_26_H_JSY,Canada Home Jersey,P35887,RED,Red,XXXL,,151215,0,0,0,0,0,66.15,0.0,135.0,0.0,135.0,0.0,0.0,,NIKE,0.0,0.0,,,,,,,Tops,False,1.0,True,0.0,,True,True,False,1.0,,,,,0.0,0.0,,
1.0,NIKE,Licensed,Apparel,Jerseys,CANADA_26_A_JSY_W,Canada Away Jersey Women,P35891,BLK,Black,XXS,,151230,0,0,0,0,0,66.15,0.0,135.0,0.0,135.0,0.0,0.0,,NIKE,0.0,0.0,,,,,,,Tops,False,1.0,True,0.0,,True,True,False,1.0,,,,,0.0,0.0,,
1.0,NIKE,Licensed,Apparel,Jerseys,CANADA_26_A_JSY_W,Canada Away Jersey Women,P35891,BLK,Black,XS,,151231,0,0,0,0,0,66.15,0.0,135.0,0.0,135.0,0.0,0.0,,NIKE,0.0,0.0,,,,,,,Tops,False,1.0,True,0.0,,True,True,False,1.0,,,,,0.0,0.0,,
1.0,NIKE,Licensed,Apparel,Jerseys,CANADA_26_A_JSY_W,Canada Away Jersey Women,P35891,BLK,Black,S,,151232,3,0,0,0,3,66.15,198.45,135.0,405.0,135.0,405.0,0.0,,NIKE,0.0,0.0,,,,,,,Tops,False,1.0,True,0.0,,True,True,False,1.0,,,,,0.0,3.0,3/18/26 1:22:42 PM,
1.0,NIKE,Licensed,Apparel,Jerseys,CANADA_26_A_JSY_W,Canada Away Jersey Women,P35891,BLK,Black,M,,151233,3,0,0,0,3,66.15,198.45,135.0,405.0,135.0,405.0,0.0,,NIKE,0.0,0.0,,,,,,,Tops,False,1.0,True,0.0,,True,True,False,1.0,,,,,0.0,3.0,3/18/26 1:22:42 PM,
1.0,NIKE,Licensed,Apparel,Jerseys,CANADA_26_A_JSY_W,Canada Away Jersey Women,P35891,BLK,Black,L,,151234,2,0,0,0,2,66.15,132.3,135.0,270.0,135.0,270.0,0.0,,NIKE,0.0,0.0,,,,,,,Tops,False,1.0,True,0.0,,True,True,False,1.0,,,,,0.0,2.0,3/18/26 1:22:42 PM,
1.0,NIKE,Licensed,Apparel,Jerseys,CANADA_26_A_JSY_W,Canada Away Jersey Women,P35891,BLK,Black,XL,,151235,1,0,0,0,1,66.15,66.15,135.0,135.0,135.0,135.0,0.0,,NIKE,0.0,0.0,,,,,,,Tops,False,1.0,True,0.0,,True,True,False,1.0,,,,,0.0,1.0,3/18/26 1:22:42 PM,
1.0,NIKE,Licensed,Apparel,Jerseys,CANADA_26_A_JSY_W,Canada Away Jersey Women,P35891,BLK,Black,XXL,,151236,0,0,0,0,0,66.15,0.0,135.0,0.0,135.0,0.0,0.0,,NIKE,0.0,0.0,,,,,,,Tops,False,1.0,True,0.0,,True,True,False,1.0,,,,,0.0,0.0,,
1.0,NIKE,Licensed,Apparel,Jerseys,CANADA_26_A_JSY_W,Canada Away Jersey Women,P35891,BLK,Black,XXXL,,151237,0,0,0,0,0,66.15,0.0,135.0,0.0,135.0,0.0,0.0,,NIKE,0.0,0.0,,,,,,,Tops,False,1.0,True,0.0,,True,True,False,1.0,,,,,0.0,0.0,,
1.0,NIKE,Licensed,Apparel,Jerseys,CANADA_26_A_JSY,Canada Away Jersey,P35890,BLK,Black,XXS,,151238,0,0,0,0,0,66.15,0.0,135.0,0.0,135.0,0.0,0.0,,NIKE,0.0,0.0,,,,,,,Tops,False,1.0,True,0.0,,True,True,False,1.0,,,,,0.0,0.0,,
1.0,NIKE,Licensed,Apparel,Jerseys,CANADA_26_A_JSY,Canada Away Jersey,P35890,BLK,Black,XS,,151239,0,0,0,0,0,66.15,0.0,135.0,0.0,135.0,0.0,0.0,,NIKE,0.0,0.0,,,,,,,Tops,False,1.0,True,0.0,,True,True,False,1.0,,,,,0.0,0.0,,
1.0,NIKE,Licensed,Apparel,Jerseys,CANADA_26_A_JSY,Canada Away Jersey,P35890,BLK,Black,S,,151240,0,0,0,0,0,66.15,0.0,135.0,0.0,135.0,0.0,0.0,,NIKE,0.0,0.0,,,,,,,Tops,False,1.0,True,0.0,,True,True,False,1.0,,,,,0.0,0.0,,
1.0,NIKE,Licensed,Apparel,Jerseys,CANADA_26_A_JSY,Canada Away Jersey,P35890,BLK,Black,M,,151241,7,0,0,0,7,66.15,463.05,135.0,945.0,135.0,945.0,0.0,,NIKE,0.0,0.0,,,,,,,Tops,False,1.0,True,0.0,,True,True,False,1.0,,,,,1.0,8.0,3/18/26 1:25:50 PM,
1.0,NIKE,Licensed,Apparel,Jerseys,CANADA_26_H_JSY_W,Canada Home Jersey Women,P35888,RED,Red,XXS,,151216,0,0,0,0,0,66.15,0.0,135.0,0.0,135.0,0.0,0.0,,NIKE,0.0,0.0,,,,,,,Tops,False,1.0,True,0.0,,True,True,False,1.0,,,,,0.0,0.0,,
1.0,NIKE,Licensed,Apparel,Jerseys,CANADA_26_H_JSY_W,Canada Home Jersey Women,P35888,RED,Red,XS,,151217,0,0,0,0,0,66.15,0.0,135.0,0.0,135.0,0.0,0.0,,NIKE,0.0,0.0,,,,,,,Tops,False,1.0,True,0.0,,True,True,False,1.0,,,,,0.0,0.0,,
1.0,NIKE,Licensed,Apparel,Jerseys,CANADA_26_H_JSY_W,Canada Home Jersey Women,P35888,RED,Red,S,,151218,2,0,0,0,2,66.15,132.3,135.0,270.0,135.0,270.0,0.0,,NIKE,0.0,0.0,,,,,,,Tops,False,1.0,True,0.0,,True,True,False,1.0,,,,,0.0,2.0,3/18/26 12:51:14 PM,
1.0,NIKE,Licensed,Apparel,Jerseys,CANADA_26_H_JSY_W,Canada Home Jersey Women,P35888,RED,Red,M,,151219,1,0,0,0,1,66.15,66.15,135.0,135.0,135.0,135.0,0.0,,NIKE,0.0,0.0,,,,,,,Tops,False,1.0,True,0.0,,True,True,False,1.0,,,,,1.0,2.0,3/18/26 12:51:14 PM,
1.0,NIKE,Licensed,Apparel,Jerseys,CANADA_26_H_JSY_W,Canada Home Jersey Women,P35888,RED,Red,L,,151220,0,0,0,0,0,66.15,0.0,135.0,0.0,135.0,0.0,0.0,,NIKE,0.0,0.0,,,,,,,Tops,False,1.0,True,0.0,,True,True,False,1.0,,,,,0.0,0.0,,
1.0,NIKE,Licensed,Apparel,Jerseys,CANADA_26_H_JSY_W,Canada Home Jersey Women,P35888,RED,Red,XL,,151221,0,0,0,0,0,66.15,0.0,135.0,0.0,135.0,0.0,0.0,,NIKE,0.0,0.0,,,,,,,Tops,False,1.0,True,0.0,,True,True,False,1.0,,,,,0.0,0.0,,
1.0,NIKE,Licensed,Apparel,Jerseys,CANADA_26_H_JSY_W,Canada Home Jersey Women,P35888,RED,Red,XXL,,151222,0,0,0,0,0,66.15,0.0,135.0,0.0,135.0,0.0,0.0,,NIKE,0.0,0.0,,,,,,,Tops,False,1.0,True,0.0,,True,True,False,1.0,,,,,0.0,0.0,,
1.0,NIKE,Licensed,Apparel,Jerseys,CANADA_26_H_JSY_W,Canada Home Jersey Women,P35888,RED,Red,XXXL,,151223,0,0,0,0,0,66.15,0.0,135.0,0.0,135.0,0.0,0.0,,NIKE,0.0,0.0,,,,,,,Tops,False,1.0,True,0.0,,True,True,False,1.0,,,,,0.0,0.0,,
1.0,NIKE,Licensed,Apparel,T-Shirt,CANADA_26_T_Y,Canada T-shirt Youth,P11377,RED,Red,Y2XS,,151224,0,0,0,0,0,21.56,0.0,44.0,0.0,44.0,0.0,0.0,,NIKE,0.0,0.0,,,,,,,Tops_Youth,False,1.0,True,0.0,,True,True,False,1.0,,,,,0.0,0.0,,
1.0,NIKE,Licensed,Apparel,T-Shirt,CANADA_26_T_Y,Canada T-shirt Youth,P11377,RED,Red,YXS,,151225,0,0,0,0,0,21.56,0.0,44.0,0.0,44.0,0.0,0.0,,NIKE,0.0,0.0,,,,,,,Tops_Youth,False,1.0,True,0.0,,True,True,False,1.0,,,,,0.0,0.0,,
1.0,NIKE,Licensed,Apparel,T-Shirt,CANADA_26_T_Y,Canada T-shirt Youth,P11377,RED,Red,YS,,151226,0,0,0,0,0,21.56,0.0,44.0,0.0,44.0,0.0,0.0,,NIKE,0.0,0.0,,,,,,,Tops_Youth,False,1.0,True,0.0,,True,True,False,1.0,,,,,1.0,1.0,3/18/26 12:55:02 PM,
1.0,NIKE,Licensed,Apparel,T-Shirt,CANADA_26_T_Y,Canada T-shirt Youth,P11377,RED,Red,YM,,151227,2,0,0,0,2,21.56,43.12,44.0,88.0,44.0,88.0,0.0,,NIKE,0.0,0.0,,,,,,,Tops_Youth,False,1.0,True,0.0,,True,True,False,1.0,,,,,0.0,2.0,3/18/26 12:55:02 PM,
1.0,NIKE,Licensed,Apparel,T-Shirt,CANADA_26_T_Y,Canada T-shirt Youth,P11377,RED,Red,YL,,151228,2,0,0,0,2,21.56,43.12,44.0,88.0,44.0,88.0,0.0,,NIKE,0.0,0.0,,,,,,,Tops_Youth,False,1.0,True,0.0,,True,True,False,1.0,,,,,0.0,2.0,3/18/26 12:55:02 PM,
1.0,NIKE,Licensed,Apparel,T-Shirt,CANADA_26_T_Y,Canada T-shirt Youth,P11377,RED,Red,YXL,,151229,1,0,0,0,1,21.56,21.56,44.0,44.0,44.0,44.0,0.0,,NIKE,0.0,0.0,,,,,,,Tops_Youth,False,1.0,True,0.0,,True,True,False,1.0,,,,,0.0,1.0,3/18/26 12:55:02 PM,
1.0,NIKE,Licensed,Apparel,Jerseys,CANADA_26_A_JSY,Canada Away Jersey,P35890,BLK,Black,L,,151242,7,0,0,0,7,66.15,463.05,135.0,945.0,135.0,945.0,0.0,,NIKE,0.0,0.0,,,,,,,Tops,False,1.0,True,0.0,,True,True,False,1.0,,,,,0.0,7.0,3/18/26 1:25:50 PM,
1.0,NIKE,Licensed,Apparel,Jerseys,CANADA_26_A_JSY,Canada Away Jersey,P35890,BLK,Black,XL,,151243,2,0,0,0,2,66.15,132.3,135.0,270.0,135.0,270.0,0.0,,NIKE,0.0,0.0,,,,,,,Tops,False,1.0,True,0.0,,True,True,False,1.0,,,,,2.0,4.0,3/18/26 1:25:50 PM,
1.0,NIKE,Licensed,Apparel,Jerseys,CANADA_26_A_JSY,Canada Away Jersey,P35890,BLK,Black,XXL,,151244,2,0,0,0,2,66.15,132.3,135.0,270.0,135.0,270.0,0.0,,NIKE,0.0,0.0,,,,,,,Tops,False,1.0,True,0.0,,True,True,False,1.0,,,,,0.0,2.0,3/18/26 1:25:51 PM,
1.0,NIKE,Licensed,Apparel,Jerseys,CANADA_26_A_JSY,Canada Away Jersey,P35890,BLK,Black,XXXL,,151245,0,0,0,0,0,66.15,0.0,135.0,0.0,135.0,0.0,0.0,,NIKE,0.0,0.0,,,,,,,Tops,False,1.0,True,0.0,,True,True,False,1.0,,,,,0.0,0.0,,
1.0,NIKE,Licensed,Apparel,Jerseys,CANADA_26_A_JSY_Y,Canada Away Jersey Y,P45892,BLK,Black,Y2XS,,151246,0,0,0,0,0,56.35,0.0,115.0,0.0,115.0,0.0,0.0,,NIKE,0.0,0.0,,,,,,,Tops_Youth,False,1.0,True,0.0,,True,True,False,1.0,,,,,0.0,0.0,,
1.0,NIKE,Licensed,Apparel,Jerseys,CANADA_26_A_JSY_Y,Canada Away Jersey Y,P45892,BLK,Black,YXS,,151247,0,0,0,0,0,56.35,0.0,115.0,0.0,115.0,0.0,0.0,,NIKE,0.0,0.0,,,,,,,Tops_Youth,False,1.0,True,0.0,,True,True,False,1.0,,,,,0.0,0.0,,
1.0,NIKE,Licensed,Apparel,Jerseys,CANADA_26_A_JSY_Y,Canada Away Jersey Y,P45892,BLK,Black,YS,,151248,6,0,0,0,6,56.35,338.1,115.0,690.0,115.0,690.0,0.0,,NIKE,0.0,0.0,,,,,,,Tops_Youth,False,1.0,True,0.0,,True,True,False,1.0,,,,,0.0,6.0,3/18/26 2:26:58 PM,
1.0,NIKE,Licensed,Apparel,Jerseys,CANADA_26_A_JSY_Y,Canada Away Jersey Y,P45892,BLK,Black,YM,,151249,6,0,0,0,6,56.35,338.1,115.0,690.0,115.0,690.0,0.0,,NIKE,0.0,0.0,,,,,,,Tops_Youth,False,1.0,True,0.0,,True,True,False,1.0,,,,,0.0,6.0,3/18/26 2:26:58 PM,
1.0,NIKE,Licensed,Apparel,Jerseys,CANADA_26_A_JSY_Y,Canada Away Jersey Y,P45892,BLK,Black,YL,,151250,5,0,0,0,5,56.35,281.75,115.0,575.0,115.0,575.0,0.0,,NIKE,0.0,0.0,,,,,,,Tops_Youth,False,1.0,True,0.0,,True,True,False,1.0,,,,,1.0,6.0,3/18/26 2:26:58 PM,
1.0,NIKE,Licensed,Apparel,Jerseys,CANADA_26_A_JSY_Y,Canada Away Jersey Y,P45892,BLK,Black,YXL,,151251,5,0,0,0,5,56.35,281.75,115.0,575.0,115.0,575.0,0.0,,NIKE,0.0,0.0,,,,,,,Tops_Youth,False,1.0,True,0.0,,True,True,False,1.0,,,,,0.0,5.0,3/18/26 2:26:58 PM,
1.0,NIKE,Licensed,Apparel,Jacket,CANADA_26_TECH_JKT,Canada Tech Jacket,M62899,RED,Red,XXS,,151252,0,0,0,0,0,102.9,0.0,210.0,0.0,210.0,0.0,0.0,,NIKE,0.0,0.0,,,,,,,Tops,False,1.0,True,0.0,,True,True,False,1.0,,,,,0.0,0.0,,
1.0,NIKE,Licensed,Apparel,Jacket,CANADA_26_TECH_JKT,Canada Tech Jacket,M62899,RED,Red,XS,,151253,0,0,0,0,0,102.9,0.0,210.0,0.0,210.0,0.0,0.0,,NIKE,0.0,0.0,,,,,,,Tops,False,1.0,True,0.0,,True,True,False,1.0,,,,,0.0,0.0,,
1.0,NIKE,Licensed,Apparel,Jacket,CANADA_26_TECH_JKT,Canada Tech Jacket,M62899,RED,Red,S,,151254,1,0,0,0,1,102.9,102.9,210.0,210.0,210.0,210.0,0.0,,NIKE,0.0,0.0,,,,,,,Tops,False,1.0,True,0.0,,True,True,False,1.0,,,,,0.0,1.0,3/18/26 2:40:05 PM,
1.0,NIKE,Licensed,Apparel,Jacket,CANADA_26_TECH_JKT,Canada Tech Jacket,M62899,RED,Red,M,,151255,0,0,0,0,0,102.9,0.0,210.0,0.0,210.0,0.0,0.0,,NIKE,0.0,0.0,,,,,,,Tops,False,1.0,True,0.0,,True,True,False,1.0,,,,,2.0,2.0,3/18/26 2:40:05 PM,
1.0,NIKE,Licensed,Apparel,Jacket,CANADA_26_TECH_JKT,Canada Tech Jacket,M62899,RED,Red,L,,151256,1,0,0,0,1,102.9,102.9,210.0,210.0,210.0,210.0,0.0,,NIKE,0.0,0.0,,,,,,,Tops,False,1.0,True,0.0,,True,True,False,1.0,,,,,1.0,2.0,3/18/26 2:40:05 PM,
1.0,NIKE,Licensed,Apparel,Jacket,CANADA_26_TECH_JKT,Canada Tech Jacket,M62899,RED,Red,XL,,151257,0,0,0,0,0,102.9,0.0,210.0,0.0,210.0,0.0,0.0,,NIKE,0.0,0.0,,,,,,,Tops,False,1.0,True,0.0,,True,True,False,1.0,,,,,0.0,0.0,,
1.0,NIKE,Licensed,Apparel,Jacket,CANADA_26_TECH_JKT,Canada Tech Jacket,M62899,RED,Red,XXL,,151258,0,0,0,0,0,102.9,0.0,210.0,0.0,210.0,0.0,0.0,,NIKE,0.0,0.0,,,,,,,Tops,False,1.0,True,0.0,,True,True,False,1.0,,,,,0.0,0.0,,
1.0,NIKE,Licensed,Apparel,Jacket,CANADA_26_TECH_JKT,Canada Tech Jacket,M62899,RED,Red,XXXL,,151259,0,0,0,0,0,102.9,0.0,210.0,0.0,210.0,0.0,0.0,,NIKE,0.0,0.0,,,,,,,Tops,False,1.0,True,0.0,,True,True,False,1.0,,,,,0.0,0.0,,
1.0,NIKE,Licensed,Apparel,T-Shirt,CANADA_26_TSHIRT,Canada T-shirt,M11332,BLK,Black,XXS,,151284,0,0,0,0,0,23.52,0.0,48.0,0.0,48.0,0.0,0.0,,NIKE,0.0,0.0,,,,,,,Tops,False,1.0,True,0.0,,True,True,False,1.0,,,,,0.0,0.0,,
1.0,NIKE,Licensed,Apparel,T-Shirt,CANADA_26_TSHIRT,Canada T-shirt,M11332,BLK,Black,XS,,151285,0,0,0,0,0,23.52,0.0,48.0,0.0,48.0,0.0,0.0,,NIKE,0.0,0.0,,,,,,,Tops,False,1.0,True,0.0,,True,True,False,1.0,,,,,0.0,0.0,,
1.0,NIKE,Licensed,Apparel,T-Shirt,CANADA_26_TSHIRT,Canada T-shirt,M11332,BLK,Black,S,,151286,2,0,0,0,2,23.52,47.04,48.0,96.0,48.0,96.0,0.0,,NIKE,0.0,0.0,,,,,,,Tops,False,1.0,True,0.0,,True,True,False,1.0,,,,,0.0,2.0,3/19/26 1:32:10 PM,
1.0,NIKE,Licensed,Apparel,T-Shirt,CANADA_26_TSHIRT,Canada T-shirt,M11332,BLK,Black,M,,151287,2,0,0,0,2,23.52,47.04,48.0,96.0,48.0,96.0,0.0,,NIKE,0.0,0.0,,,,,,,Tops,False,1.0,True,0.0,,True,True,False,1.0,,,,,0.0,2.0,3/19/26 1:32:10 PM,
1.0,NIKE,Licensed,Apparel,T-Shirt,CANADA_26_TSHIRT,Canada T-shirt,M11332,BLK,Black,L,,151288,2,0,0,0,2,23.52,47.04,48.0,96.0,48.0,96.0,0.0,,NIKE,0.0,0.0,,,,,,,Tops,False,1.0,True,0.0,,True,True,False,1.0,,,,,0.0,2.0,3/19/26 1:32:10 PM,
1.0,NIKE,Licensed,Apparel,T-Shirt,CANADA_26_TSHIRT,Canada T-shirt,M11332,BLK,Black,XL,,151289,1,0,0,0,1,23.52,23.52,48.0,48.0,48.0,48.0,0.0,,NIKE,0.0,0.0,,,,,,,Tops,False,1.0,True,0.0,,True,True,False,1.0,,,,,0.0,1.0,3/19/26 1:32:10 PM,
1.0,NIKE,Licensed,Apparel,T-Shirt,CANADA_26_TSHIRT,Canada T-shirt,M11332,BLK,Black,XXL,,151290,0,0,0,0,0,23.52,0.0,48.0,0.0,48.0,0.0,0.0,,NIKE,0.0,0.0,,,,,,,Tops,False,1.0,True,0.0,,True,True,False,1.0,,,,,0.0,0.0,,
1.0,NIKE,Licensed,Apparel,T-Shirt,CANADA_26_TSHIRT,Canada T-shirt,M11332,BLK,Black,XXXL,,151291,0,0,0,0,0,23.52,0.0,48.0,0.0,48.0,0.0,0.0,,NIKE,0.0,0.0,,,,,,,Tops,False,1.0,True,0.0,,True,True,False,1.0,,,,,0.0,0.0,,
1.0,NIKE,Licensed,Apparel,T-Shirt,CANADA_26_HOODY_W,Canada Hoody Women,W31582,BLK,Black,XXS,,151304,0,0,0,0,0,53.9,0.0,110.0,0.0,110.0,0.0,0.0,,NIKE,0.0,0.0,,,,,,,Tops,False,1.0,True,0.0,,True,True,False,1.0,,,,,0.0,0.0,,
1.0,NIKE,Licensed,Apparel,T-Shirt,CANADA_26_HOODY_W,Canada Hoody Women,W31582,BLK,Black,XS,,151305,0,0,0,0,0,53.9,0.0,110.0,0.0,110.0,0.0,0.0,,NIKE,0.0,0.0,,,,,,,Tops,False,1.0,True,0.0,,True,True,False,1.0,,,,,0.0,0.0,,
1.0,NIKE,Licensed,Apparel,T-Shirt,CANADA_26_HOODY_W,Canada Hoody Women,W31582,BLK,Black,S,,151306,1,0,0,0,1,53.9,53.9,110.0,110.0,110.0,110.0,0.0,,NIKE,0.0,0.0,,,,,,,Tops,False,1.0,True,0.0,,True,True,False,1.0,,,,,0.0,1.0,3/19/26 1:39:21 PM,
1.0,NIKE,Licensed,Apparel,T-Shirt,CANADA_26_HOODY_W,Canada Hoody Women,W31582,BLK,Black,M,,151307,1,0,0,0,1,53.9,53.9,110.0,110.0,110.0,110.0,0.0,,NIKE,0.0,0.0,,,,,,,Tops,False,1.0,True,0.0,,True,True,False,1.0,,,,,0.0,1.0,3/19/26 1:39:22 PM,
1.0,NIKE,Licensed,Apparel,T-Shirt,CANADA_26_HOODY_W,Canada Hoody Women,W31582,BLK,Black,L,,151308,0,0,0,0,0,53.9,0.0,110.0,0.0,110.0,0.0,0.0,,NIKE,0.0,0.0,,,,,,,Tops,False,1.0,True,0.0,,True,True,False,1.0,,,,,0.0,0.0,,
1.0,NIKE,Licensed,Apparel,T-Shirt,CANADA_26_HOODY_W,Canada Hoody Women,W31582,BLK,Black,XL,,151309,0,0,0,0,0,53.9,0.0,110.0,0.0,110.0,0.0,0.0,,NIKE,0.0,0.0,,,,,,,Tops,False,1.0,True,0.0,,True,True,False,1.0,,,,,0.0,0.0,,
1.0,NIKE,Licensed,Apparel,T-Shirt,CANADA_26_HOODY_W,Canada Hoody Women,W31582,BLK,Black,XXL,,151310,0,0,0,0,0,53.9,0.0,110.0,0.0,110.0,0.0,0.0,,NIKE,0.0,0.0,,,,,,,Tops,False,1.0,True,0.0,,True,True,False,1.0,,,,,0.0,0.0,,
1.0,NIKE,Licensed,Apparel,T-Shirt,CANADA_26_HOODY_W,Canada Hoody Women,W31582,BLK,Black,XXXL,,151311,0,0,0,0,0,53.9,0.0,110.0,0.0,110.0,0.0,0.0,,NIKE,0.0,0.0,,,,,,,Tops,False,1.0,True,0.0,,True,True,False,1.0,,,,,0.0,0.0,,
1.0,NIKE,Licensed,Apparel,T-Shirt,CANADA_26_HOODY_W,Canada Hoody Women,W31582,RED,Red,XXS,,151312,0,0,0,0,0,53.9,0.0,110.0,0.0,110.0,0.0,0.0,,NIKE,0.0,0.0,,,,,,,Tops,False,1.0,True,0.0,,True,True,False,1.0,,,,,0.0,0.0,,
1.0,NIKE,Licensed,Apparel,T-Shirt,CANADA_26_HOODY_W,Canada Hoody Women,W31582,RED,Red,XS,,151313,0,0,0,0,0,53.9,0.0,110.0,0.0,110.0,0.0,0.0,,NIKE,0.0,0.0,,,,,,,Tops,False,1.0,True,0.0,,True,True,False,1.0,,,,,0.0,0.0,,
1.0,NIKE,Licensed,Apparel,T-Shirt,CANADA_26_HOODY_W,Canada Hoody Women,W31582,RED,Red,S,,151314,1,0,0,0,1,53.9,53.9,110.0,110.0,110.0,110.0,0.0,,NIKE,0.0,0.0,,,,,,,Tops,False,1.0,True,0.0,,True,True,False,1.0,,,,,0.0,1.0,3/19/26 1:39:34 PM,
1.0,NIKE,Licensed,Apparel,T-Shirt,CANADA_26_HOODY_W,Canada Hoody Women,W31582,RED,Red,M,,151315,1,0,0,0,1,53.9,53.9,110.0,110.0,110.0,110.0,0.0,,NIKE,0.0,0.0,,,,,,,Tops,False,1.0,True,0.0,,True,True,False,1.0,,,,,0.0,1.0,3/19/26 1:39:34 PM,
1.0,NIKE,Licensed,Apparel,T-Shirt,CANADA_26_HOODY_W,Canada Hoody Women,W31582,RED,Red,L,,151316,0,0,0,0,0,53.9,0.0,110.0,0.0,110.0,0.0,0.0,,NIKE,0.0,0.0,,,,,,,Tops,False,1.0,True,0.0,,True,True,False,1.0,,,,,0.0,0.0,,
1.0,NIKE,Licensed,Apparel,T-Shirt,CANADA_26_HOODY_W,Canada Hoody Women,W31582,RED,Red,XL,,151317,0,0,0,0,0,53.9,0.0,110.0,0.0,110.0,0.0,0.0,,NIKE,0.0,0.0,,,,,,,Tops,False,1.0,True,0.0,,True,True,False,1.0,,,,,0.0,0.0,,
1.0,NIKE,Licensed,Apparel,T-Shirt,CANADA_26_HOODY_W,Canada Hoody Women,W31582,RED,Red,XXL,,151318,0,0,0,0,0,53.9,0.0,110.0,0.0,110.0,0.0,0.0,,NIKE,0.0,0.0,,,,,,,Tops,False,1.0,True,0.0,,True,True,False,1.0,,,,,0.0,0.0,,
1.0,NIKE,Licensed,Apparel,T-Shirt,CANADA_26_HOODY_W,Canada Hoody Women,W31582,RED,Red,XXXL,,151319,0,0,0,0,0,53.9,0.0,110.0,0.0,110.0,0.0,0.0,,NIKE,0.0,0.0,,,,,,,Tops,False,1.0,True,0.0,,True,True,False,1.0,,,,,0.0,0.0,,
1.0,NIKE,Licensed,Apparel,T-Shirt,CANADA_26_HOODY,Canada Hoody,M31233,BLK,Black,XXS,,151320,0,0,0,0,0,53.9,0.0,110.0,0.0,110.0,0.0,0.0,,NIKE,0.0,0.0,,,,,,,Tops,False,1.0,True,0.0,,True,True,False,1.0,,,,,0.0,0.0,,
1.0,NIKE,Licensed,Apparel,T-Shirt,CANADA_26_HOODY,Canada Hoody,M31233,BLK,Black,XS,,151321,0,0,0,0,0,53.9,0.0,110.0,0.0,110.0,0.0,0.0,,NIKE,0.0,0.0,,,,,,,Tops,False,1.0,True,0.0,,True,True,False,1.0,,,,,0.0,0.0,,
1.0,NIKE,Licensed,Apparel,T-Shirt,CANADA_26_HOODY,Canada Hoody,M31233,BLK,Black,S,,151322,1,0,0,0,1,53.9,53.9,110.0,110.0,110.0,110.0,0.0,,NIKE,0.0,0.0,,,,,,,Tops,False,1.0,True,0.0,,True,True,False,1.0,,,,,0.0,1.0,3/19/26 1:41:03 PM,
1.0,NIKE,Licensed,Apparel,Top,CANADA_26_DRILL_TOP,Canada Strike Drill Top,M54896,BLK,Black,XXS,,151260,0,0,0,0,0,56.35,0.0,115.0,0.0,115.0,0.0,0.0,,NIKE,0.0,0.0,,,,,,,Tops,False,1.0,True,0.0,,True,True,False,1.0,,,,,0.0,0.0,,
1.0,NIKE,Licensed,Apparel,Top,CANADA_26_DRILL_TOP,Canada Strike Drill Top,M54896,BLK,Black,XS,,151261,0,0,0,0,0,56.35,0.0,115.0,0.0,115.0,0.0,0.0,,NIKE,0.0,0.0,,,,,,,Tops,False,1.0,True,0.0,,True,True,False,1.0,,,,,0.0,0.0,,
1.0,NIKE,Licensed,Apparel,Top,CANADA_26_DRILL_TOP,Canada Strike Drill Top,M54896,BLK,Black,S,,151262,3,0,0,0,3,56.35,169.05,115.0,345.0,115.0,345.0,0.0,,NIKE,0.0,0.0,,,,,,,Tops,False,1.0,True,0.0,,True,True,False,1.0,,,,,0.0,3.0,3/18/26 2:46:35 PM,
1.0,NIKE,Licensed,Apparel,Top,CANADA_26_DRILL_TOP,Canada Strike Drill Top,M54896,BLK,Black,M,,151263,2,0,0,0,2,56.35,112.7,115.0,230.0,115.0,230.0,0.0,,NIKE,0.0,0.0,,,,,,,Tops,False,1.0,True,0.0,,True,True,False,1.0,,,,,1.0,3.0,3/18/26 2:46:35 PM,
1.0,NIKE,Licensed,Apparel,Top,CANADA_26_DRILL_TOP,Canada Strike Drill Top,M54896,BLK,Black,L,,151264,2,0,0,0,2,56.35,112.7,115.0,230.0,115.0,230.0,0.0,,NIKE,0.0,0.0,,,,,,,Tops,False,1.0,True,0.0,,True,True,False,1.0,,,,,1.0,3.0,3/18/26 2:46:35 PM,
1.0,NIKE,Licensed,Apparel,Top,CANADA_26_DRILL_TOP,Canada Strike Drill Top,M54896,BLK,Black,XL,,151265,0,0,0,0,0,56.35,0.0,115.0,0.0,115.0,0.0,0.0,,NIKE,0.0,0.0,,,,,,,Tops,False,1.0,True,0.0,,True,True,False,1.0,,,,,1.0,1.0,3/18/26 2:46:35 PM,
1.0,NIKE,Licensed,Apparel,Top,CANADA_26_DRILL_TOP,Canada Strike Drill Top,M54896,BLK,Black,XXL,,151266,0,0,0,0,0,56.35,0.0,115.0,0.0,115.0,0.0,0.0,,NIKE,0.0,0.0,,,,,,,Tops,False,1.0,True,0.0,,True,True,False,1.0,,,,,0.0,0.0,,
1.0,NIKE,Licensed,Apparel,Top,CANADA_26_DRILL_TOP,Canada Strike Drill Top,M54896,BLK,Black,XXXL,,151267,0,0,0,0,0,56.35,0.0,115.0,0.0,115.0,0.0,0.0,,NIKE,0.0,0.0,,,,,,,Tops,False,1.0,True,0.0,,True,True,False,1.0,,,,,0.0,0.0,,
1.0,NIKE,Licensed,Apparel,Top,CANADA_26_STRIKE_TOP,Canada Strike Top,M21895,BLK,Black,XXS,,151268,0,0,0,0,0,36.75,0.0,75.0,0.0,75.0,0.0,0.0,,NIKE,0.0,0.0,,,,,,,Tops,False,1.0,True,0.0,,True,True,False,1.0,,,,,0.0,0.0,,
1.0,NIKE,Licensed,Apparel,Top,CANADA_26_STRIKE_TOP,Canada Strike Top,M21895,BLK,Black,XS,,151269,0,0,0,0,0,36.75,0.0,75.0,0.0,75.0,0.0,0.0,,NIKE,0.0,0.0,,,,,,,Tops,False,1.0,True,0.0,,True,True,False,1.0,,,,,0.0,0.0,,
1.0,NIKE,Licensed,Apparel,Top,CANADA_26_STRIKE_TOP,Canada Strike Top,M21895,BLK,Black,S,,151270,2,0,0,0,2,36.75,73.5,75.0,150.0,75.0,150.0,0.0,,NIKE,0.0,0.0,,,,,,,Tops,False,1.0,True,0.0,,True,True,False,1.0,,,,,0.0,2.0,3/18/26 2:49:35 PM,
1.0,NIKE,Licensed,Apparel,Top,CANADA_26_STRIKE_TOP,Canada Strike Top,M21895,BLK,Black,M,,151271,2,0,0,0,2,36.75,73.5,75.0,150.0,75.0,150.0,0.0,,NIKE,0.0,0.0,,,,,,,Tops,False,1.0,True,0.0,,True,True,False,1.0,,,,,0.0,2.0,3/18/26 2:49:35 PM,
1.0,NIKE,Licensed,Apparel,Top,CANADA_26_STRIKE_TOP,Canada Strike Top,M21895,BLK,Black,L,,151272,1,0,0,0,1,36.75,36.75,75.0,75.0,75.0,75.0,0.0,,NIKE,0.0,0.0,,,,,,,Tops,False,1.0,True,0.0,,True,True,False,1.0,,,,,1.0,2.0,3/18/26 2:49:35 PM,
1.0,NIKE,Licensed,Apparel,Top,CANADA_26_STRIKE_TOP,Canada Strike Top,M21895,BLK,Black,XL,,151273,0,0,0,0,0,36.75,0.0,75.0,0.0,75.0,0.0,0.0,,NIKE,0.0,0.0,,,,,,,Tops,False,1.0,True,0.0,,True,True,False,1.0,,,,,0.0,0.0,,
1.0,NIKE,Licensed,Apparel,Top,CANADA_26_STRIKE_TOP,Canada Strike Top,M21895,BLK,Black,XXL,,151274,0,0,0,0,0,36.75,0.0,75.0,0.0,75.0,0.0,0.0,,NIKE,0.0,0.0,,,,,,,Tops,False,1.0,True,0.0,,True,True,False,1.0,,,,,0.0,0.0,,
1.0,NIKE,Licensed,Apparel,Top,CANADA_26_STRIKE_TOP,Canada Strike Top,M21895,BLK,Black,XXXL,,151275,0,0,0,0,0,36.75,0.0,75.0,0.0,75.0,0.0,0.0,,NIKE,0.0,0.0,,,,,,,Tops,False,1.0,True,0.0,,True,True,False,1.0,,,,,0.0,0.0,,
1.0,NIKE,Licensed,Apparel,Jacket,CANADA_26_ANTHEM_JKT,Canada Anthem Jacket,M62901,RED,Red,XXS,,151276,0,0,0,0,0,85.75,0.0,175.0,0.0,175.0,0.0,0.0,,NIKE,0.0,0.0,,,,,,,Tops,False,1.0,True,0.0,,True,True,False,1.0,,,,,0.0,0.0,,
1.0,NIKE,Licensed,Apparel,Jacket,CANADA_26_ANTHEM_JKT,Canada Anthem Jacket,M62901,RED,Red,XS,,151277,0,0,0,0,0,85.75,0.0,175.0,0.0,175.0,0.0,0.0,,NIKE,0.0,0.0,,,,,,,Tops,False,1.0,True,0.0,,True,True,False,1.0,,,,,0.0,0.0,,
1.0,NIKE,Licensed,Apparel,Jacket,CANADA_26_ANTHEM_JKT,Canada Anthem Jacket,M62901,RED,Red,S,,151278,1,0,0,0,1,85.75,85.75,175.0,175.0,175.0,175.0,0.0,,NIKE,0.0,0.0,,,,,,,Tops,False,1.0,True,0.0,,True,True,False,1.0,,,,,0.0,1.0,3/19/26 1:23:34 PM,
1.0,NIKE,Licensed,Apparel,Jacket,CANADA_26_ANTHEM_JKT,Canada Anthem Jacket,M62901,RED,Red,M,,151279,1,0,0,0,1,85.75,85.75,175.0,175.0,175.0,175.0,0.0,,NIKE,0.0,0.0,,,,,,,Tops,False,1.0,True,0.0,,True,True,False,1.0,,,,,1.0,2.0,3/19/26 1:23:34 PM,
1.0,NIKE,Licensed,Apparel,Jacket,CANADA_26_ANTHEM_JKT,Canada Anthem Jacket,M62901,RED,Red,L,,151280,0,0,0,0,0,85.75,0.0,175.0,0.0,175.0,0.0,0.0,,NIKE,0.0,0.0,,,,,,,Tops,False,1.0,True,0.0,,True,True,False,1.0,,,,,2.0,2.0,3/19/26 1:23:34 PM,
1.0,NIKE,Licensed,Apparel,Jacket,CANADA_26_ANTHEM_JKT,Canada Anthem Jacket,M62901,RED,Red,XL,,151281,0,0,0,0,0,85.75,0.0,175.0,0.0,175.0,0.0,0.0,,NIKE,0.0,0.0,,,,,,,Tops,False,1.0,True,0.0,,True,True,False,1.0,,,,,0.0,0.0,,
1.0,NIKE,Licensed,Apparel,Jacket,CANADA_26_ANTHEM_JKT,Canada Anthem Jacket,M62901,RED,Red,XXL,,151282,0,0,0,0,0,85.75,0.0,175.0,0.0,175.0,0.0,0.0,,NIKE,0.0,0.0,,,,,,,Tops,False,1.0,True,0.0,,True,True,False,1.0,,,,,0.0,0.0,,
1.0,NIKE,Licensed,Apparel,Jacket,CANADA_26_ANTHEM_JKT,Canada Anthem Jacket,M62901,RED,Red,XXXL,,151283,0,0,0,0,0,85.75,0.0,175.0,0.0,175.0,0.0,0.0,,NIKE,0.0,0.0,,,,,,,Tops,False,1.0,True,0.0,,True,True,False,1.0,,,,,0.0,0.0,,
1.0,NIKE,Licensed,Apparel,T-Shirt,CANADA_26_HOODY_Y,Canada hoody youth,B31670,RED,Red,Y2XS,,151292,0,0,0,0,0,41.65,0.0,85.0,0.0,85.0,0.0,0.0,,NIKE,0.0,0.0,,,,,,,Tops_Youth,False,1.0,True,0.0,,True,True,False,1.0,,,,,0.0,0.0,,
1.0,NIKE,Licensed,Apparel,T-Shirt,CANADA_26_HOODY_Y,Canada hoody youth,B31670,RED,Red,YXS,,151293,0,0,0,0,0,41.65,0.0,85.0,0.0,85.0,0.0,0.0,,NIKE,0.0,0.0,,,,,,,Tops_Youth,False,1.0,True,0.0,,True,True,False,1.0,,,,,0.0,0.0,,
1.0,NIKE,Licensed,Apparel,T-Shirt,CANADA_26_HOODY_Y,Canada hoody youth,B31670,RED,Red,YS,,151294,1,0,0,0,1,41.65,41.65,85.0,85.0,85.0,85.0,0.0,,NIKE,0.0,0.0,,,,,,,Tops_Youth,False,1.0,True,0.0,,True,True,False,1.0,,,,,0.0,1.0,3/19/26 1:34:29 PM,
1.0,NIKE,Licensed,Apparel,T-Shirt,CANADA_26_HOODY_Y,Canada hoody youth,B31670,RED,Red,YM,,151295,1,0,0,0,1,41.65,41.65,85.0,85.0,85.0,85.0,0.0,,NIKE,0.0,0.0,,,,,,,Tops_Youth,False,1.0,True,0.0,,True,True,False,1.0,,,,,0.0,1.0,3/19/26 1:34:29 PM,
1.0,NIKE,Licensed,Apparel,T-Shirt,CANADA_26_HOODY_Y,Canada hoody youth,B31670,RED,Red,YL,,151296,0,0,0,0,0,41.65,0.0,85.0,0.0,85.0,0.0,0.0,,NIKE,0.0,0.0,,,,,,,Tops_Youth,False,1.0,True,0.0,,True,True,False,1.0,,,,,1.0,1.0,3/19/26 1:34:29 PM,
1.0,NIKE,Licensed,Apparel,T-Shirt,CANADA_26_HOODY_Y,Canada hoody youth,B31670,RED,Red,YXL,,151297,1,0,0,0,1,41.65,41.65,85.0,85.0,85.0,85.0,0.0,,NIKE,0.0,0.0,,,,,,,Tops_Youth,False,1.0,True,0.0,,True,True,False,1.0,,,,,0.0,1.0,3/19/26 1:34:29 PM,
1.0,NIKE,Licensed,Apparel,T-Shirt,CANADA_26_HOODY_Y,Canada hoody youth,B31670,BLK,Black,Y2XS,,151298,0,0,0,0,0,41.65,0.0,85.0,0.0,85.0,0.0,0.0,,NIKE,0.0,0.0,,,,,,,Tops_Youth,False,1.0,True,0.0,,True,True,False,1.0,,,,,0.0,0.0,,
1.0,NIKE,Licensed,Apparel,T-Shirt,CANADA_26_HOODY_Y,Canada hoody youth,B31670,BLK,Black,YXS,,151299,0,0,0,0,0,41.65,0.0,85.0,0.0,85.0,0.0,0.0,,NIKE,0.0,0.0,,,,,,,Tops_Youth,False,1.0,True,0.0,,True,True,False,1.0,,,,,0.0,0.0,,
1.0,NIKE,Licensed,Apparel,T-Shirt,CANADA_26_HOODY_Y,Canada hoody youth,B31670,BLK,Black,YS,,151300,1,0,0,0,1,41.65,41.65,85.0,85.0,85.0,85.0,0.0,,NIKE,0.0,0.0,,,,,,,Tops_Youth,False,1.0,True,0.0,,True,True,False,1.0,,,,,0.0,1.0,3/19/26 1:37:51 PM,
1.0,NIKE,Licensed,Apparel,T-Shirt,CANADA_26_HOODY_Y,Canada hoody youth,B31670,BLK,Black,YM,,151301,1,0,0,0,1,41.65,41.65,85.0,85.0,85.0,85.0,0.0,,NIKE,0.0,0.0,,,,,,,Tops_Youth,False,1.0,True,0.0,,True,True,False,1.0,,,,,0.0,1.0,3/19/26 1:37:52 PM,
1.0,NIKE,Licensed,Apparel,T-Shirt,CANADA_26_HOODY_Y,Canada hoody youth,B31670,BLK,Black,YL,,151302,0,0,0,0,0,41.65,0.0,85.0,0.0,85.0,0.0,0.0,,NIKE,0.0,0.0,,,,,,,Tops_Youth,False,1.0,True,0.0,,True,True,False,1.0,,,,,1.0,1.0,3/19/26 1:37:52 PM,
1.0,NIKE,Licensed,Apparel,T-Shirt,CANADA_26_HOODY_Y,Canada hoody youth,B31670,BLK,Black,YXL,,151303,1,0,0,0,1,41.65,41.65,85.0,85.0,85.0,85.0,0.0,,NIKE,0.0,0.0,,,,,,,Tops_Youth,False,1.0,True,0.0,,True,True,False,1.0,,,,,0.0,1.0,3/19/26 1:37:52 PM,
1.0,NIKE,Licensed,Apparel,T-Shirt,CANADA_26_HOODY,Canada Hoody,M31233,BLK,Black,M,,151323,1,0,0,0,1,53.9,53.9,110.0,110.0,110.0,110.0,0.0,,NIKE,0.0,0.0,,,,,,,Tops,False,1.0,True,0.0,,True,True,False,1.0,,,,,0.0,1.0,3/19/26 1:41:04 PM,
1.0,NIKE,Licensed,Apparel,T-Shirt,CANADA_26_HOODY,Canada Hoody,M31233,BLK,Black,L,,151324,1,0,0,0,1,53.9,53.9,110.0,110.0,110.0,110.0,0.0,,NIKE,0.0,0.0,,,,,,,Tops,False,1.0,True,0.0,,True,True,False,1.0,,,,,0.0,1.0,3/19/26 1:41:04 PM,
1.0,NIKE,Licensed,Apparel,T-Shirt,CANADA_26_HOODY,Canada Hoody,M31233,BLK,Black,XL,,151325,1,0,0,0,1,53.9,53.9,110.0,110.0,110.0,110.0,0.0,,NIKE,0.0,0.0,,,,,,,Tops,False,1.0,True,0.0,,True,True,False,1.0,,,,,0.0,1.0,3/19/26 1:41:04 PM,
1.0,NIKE,Licensed,Apparel,T-Shirt,CANADA_26_HOODY,Canada Hoody,M31233,BLK,Black,XXL,,151326,0,0,0,0,0,53.9,0.0,110.0,0.0,110.0,0.0,0.0,,NIKE,0.0,0.0,,,,,,,Tops,False,1.0,True,0.0,,True,True,False,1.0,,,,,0.0,0.0,,
1.0,NIKE,Licensed,Apparel,T-Shirt,CANADA_26_HOODY,Canada Hoody,M31233,BLK,Black,XXXL,,151327,0,0,0,0,0,53.9,0.0,110.0,0.0,110.0,0.0,0.0,,NIKE,0.0,0.0,,,,,,,Tops,False,1.0,True,0.0,,True,True,False,1.0,,,,,0.0,0.0,,
1.0,NIKE,Licensed,Apparel,T-Shirt,CANADA_26_HOODY_ML,Canada Hoody Maple Leaf,M31233,BLK,Black,XXS,,151328,0,0,0,0,0,53.9,0.0,110.0,0.0,110.0,0.0,0.0,,NIKE,0.0,0.0,,,,,,,Tops,False,1.0,True,0.0,,True,True,False,1.0,,,,,0.0,0.0,,
1.0,NIKE,Licensed,Apparel,T-Shirt,CANADA_26_HOODY_ML,Canada Hoody Maple Leaf,M31233,BLK,Black,XS,,151329,0,0,0,0,0,53.9,0.0,110.0,0.0,110.0,0.0,0.0,,NIKE,0.0,0.0,,,,,,,Tops,False,1.0,True,0.0,,True,True,False,1.0,,,,,0.0,0.0,,
1.0,NIKE,Licensed,Apparel,T-Shirt,CANADA_26_HOODY_ML,Canada Hoody Maple Leaf,M31233,BLK,Black,S,,151330,0,0,0,0,0,53.9,0.0,110.0,0.0,110.0,0.0,0.0,,NIKE,0.0,0.0,,,,,,,Tops,False,1.0,True,0.0,,True,True,False,1.0,,,,,0.0,0.0,,
1.0,NIKE,Licensed,Apparel,T-Shirt,CANADA_26_HOODY_ML,Canada Hoody Maple Leaf,M31233,BLK,Black,M,,151331,1,0,0,0,1,53.9,53.9,110.0,110.0,110.0,110.0,0.0,,NIKE,0.0,0.0,,,,,,,Tops,False,1.0,True,0.0,,True,True,False,1.0,,,,,0.0,1.0,3/19/26 1:45:37 PM,
1.0,NIKE,Licensed,Apparel,T-Shirt,CANADA_26_HOODY_ML,Canada Hoody Maple Leaf,M31233,BLK,Black,L,,151332,1,0,0,0,1,53.9,53.9,110.0,110.0,110.0,110.0,0.0,,NIKE,0.0,0.0,,,,,,,Tops,False,1.0,True,0.0,,True,True,False,1.0,,,,,0.0,1.0,3/19/26 1:45:37 PM,
1.0,NIKE,Licensed,Apparel,T-Shirt,CANADA_26_HOODY_ML,Canada Hoody Maple Leaf,M31233,BLK,Black,XL,,151333,0,0,0,0,0,53.9,0.0,110.0,0.0,110.0,0.0,0.0,,NIKE,0.0,0.0,,,,,,,Tops,False,1.0,True,0.0,,True,True,False,1.0,,,,,0.0,0.0,,
1.0,NIKE,Licensed,Apparel,T-Shirt,CANADA_26_HOODY_ML,Canada Hoody Maple Leaf,M31233,BLK,Black,XXL,,151334,0,0,0,0,0,53.9,0.0,110.0,0.0,110.0,0.0,0.0,,NIKE,0.0,0.0,,,,,,,Tops,False,1.0,True,0.0,,True,True,False,1.0,,,,,0.0,0.0,,
1.0,NIKE,Licensed,Apparel,T-Shirt,CANADA_26_HOODY_ML,Canada Hoody Maple Leaf,M31233,BLK,Black,XXXL,,151335,0,0,0,0,0,53.9,0.0,110.0,0.0,110.0,0.0,0.0,,NIKE,0.0,0.0,,,,,,,Tops,False,1.0,True,0.0,,True,True,False,1.0,,,,,0.0,0.0,,
1.0,NIKE,Licensed,Apparel,T-Shirt,CANADA_26_TSHIRT,Canada T-shirt,M11332,Red,Red,XXS,,151336,0,0,0,0,0,23.52,0.0,48.0,0.0,48.0,0.0,0.0,,NIKE,0.0,0.0,,,,,,,Tops,False,1.0,True,0.0,,True,True,False,1.0,,,,,0.0,0.0,,
1.0,NIKE,Licensed,Apparel,T-Shirt,CANADA_26_TSHIRT,Canada T-shirt,M11332,Red,Red,XS,,151337,0,0,0,0,0,23.52,0.0,48.0,0.0,48.0,0.0,0.0,,NIKE,0.0,0.0,,,,,,,Tops,False,1.0,True,0.0,,True,True,False,1.0,,,,,0.0,0.0,,
1.0,NIKE,Licensed,Apparel,T-Shirt,CANADA_26_TSHIRT,Canada T-shirt,M11332,Red,Red,S,,151338,1,0,0,0,1,23.52,23.52,48.0,48.0,48.0,48.0,0.0,,NIKE,0.0,0.0,,,,,,,Tops,False,1.0,True,0.0,,True,True,False,1.0,,,,,0.0,1.0,3/19/26 1:48:10 PM,
1.0,NIKE,Licensed,Apparel,T-Shirt,CANADA_26_TSHIRT,Canada T-shirt,M11332,Red,Red,M,,151339,1,0,0,0,1,23.52,23.52,48.0,48.0,48.0,48.0,0.0,,NIKE,0.0,0.0,,,,,,,Tops,False,1.0,True,0.0,,True,True,False,1.0,,,,,0.0,1.0,3/19/26 1:48:10 PM,
1.0,NIKE,Licensed,Apparel,T-Shirt,CANADA_26_TSHIRT,Canada T-shirt,M11332,Red,Red,L,,151340,1,0,0,0,1,23.52,23.52,48.0,48.0,48.0,48.0,0.0,,NIKE,0.0,0.0,,,,,,,Tops,False,1.0,True,0.0,,True,True,False,1.0,,,,,0.0,1.0,3/19/26 1:48:10 PM,
1.0,NIKE,Licensed,Apparel,T-Shirt,CANADA_26_TSHIRT,Canada T-shirt,M11332,Red,Red,XL,,151341,1,0,0,0,1,23.52,23.52,48.0,48.0,48.0,48.0,0.0,,NIKE,0.0,0.0,,,,,,,Tops,False,1.0,True,0.0,,True,True,False,1.0,,,,,0.0,1.0,3/19/26 1:48:10 PM,
1.0,NIKE,Licensed,Apparel,T-Shirt,CANADA_26_TSHIRT,Canada T-shirt,M11332,Red,Red,XXL,,151342,0,0,0,0,0,23.52,0.0,48.0,0.0,48.0,0.0,0.0,,NIKE,0.0,0.0,,,,,,,Tops,False,1.0,True,0.0,,True,True,False,1.0,,,,,0.0,0.0,,
1.0,NIKE,Licensed,Apparel,T-Shirt,CANADA_26_TSHIRT,Canada T-shirt,M11332,Red,Red,XXXL,,151343,0,0,0,0,0,23.52,0.0,48.0,0.0,48.0,0.0,0.0,,NIKE,0.0,0.0,,,,,,,Tops,False,1.0,True,0.0,,True,True,False,1.0,,,,,0.0,0.0,,
1.0,NIKE,Licensed,Apparel,T-Shirt,CANADA_26_TSHIRT_Y,Canada T-shirt  Youth,M11377,RED,Red,Y2XS,,151344,0,0,0,0,0,18.62,0.0,38.0,0.0,38.0,0.0,0.0,,NIKE,0.0,0.0,,,,,,,Tops_Youth,False,1.0,True,0.0,,True,True,False,1.0,,,,,0.0,0.0,,
1.0,NIKE,Licensed,Apparel,T-Shirt,CANADA_26_TSHIRT_Y,Canada T-shirt  Youth,M11377,RED,Red,YXS,,151345,0,0,0,0,0,18.62,0.0,38.0,0.0,38.0,0.0,0.0,,NIKE,0.0,0.0,,,,,,,Tops_Youth,False,1.0,True,0.0,,True,True,False,1.0,,,,,0.0,0.0,,
1.0,NIKE,Licensed,Apparel,T-Shirt,CANADA_26_TSHIRT_Y,Canada T-shirt  Youth,M11377,RED,Red,YS,,151346,0,0,0,0,0,18.62,0.0,38.0,0.0,38.0,0.0,0.0,,NIKE,0.0,0.0,,,,,,,Tops_Youth,False,1.0,True,0.0,,True,True,False,1.0,,,,,1.0,1.0,3/19/26 1:49:47 PM,
1.0,NIKE,Licensed,Apparel,T-Shirt,CANADA_26_TSHIRT_Y,Canada T-shirt  Youth,M11377,RED,Red,YM,,151347,2,0,0,0,2,18.62,37.24,38.0,76.0,38.0,76.0,0.0,,NIKE,0.0,0.0,,,,,,,Tops_Youth,False,1.0,True,0.0,,True,True,False,1.0,,,,,0.0,2.0,3/19/26 1:49:47 PM,
1.0,NIKE,Licensed,Apparel,T-Shirt,CANADA_26_TSHIRT_Y,Canada T-shirt  Youth,M11377,RED,Red,YL,,151348,2,0,0,0,2,18.62,37.24,38.0,76.0,38.0,76.0,0.0,,NIKE,0.0,0.0,,,,,,,Tops_Youth,False,1.0,True,0.0,,True,True,False,1.0,,,,,0.0,2.0,3/19/26 1:49:48 PM,
1.0,NIKE,Licensed,Apparel,T-Shirt,CANADA_26_TSHIRT_Y,Canada T-shirt  Youth,M11377,RED,Red,YXL,,151349,1,0,0,0,1,18.62,18.62,38.0,38.0,38.0,38.0,0.0,,NIKE,0.0,0.0,,,,,,,Tops_Youth,False,1.0,True,0.0,,True,True,False,1.0,,,,,0.0,1.0,3/19/26 1:49:48 PM,
1.0,NIKE,Licensed,Apparel,hat,POLAND_26_HAT_SB,Poland Hat,C16821,RED,Red,OS,,151350,6,0,0,0,6,24.5,147.0,50.0,300.0,50.0,300.0,0.0,,NIKE,0.0,0.0,,,,,,,OS,False,1.0,True,0.0,,True,True,False,1.0,,,,,0.0,6.0,3/20/26 2:59:50 PM,
1.0,NIKE,Licensed,Apparel,hat,AUF_26_HAT_SB,Uruguay Hat,C16821,BLU,Blue,OS,,151351,6,0,0,0,6,24.5,147.0,50.0,300.0,50.0,300.0,0.0,,NIKE,0.0,0.0,,,,,,,OS,False,1.0,True,0.0,,True,True,False,1.0,,,,,0.0,6.0,3/20/26 3:01:27 PM,
1.0,NIKE,Licensed,Apparel,hat,AUF_26_HAT,Uruguay Hat,C16941,WHT,White,OS,,151352,6,0,0,0,6,19.6,117.6,40.0,240.0,40.0,240.0,0.0,,NIKE,0.0,0.0,,,,,,,OS,False,1.0,True,0.0,,True,True,False,1.0,,,,,0.0,6.0,3/20/26 3:04:11 PM,
1.0,NIKE,Licensed,Apparel,hat,HNS_26_HAT_SB,Croatia Hat,C16821,RED,Red,OS,,151353,4,0,0,0,4,24.5,98.0,50.0,200.0,50.0,200.0,0.0,,NIKE,0.0,0.0,,,,,,,OS,False,1.0,True,0.0,,True,True,False,1.0,,,,,2.0,6.0,3/20/26 3:05:21 PM,
1.0,ADIDAS,Licensed,Apparel,Jerseys,RFEF_26_TR_JSY,Spain Training Jersey,KA8193,BLU,Blue,XXS,,151479,0,0,0,0,0,32.9,0.0,70.0,0.0,70.0,0.0,0.0,,ADIDAS,0.0,0.0,,,,,,,Tops,False,1.0,True,0.0,,True,True,False,1.0,,,,,0.0,0.0,,
1.0,ADIDAS,Licensed,Apparel,Jerseys,RFEF_26_TR_JSY,Spain Training Jersey,KA8193,BLU,Blue,XS,,151480,0,0,0,0,0,32.9,0.0,70.0,0.0,70.0,0.0,0.0,,ADIDAS,0.0,0.0,,,,,,,Tops,False,1.0,True,0.0,,True,True,False,1.0,,,,,0.0,0.0,,
1.0,ADIDAS,Licensed,Apparel,Jerseys,RFEF_26_TR_JSY,Spain Training Jersey,KA8193,BLU,Blue,S,,151481,0,0,0,0,0,32.9,0.0,70.0,0.0,70.0,0.0,0.0,,ADIDAS,0.0,0.0,,,,,,,Tops,False,1.0,True,0.0,,True,True,False,1.0,,,,,0.0,0.0,,
1.0,ADIDAS,Licensed,Apparel,Jerseys,RFEF_26_TR_JSY,Spain Training Jersey,KA8193,BLU,Blue,M,,151482,1,0,0,0,1,32.9,32.9,70.0,70.0,70.0,70.0,0.0,,ADIDAS,0.0,0.0,,,,,,,Tops,False,1.0,True,0.0,,True,True,False,1.0,,,,,0.0,1.0,4/17/26 1:48:13 PM,
1.0,ADIDAS,Licensed,Apparel,Jerseys,RFEF_26_TR_JSY,Spain Training Jersey,KA8193,BLU,Blue,L,,151483,1,0,0,0,1,32.9,32.9,70.0,70.0,70.0,70.0,0.0,,ADIDAS,0.0,0.0,,,,,,,Tops,False,1.0,True,0.0,,True,True,False,1.0,,,,,0.0,1.0,4/17/26 1:48:13 PM,
1.0,ADIDAS,Licensed,Apparel,Jerseys,RFEF_26_TR_JSY,Spain Training Jersey,KA8193,BLU,Blue,XL,,151484,1,0,0,0,1,32.9,32.9,70.0,70.0,70.0,70.0,0.0,,ADIDAS,0.0,0.0,,,,,,,Tops,False,1.0,True,0.0,,True,True,False,1.0,,,,,0.0,1.0,4/17/26 1:48:13 PM,
1.0,ADIDAS,Licensed,Apparel,Jerseys,RFEF_26_TR_JSY,Spain Training Jersey,KA8193,BLU,Blue,XXL,,151485,0,0,0,0,0,32.9,0.0,70.0,0.0,70.0,0.0,0.0,,ADIDAS,0.0,0.0,,,,,,,Tops,False,1.0,True,0.0,,True,True,False,1.0,,,,,0.0,0.0,,
1.0,ADIDAS,Licensed,Apparel,Jerseys,RFEF_26_TR_JSY,Spain Training Jersey,KA8193,BLU,Blue,XXXL,,151486,0,0,0,0,0,32.9,0.0,70.0,0.0,70.0,0.0,0.0,,ADIDAS,0.0,0.0,,,,,,,Tops,False,1.0,True,0.0,,True,True,False,1.0,,,,,0.0,0.0,,
1.0,ADIDAS,Licensed,Apparel,Jerseys,RM_25_3RD_JSY_LS,Real Madrid 3rd Jersey,JW4054,BLU,Blue,XXS,,151471,0,0,0,0,0,61.1,0.0,130.0,0.0,130.0,0.0,0.0,,ADIDAS,0.0,0.0,,,,,,,Tops,False,1.0,True,0.0,,True,True,False,1.0,,,,,0.0,0.0,,
1.0,ADIDAS,Licensed,Apparel,Jerseys,RM_25_3RD_JSY_LS,Real Madrid 3rd Jersey,JW4054,BLU,Blue,XS,,151472,0,0,0,0,0,61.1,0.0,130.0,0.0,130.0,0.0,0.0,,ADIDAS,0.0,0.0,,,,,,,Tops,False,1.0,True,0.0,,True,True,False,1.0,,,,,0.0,0.0,,
1.0,ADIDAS,Licensed,Apparel,Jerseys,RM_25_3RD_JSY_LS,Real Madrid 3rd Jersey,JW4054,BLU,Blue,S,,151473,0,0,0,0,0,61.1,0.0,130.0,0.0,130.0,0.0,0.0,,ADIDAS,0.0,0.0,,,,,,,Tops,False,1.0,True,0.0,,True,True,False,1.0,,,,,0.0,0.0,,
1.0,ADIDAS,Licensed,Apparel,Jerseys,RM_25_3RD_JSY_LS,Real Madrid 3rd Jersey,JW4054,BLU,Blue,M,,151474,0,0,0,0,0,61.1,0.0,130.0,0.0,130.0,0.0,0.0,,ADIDAS,0.0,0.0,,,,,,,Tops,False,1.0,True,0.0,,True,True,False,1.0,,,,,0.0,0.0,,
1.0,ADIDAS,Licensed,Apparel,Jerseys,RM_25_3RD_JSY_LS,Real Madrid 3rd Jersey,JW4054,BLU,Blue,L,,151475,1,0,0,0,1,61.1,61.1,130.0,130.0,130.0,130.0,0.0,,ADIDAS,0.0,0.0,,,,,,,Tops,False,1.0,True,0.0,,True,True,False,1.0,,,,,0.0,1.0,4/17/26 1:27:27 PM,
1.0,ADIDAS,Licensed,Apparel,Jerseys,RM_25_3RD_JSY_LS,Real Madrid 3rd Jersey,JW4054,BLU,Blue,XL,,151476,0,0,0,0,0,61.1,0.0,130.0,0.0,130.0,0.0,0.0,,ADIDAS,0.0,0.0,,,,,,,Tops,False,1.0,True,0.0,,True,True,False,1.0,,,,,0.0,0.0,,
1.0,ADIDAS,Licensed,Apparel,Jerseys,RM_25_3RD_JSY_LS,Real Madrid 3rd Jersey,JW4054,BLU,Blue,XXL,,151477,0,0,0,0,0,61.1,0.0,130.0,0.0,130.0,0.0,0.0,,ADIDAS,0.0,0.0,,,,,,,Tops,False,1.0,True,0.0,,True,True,False,1.0,,,,,0.0,0.0,,
1.0,ADIDAS,Licensed,Apparel,Jerseys,RM_25_3RD_JSY_LS,Real Madrid 3rd Jersey,JW4054,BLU,Blue,XXXL,,151478,0,0,0,0,0,61.1,0.0,130.0,0.0,130.0,0.0,0.0,,ADIDAS,0.0,0.0,,,,,,,Tops,False,1.0,True,0.0,,True,True,False,1.0,,,,,0.0,0.0,,
1.0,NIKE,Licensed,Apparel,Jerseys,ENGLAND_26_H_JSY,England Home Jersey,IB5290,WHT,White,XXS,,152202,0,0,0,0,0,63.45,0.0,135.0,0.0,135.0,0.0,0.0,,NIKE,0.0,0.0,,,,,,,Tops,False,1.0,True,0.0,,True,True,False,1.0,,,,,0.0,0.0,,
1.0,NIKE,Licensed,Apparel,Jerseys,ENGLAND_26_H_JSY,England Home Jersey,IB5290,WHT,White,XS,,152203,0,0,0,0,0,63.45,0.0,135.0,0.0,135.0,0.0,0.0,,NIKE,0.0,0.0,,,,,,,Tops,False,1.0,True,0.0,,True,True,False,1.0,,,,,0.0,0.0,,
1.0,NIKE,Licensed,Apparel,Jerseys,ENGLAND_26_H_JSY,England Home Jersey,IB5290,WHT,White,S,,152204,4,0,0,0,4,63.45,253.8,135.0,540.0,135.0,540.0,0.0,,NIKE,0.0,0.0,,,,,,,Tops,False,1.0,True,0.0,,True,True,False,1.0,,,,,0.0,2.0,5/01/26 1:27:43 PM,
1.0,NIKE,Licensed,Apparel,Jerseys,ENGLAND_26_H_JSY,England Home Jersey,IB5290,WHT,White,M,,152205,7,0,0,0,7,63.45,444.15,135.0,945.0,135.0,945.0,0.0,,NIKE,0.0,0.0,,,,,,,Tops,False,1.0,True,0.0,,True,True,False,1.0,,,,,0.0,3.0,5/01/26 1:27:43 PM,
1.0,NIKE,Licensed,Apparel,Jerseys,ENGLAND_26_H_JSY,England Home Jersey,IB5290,WHT,White,L,,152206,6,0,0,0,6,63.45,380.7,135.0,810.0,135.0,810.0,0.0,,NIKE,0.0,0.0,,,,,,,Tops,False,1.0,True,0.0,,True,True,False,1.0,,,,,2.0,8.0,4/29/26 11:34:12 AM,
1.0,NIKE,Licensed,Apparel,Jerseys,ENGLAND_26_H_JSY,England Home Jersey,IB5290,WHT,White,XL,,152207,6,0,0,0,6,63.45,380.7,135.0,810.0,135.0,810.0,0.0,,NIKE,0.0,0.0,,,,,,,Tops,False,1.0,True,0.0,,True,True,False,1.0,,,,,0.0,1.0,5/01/26 1:27:43 PM,
1.0,NIKE,Licensed,Apparel,Jerseys,ENGLAND_26_H_JSY,England Home Jersey,IB5290,WHT,White,XXL,,152208,3,0,0,0,3,63.45,190.35,135.0,405.0,135.0,405.0,0.0,,NIKE,0.0,0.0,,,,,,,Tops,False,1.0,True,0.0,,True,True,False,1.0,,,,,0.0,3.0,4/29/26 11:34:12 AM,
1.0,NIKE,Licensed,Apparel,Jerseys,ENGLAND_26_H_JSY,England Home Jersey,IB5290,WHT,White,XXXL,,152209,0,0,0,0,0,63.45,0.0,135.0,0.0,135.0,0.0,0.0,,NIKE,0.0,0.0,,,,,,,Tops,False,1.0,True,0.0,,True,True,False,1.0,,,,,0.0,0.0,,
1.0,NIKE,Licensed,Apparel,Jerseys,ENGLAND_26_H_JSY_Y,England Home Jersey Y,IB5111,WHT,White,Y2XS,,152210,0,0,0,0,0,54.05,0.0,115.0,0.0,115.0,0.0,0.0,,NIKE,0.0,0.0,,,,,,,Tops_Youth,False,1.0,True,0.0,,True,True,False,1.0,,,,,0.0,0.0,,
1.0,NIKE,Licensed,Apparel,Jerseys,ENGLAND_26_H_JSY_Y,England Home Jersey Y,IB5111,WHT,White,YXS,,152211,0,0,0,0,0,54.05,0.0,115.0,0.0,115.0,0.0,0.0,,NIKE,0.0,0.0,,,,,,,Tops_Youth,False,1.0,True,0.0,,True,True,False,1.0,,,,,0.0,0.0,,
1.0,NIKE,Licensed,Apparel,Jerseys,ENGLAND_26_H_JSY_Y,England Home Jersey Y,IB5111,WHT,White,YS,,152212,1,0,0,0,1,54.05,54.05,115.0,115.0,115.0,115.0,0.0,,NIKE,0.0,0.0,,,,,,,Tops_Youth,False,1.0,True,0.0,,True,True,False,1.0,,,,,0.0,1.0,5/01/26 1:25:34 PM,
1.0,NIKE,Licensed,Apparel,Jerseys,ENGLAND_26_H_JSY_Y,England Home Jersey Y,IB5111,WHT,White,YM,,152213,3,0,0,0,3,54.05,162.15,115.0,345.0,115.0,345.0,0.0,,NIKE,0.0,0.0,,,,,,,Tops_Youth,False,1.0,True,0.0,,True,True,False,1.0,,,,,1.0,3.0,5/01/26 1:25:34 PM,
1.0,NIKE,Licensed,Apparel,Jerseys,ENGLAND_26_H_JSY_Y,England Home Jersey Y,IB5111,WHT,White,YL,,152214,3,0,0,0,3,54.05,162.15,115.0,345.0,115.0,345.0,0.0,,NIKE,0.0,0.0,,,,,,,Tops_Youth,False,1.0,True,0.0,,True,True,False,1.0,,,,,1.0,3.0,5/01/26 1:25:34 PM,
1.0,NIKE,Licensed,Apparel,Jerseys,ENGLAND_26_H_JSY_Y,England Home Jersey Y,IB5111,WHT,White,YXL,,152215,0,0,0,0,0,54.05,0.0,115.0,0.0,115.0,0.0,0.0,,NIKE,0.0,0.0,,,,,,,Tops_Youth,False,1.0,True,0.0,,True,True,False,1.0,,,,,2.0,2.0,5/01/26 1:25:34 PM,
1.0,NIKE,Licensed,Apparel,Top,CBF_DRILL_TOP_26,Brazil Drill Top,IB4988,BLU,Blue,XXS,,152222,0,0,0,0,0,54.04,0.0,115.0,0.0,115.0,0.0,0.0,,NIKE,0.0,0.0,,,,,,,Tops,False,1.0,True,0.0,,True,True,False,1.0,,,,,0.0,0.0,,
1.0,NIKE,Licensed,Apparel,Top,CBF_DRILL_TOP_26,Brazil Drill Top,IB4988,BLU,Blue,XS,,152223,0,0,0,0,0,54.04,0.0,115.0,0.0,115.0,0.0,0.0,,NIKE,0.0,0.0,,,,,,,Tops,False,1.0,True,0.0,,True,True,False,1.0,,,,,0.0,0.0,,
1.0,NIKE,Licensed,Apparel,Top,CBF_DRILL_TOP_26,Brazil Drill Top,IB4988,BLU,Blue,S,,152224,3,0,0,0,3,54.04,162.12,115.0,345.0,115.0,345.0,0.0,,NIKE,0.0,0.0,,,,,,,Tops,False,1.0,True,0.0,,True,True,False,1.0,,,,,0.0,3.0,4/29/26 12:36:54 PM,
1.0,NIKE,Licensed,Apparel,Top,CBF_DRILL_TOP_26,Brazil Drill Top,IB4988,BLU,Blue,M,,152225,3,0,0,0,3,54.04,162.12,115.0,345.0,115.0,345.0,0.0,,NIKE,0.0,0.0,,,,,,,Tops,False,1.0,True,0.0,,True,True,False,1.0,,,,,0.0,3.0,4/29/26 12:36:54 PM,
1.0,NIKE,Licensed,Apparel,Top,CBF_DRILL_TOP_26,Brazil Drill Top,IB4988,BLU,Blue,L,,152226,3,0,0,0,3,54.04,162.12,115.0,345.0,115.0,345.0,0.0,,NIKE,0.0,0.0,,,,,,,Tops,False,1.0,True,0.0,,True,True,False,1.0,,,,,0.0,3.0,4/29/26 12:36:55 PM,
1.0,NIKE,Licensed,Apparel,Top,CBF_DRILL_TOP_26,Brazil Drill Top,IB4988,BLU,Blue,XL,,152227,2,0,0,0,2,54.04,108.08,115.0,230.0,115.0,230.0,0.0,,NIKE,0.0,0.0,,,,,,,Tops,False,1.0,True,0.0,,True,True,False,1.0,,,,,0.0,2.0,4/29/26 12:36:55 PM,
1.0,NIKE,Licensed,Apparel,Top,CBF_DRILL_TOP_26,Brazil Drill Top,IB4988,BLU,Blue,XXL,,152228,1,0,0,0,1,54.04,54.04,115.0,115.0,115.0,115.0,0.0,,NIKE,0.0,0.0,,,,,,,Tops,False,1.0,True,0.0,,True,True,False,1.0,,,,,0.0,1.0,4/29/26 12:36:55 PM,
1.0,NIKE,Licensed,Apparel,Top,CBF_DRILL_TOP_26,Brazil Drill Top,IB4988,BLU,Blue,XXXL,,152229,0,0,0,0,0,54.04,0.0,115.0,0.0,115.0,0.0,0.0,,NIKE,0.0,0.0,,,,,,,Tops,False,1.0,True,0.0,,True,True,False,1.0,,,,,0.0,0.0,,
1.0,NIKE,Licensed,Apparel,Top,ENG_DRILL_TOP_26,England Drill Top,IB4993,BLU,Blue,XXS,,152230,0,0,0,0,0,54.04,0.0,115.0,0.0,115.0,0.0,0.0,,NIKE,0.0,0.0,,,,,,,Tops,False,1.0,True,0.0,,True,True,False,1.0,,,,,0.0,0.0,,
1.0,NIKE,Licensed,Apparel,Top,ENG_DRILL_TOP_26,England Drill Top,IB4993,BLU,Blue,XS,,152231,0,0,0,0,0,54.04,0.0,115.0,0.0,115.0,0.0,0.0,,NIKE,0.0,0.0,,,,,,,Tops,False,1.0,True,0.0,,True,True,False,1.0,,,,,0.0,0.0,,
1.0,NIKE,Licensed,Apparel,Top,ENG_DRILL_TOP_26,England Drill Top,IB4993,BLU,Blue,S,,152232,1,0,0,0,1,54.04,54.04,115.0,115.0,115.0,115.0,0.0,,NIKE,0.0,0.0,,,,,,,Tops,False,1.0,True,0.0,,True,True,False,1.0,,,,,0.0,1.0,4/29/26 12:50:00 PM,
1.0,NIKE,Licensed,Apparel,Top,ENG_DRILL_TOP_26,England Drill Top,IB4993,BLU,Blue,M,,152233,1,0,0,0,1,54.04,54.04,115.0,115.0,115.0,115.0,0.0,,NIKE,0.0,0.0,,,,,,,Tops,False,1.0,True,0.0,,True,True,False,1.0,,,,,0.0,1.0,4/29/26 12:50:01 PM,
1.0,NIKE,Licensed,Apparel,Top,ENG_DRILL_TOP_26,England Drill Top,IB4993,BLU,Blue,L,,152234,1,0,0,0,1,54.04,54.04,115.0,115.0,115.0,115.0,0.0,,NIKE,0.0,0.0,,,,,,,Tops,False,1.0,True,0.0,,True,True,False,1.0,,,,,0.0,1.0,4/29/26 12:50:01 PM,
1.0,NIKE,Licensed,Apparel,Top,ENG_DRILL_TOP_26,England Drill Top,IB4993,BLU,Blue,XL,,152235,0,0,0,0,0,54.04,0.0,115.0,0.0,115.0,0.0,0.0,,NIKE,0.0,0.0,,,,,,,Tops,False,1.0,True,0.0,,True,True,False,1.0,,,,,0.0,0.0,,
1.0,NIKE,Licensed,Apparel,Top,ENG_DRILL_TOP_26,England Drill Top,IB4993,BLU,Blue,XXL,,152236,0,0,0,0,0,54.04,0.0,115.0,0.0,115.0,0.0,0.0,,NIKE,0.0,0.0,,,,,,,Tops,False,1.0,True,0.0,,True,True,False,1.0,,,,,0.0,0.0,,
1.0,NIKE,Licensed,Apparel,Top,ENG_DRILL_TOP_26,England Drill Top,IB4993,BLU,Blue,XXXL,,152237,0,0,0,0,0,54.04,0.0,115.0,0.0,115.0,0.0,0.0,,NIKE,0.0,0.0,,,,,,,Tops,False,1.0,True,0.0,,True,True,False,1.0,,,,,0.0,0.0,,
1.0,NIKE,Licensed,Apparel,Jerseys,AUF_26_H_JSY,Uruguay Home Jersey,IO4680,BLU,Blue,XXS,,152238,0,0,0,0,0,63.45,0.0,135.0,0.0,135.0,0.0,0.0,,PUMA,0.0,0.0,,,,,,,Tops,False,1.0,True,0.0,,True,True,False,1.0,,,,,0.0,0.0,,
1.0,NIKE,Licensed,Apparel,Jerseys,AUF_26_H_JSY,Uruguay Home Jersey,IO4680,BLU,Blue,XS,,152239,0,0,0,0,0,63.45,0.0,135.0,0.0,135.0,0.0,0.0,,PUMA,0.0,0.0,,,,,,,Tops,False,1.0,True,0.0,,True,True,False,1.0,,,,,0.0,0.0,,
1.0,NIKE,Licensed,Apparel,Jerseys,AUF_26_H_JSY,Uruguay Home Jersey,IO4680,BLU,Blue,S,,152240,8,0,0,0,8,63.45,507.6,135.0,1080.0,135.0,1080.0,0.0,,PUMA,0.0,0.0,,,,,,,Tops,False,1.0,True,0.0,,True,True,False,1.0,,,,,0.0,4.0,5/16/26 10:52:21 AM,
1.0,NIKE,Licensed,Apparel,Jerseys,AUF_26_H_JSY,Uruguay Home Jersey,IO4680,BLU,Blue,M,,152241,6,0,0,0,6,63.45,380.7,135.0,810.0,135.0,810.0,0.0,,PUMA,0.0,0.0,,,,,,,Tops,False,1.0,True,0.0,,True,True,False,1.0,,,,,0.0,6.0,4/29/26 1:52:09 PM,
1.0,NIKE,Licensed,Apparel,Jerseys,AUF_26_H_JSY,Uruguay Home Jersey,IO4680,BLU,Blue,L,,152242,10,0,0,0,10,63.45,634.5,135.0,1350.0,135.0,1350.0,0.0,,PUMA,0.0,0.0,,,,,,,Tops,False,1.0,True,0.0,,True,True,False,1.0,,,,,0.0,5.0,5/16/26 10:52:21 AM,
1.0,NIKE,Licensed,Apparel,Jerseys,AUF_26_H_JSY,Uruguay Home Jersey,IO4680,BLU,Blue,XL,,152243,4,0,0,0,4,63.45,253.8,135.0,540.0,135.0,540.0,0.0,,PUMA,0.0,0.0,,,,,,,Tops,False,1.0,True,0.0,,True,True,False,1.0,,,,,0.0,2.0,5/16/26 10:52:21 AM,
1.0,NIKE,Licensed,Apparel,Jerseys,AUF_26_H_JSY,Uruguay Home Jersey,IO4680,BLU,Blue,XXL,,152244,0,0,0,0,0,63.45,0.0,135.0,0.0,135.0,0.0,0.0,,PUMA,0.0,0.0,,,,,,,Tops,False,1.0,True,0.0,,True,True,False,1.0,,,,,0.0,0.0,,
1.0,NIKE,Licensed,Apparel,Jerseys,AUF_26_H_JSY,Uruguay Home Jersey,IO4680,BLU,Blue,XXXL,,152245,0,0,0,0,0,63.45,0.0,135.0,0.0,135.0,0.0,0.0,,PUMA,0.0,0.0,,,,,,,Tops,False,1.0,True,0.0,,True,True,False,1.0,,,,,0.0,0.0,,
1.0,NIKE,Licensed,Apparel,Jerseys,FFF_26_H_JSY,France Home Jersey,IB5300,NVY,Navy,XXS,,152252,0,0,0,0,0,63.45,0.0,135.0,0.0,135.0,0.0,0.0,,PUMA,0.0,0.0,,,,,,,Tops,False,1.0,True,0.0,,True,True,False,1.0,,,,,0.0,0.0,,
1.0,NIKE,Licensed,Apparel,Jerseys,FFF_26_H_JSY,France Home Jersey,IB5300,NVY,Navy,XS,,152253,0,0,0,0,0,63.45,0.0,135.0,0.0,135.0,0.0,0.0,,PUMA,0.0,0.0,,,,,,,Tops,False,1.0,True,0.0,,True,True,False,1.0,,,,,0.0,0.0,,
1.0,NIKE,Licensed,Apparel,Jerseys,FFF_26_H_JSY,France Home Jersey,IB5300,NVY,Navy,S,,152254,5,0,0,0,5,63.45,317.25,135.0,675.0,135.0,675.0,0.0,,PUMA,0.0,0.0,,,,,,,Tops,False,1.0,True,0.0,,True,True,False,1.0,,,,,0.0,2.0,5/01/26 1:08:57 PM,
1.0,NIKE,Licensed,Apparel,Jerseys,FFF_26_H_JSY,France Home Jersey,IB5300,NVY,Navy,M,,152255,6,0,0,0,6,63.45,380.7,135.0,810.0,135.0,810.0,0.0,,PUMA,0.0,0.0,,,,,,,Tops,False,1.0,True,0.0,,True,True,False,1.0,,,,,1.0,2.0,5/01/26 1:04:19 PM,
1.0,NIKE,Licensed,Apparel,Jerseys,FFF_26_H_JSY,France Home Jersey,IB5300,NVY,Navy,L,,152256,7,0,0,0,7,63.45,444.15,135.0,945.0,135.0,945.0,0.0,,PUMA,0.0,0.0,,,,,,,Tops,False,1.0,True,0.0,,True,True,False,1.0,,,,,0.0,2.0,5/01/26 1:08:57 PM,
1.0,NIKE,Licensed,Apparel,Jerseys,FFF_26_H_JSY,France Home Jersey,IB5300,NVY,Navy,XL,,152257,5,0,0,0,5,63.45,317.25,135.0,675.0,135.0,675.0,0.0,,PUMA,0.0,0.0,,,,,,,Tops,False,1.0,True,0.0,,True,True,False,1.0,,,,,0.0,2.0,5/01/26 1:04:19 PM,
1.0,NIKE,Licensed,Apparel,Jerseys,FFF_26_H_JSY,France Home Jersey,IB5300,NVY,Navy,XXL,,152258,1,0,0,0,1,63.45,63.45,135.0,135.0,135.0,135.0,0.0,,PUMA,0.0,0.0,,,,,,,Tops,False,1.0,True,0.0,,True,True,False,1.0,,,,,0.0,1.0,4/29/26 1:58:00 PM,
1.0,NIKE,Licensed,Apparel,Jerseys,FFF_26_H_JSY,France Home Jersey,IB5300,NVY,Navy,XXXL,,152259,0,0,0,0,0,63.45,0.0,135.0,0.0,135.0,0.0,0.0,,PUMA,0.0,0.0,,,,,,,Tops,False,1.0,True,0.0,,True,True,False,1.0,,,,,0.0,0.0,,
1.0,NIKE,Licensed,Apparel,Jerseys,AUF_PREMATCH_26,Uruguay Prematch Jsy,IH1649,NVY,Navy,XXS,,152266,0,0,0,0,0,44.65,0.0,95.0,0.0,95.0,0.0,0.0,,PUMA,0.0,0.0,,,,,,,Tops,False,1.0,True,0.0,,True,True,False,1.0,,,,,0.0,0.0,,
1.0,NIKE,Licensed,Apparel,Jerseys,AUF_PREMATCH_26,Uruguay Prematch Jsy,IH1649,NVY,Navy,XS,,152267,0,0,0,0,0,44.65,0.0,95.0,0.0,95.0,0.0,0.0,,PUMA,0.0,0.0,,,,,,,Tops,False,1.0,True,0.0,,True,True,False,1.0,,,,,0.0,0.0,,
1.0,NIKE,Licensed,Apparel,Jerseys,AUF_PREMATCH_26,Uruguay Prematch Jsy,IH1649,NVY,Navy,S,,152268,1,0,0,0,1,44.65,44.65,95.0,95.0,95.0,95.0,0.0,,PUMA,0.0,0.0,,,,,,,Tops,False,1.0,True,0.0,,True,True,False,1.0,,,,,0.0,1.0,4/29/26 2:13:09 PM,
1.0,NIKE,Licensed,Apparel,Jerseys,AUF_PREMATCH_26,Uruguay Prematch Jsy,IH1649,NVY,Navy,M,,152269,3,0,0,0,3,44.65,133.95,95.0,285.0,95.0,285.0,0.0,,PUMA,0.0,0.0,,,,,,,Tops,False,1.0,True,0.0,,True,True,False,1.0,,,,,0.0,3.0,4/29/26 2:13:10 PM,
1.0,NIKE,Licensed,Apparel,Jerseys,AUF_PREMATCH_26,Uruguay Prematch Jsy,IH1649,NVY,Navy,L,,152270,3,0,0,0,3,44.65,133.95,95.0,285.0,95.0,285.0,0.0,,PUMA,0.0,0.0,,,,,,,Tops,False,1.0,True,0.0,,True,True,False,1.0,,,,,0.0,3.0,4/29/26 2:13:10 PM,
1.0,NIKE,Licensed,Apparel,Jerseys,AUF_PREMATCH_26,Uruguay Prematch Jsy,IH1649,NVY,Navy,XL,,152271,1,0,0,0,1,44.65,44.65,95.0,95.0,95.0,95.0,0.0,,PUMA,0.0,0.0,,,,,,,Tops,False,1.0,True,0.0,,True,True,False,1.0,,,,,0.0,1.0,4/29/26 2:13:10 PM,
1.0,NIKE,Licensed,Apparel,Jerseys,AUF_PREMATCH_26,Uruguay Prematch Jsy,IH1649,NVY,Navy,XXL,,152272,0,0,0,0,0,44.65,0.0,95.0,0.0,95.0,0.0,0.0,,PUMA,0.0,0.0,,,,,,,Tops,False,1.0,True,0.0,,True,True,False,1.0,,,,,0.0,0.0,,
1.0,NIKE,Licensed,Apparel,Jerseys,AUF_PREMATCH_26,Uruguay Prematch Jsy,IH1649,NVY,Navy,XXXL,,152273,0,0,0,0,0,44.65,0.0,95.0,0.0,95.0,0.0,0.0,,PUMA,0.0,0.0,,,,,,,Tops,False,1.0,True,0.0,,True,True,False,1.0,,,,,0.0,0.0,,
1.0,NIKE,Licensed,Apparel,Jerseys,AUF_26_A_JSY,Uruguay Away Jersey,IO4681,NVY,Navy,XXS,,152274,0,0,0,0,0,63.45,0.0,135.0,0.0,135.0,0.0,0.0,,PUMA,0.0,0.0,,,,,,,Tops,False,1.0,True,0.0,,True,True,False,1.0,,,,,0.0,0.0,,
1.0,NIKE,Licensed,Apparel,Jerseys,AUF_26_A_JSY,Uruguay Away Jersey,IO4681,NVY,Navy,XS,,152275,0,0,0,0,0,63.45,0.0,135.0,0.0,135.0,0.0,0.0,,PUMA,0.0,0.0,,,,,,,Tops,False,1.0,True,0.0,,True,True,False,1.0,,,,,0.0,0.0,,
1.0,NIKE,Licensed,Apparel,Jerseys,AUF_26_A_JSY,Uruguay Away Jersey,IO4681,NVY,Navy,S,,152276,1,0,0,0,1,63.45,63.45,135.0,135.0,135.0,135.0,0.0,,PUMA,0.0,0.0,,,,,,,Tops,False,1.0,True,0.0,,True,True,False,1.0,,,,,0.0,1.0,4/29/26 2:15:06 PM,
1.0,NIKE,Licensed,Apparel,Jerseys,AUF_26_A_JSY,Uruguay Away Jersey,IO4681,NVY,Navy,M,,152277,2,0,0,0,2,63.45,126.9,135.0,270.0,135.0,270.0,0.0,,PUMA,0.0,0.0,,,,,,,Tops,False,1.0,True,0.0,,True,True,False,1.0,,,,,0.0,2.0,5/01/26 1:15:09 PM,
1.0,NIKE,Licensed,Apparel,Jerseys,AUF_26_A_JSY,Uruguay Away Jersey,IO4681,NVY,Navy,L,,152278,1,0,0,0,1,63.45,63.45,135.0,135.0,135.0,135.0,0.0,,PUMA,0.0,0.0,,,,,,,Tops,False,1.0,True,0.0,,True,True,False,1.0,,,,,1.0,2.0,5/01/26 1:15:09 PM,
1.0,NIKE,Licensed,Apparel,Jerseys,AUF_26_A_JSY,Uruguay Away Jersey,IO4681,NVY,Navy,XL,,152279,0,0,0,0,0,63.45,0.0,135.0,0.0,135.0,0.0,0.0,,PUMA,0.0,0.0,,,,,,,Tops,False,1.0,True,0.0,,True,True,False,1.0,,,,,0.0,0.0,,
1.0,NIKE,Licensed,Apparel,Jerseys,AUF_26_A_JSY,Uruguay Away Jersey,IO4681,NVY,Navy,XXL,,152280,0,0,0,0,0,63.45,0.0,135.0,0.0,135.0,0.0,0.0,,PUMA,0.0,0.0,,,,,,,Tops,False,1.0,True,0.0,,True,True,False,1.0,,,,,0.0,0.0,,
1.0,NIKE,Licensed,Apparel,Jerseys,AUF_26_A_JSY,Uruguay Away Jersey,IO4681,NVY,Navy,XXXL,,152281,0,0,0,0,0,63.45,0.0,135.0,0.0,135.0,0.0,0.0,,PUMA,0.0,0.0,,,,,,,Tops,False,1.0,True,0.0,,True,True,False,1.0,,,,,0.0,0.0,,
1.0,NIKE,Licensed,Apparel,Jerseys,AUF_26_H_JSY_Y,Uruguay Home Jersey Y,IO4686,BLU,Blue,Y2XS,,152246,0,0,0,0,0,54.04,0.0,115.0,0.0,115.0,0.0,0.0,,PUMA,0.0,0.0,,,,,,,Tops_Youth,False,1.0,True,0.0,,True,True,False,1.0,,,,,0.0,0.0,,
1.0,NIKE,Licensed,Apparel,Jerseys,AUF_26_H_JSY_Y,Uruguay Home Jersey Y,IO4686,BLU,Blue,YXS,,152247,0,0,0,0,0,54.04,0.0,115.0,0.0,115.0,0.0,0.0,,PUMA,0.0,0.0,,,,,,,Tops_Youth,False,1.0,True,0.0,,True,True,False,1.0,,,,,0.0,0.0,,
1.0,NIKE,Licensed,Apparel,Jerseys,AUF_26_H_JSY_Y,Uruguay Home Jersey Y,IO4686,BLU,Blue,YS,,152248,1,0,0,0,1,54.04,54.04,115.0,115.0,115.0,115.0,0.0,,PUMA,0.0,0.0,,,,,,,Tops_Youth,False,1.0,True,0.0,,True,True,False,1.0,,,,,0.0,1.0,4/29/26 1:53:54 PM,
1.0,NIKE,Licensed,Apparel,Jerseys,AUF_26_H_JSY_Y,Uruguay Home Jersey Y,IO4686,BLU,Blue,YM,,152249,2,0,0,0,2,54.04,108.08,115.0,230.0,115.0,230.0,0.0,,PUMA,0.0,0.0,,,,,,,Tops_Youth,False,1.0,True,0.0,,True,True,False,1.0,,,,,0.0,2.0,4/29/26 1:53:54 PM,
1.0,NIKE,Licensed,Apparel,Jerseys,AUF_26_H_JSY_Y,Uruguay Home Jersey Y,IO4686,BLU,Blue,YL,,152250,2,0,0,0,2,54.04,108.08,115.0,230.0,115.0,230.0,0.0,,PUMA,0.0,0.0,,,,,,,Tops_Youth,False,1.0,True,0.0,,True,True,False,1.0,,,,,0.0,2.0,4/29/26 1:53:54 PM,
1.0,NIKE,Licensed,Apparel,Jerseys,AUF_26_H_JSY_Y,Uruguay Home Jersey Y,IO4686,BLU,Blue,YXL,,152251,4,0,0,0,4,54.04,216.16,115.0,460.0,115.0,460.0,0.0,,PUMA,0.0,0.0,,,,,,,Tops_Youth,False,1.0,True,0.0,,True,True,False,1.0,,,,,0.0,2.0,5/16/26 10:52:46 AM,
1.0,NIKE,Licensed,Apparel,Jerseys,FFF_26_H_JSY_Y,France Home Jersey Y,IB5129,NVY,Navy,Y2XS,,152260,0,0,0,0,0,54.05,0.0,115.0,0.0,115.0,0.0,0.0,,PUMA,0.0,0.0,,,,,,,Tops_Youth,False,1.0,True,0.0,,True,True,False,1.0,,,,,0.0,0.0,,
1.0,NIKE,Licensed,Apparel,Jerseys,FFF_26_H_JSY_Y,France Home Jersey Y,IB5129,NVY,Navy,YXS,,152261,0,0,0,0,0,54.05,0.0,115.0,0.0,115.0,0.0,0.0,,PUMA,0.0,0.0,,,,,,,Tops_Youth,False,1.0,True,0.0,,True,True,False,1.0,,,,,0.0,0.0,,
1.0,NIKE,Licensed,Apparel,Jerseys,FFF_26_H_JSY_Y,France Home Jersey Y,IB5129,NVY,Navy,YS,,152262,1,0,0,0,1,54.05,54.05,115.0,115.0,115.0,115.0,0.0,,PUMA,0.0,0.0,,,,,,,Tops_Youth,False,1.0,True,0.0,,True,True,False,1.0,,,,,0.0,1.0,4/29/26 2:06:35 PM,
1.0,NIKE,Licensed,Apparel,Jerseys,FFF_26_H_JSY_Y,France Home Jersey Y,IB5129,NVY,Navy,YM,,152263,2,0,0,0,2,54.05,108.1,115.0,230.0,115.0,230.0,0.0,,PUMA,0.0,0.0,,,,,,,Tops_Youth,False,1.0,True,0.0,,True,True,False,1.0,,,,,1.0,3.0,4/29/26 2:06:35 PM,
1.0,NIKE,Licensed,Apparel,Jerseys,FFF_26_H_JSY_Y,France Home Jersey Y,IB5129,NVY,Navy,YL,,152264,5,0,0,0,5,54.05,270.25,115.0,575.0,115.0,575.0,0.0,,PUMA,0.0,0.0,,,,,,,Tops_Youth,False,1.0,True,0.0,,True,True,False,1.0,,,,,1.0,3.0,5/01/26 1:09:38 PM,
1.0,NIKE,Licensed,Apparel,Jerseys,FFF_26_H_JSY_Y,France Home Jersey Y,IB5129,NVY,Navy,YXL,,152265,4,0,0,0,4,54.05,216.2,115.0,460.0,115.0,460.0,0.0,,PUMA,0.0,0.0,,,,,,,Tops_Youth,False,1.0,True,0.0,,True,True,False,1.0,,,,,0.0,2.0,5/01/26 1:09:38 PM,
1.0,NIKE,Licensed,Apparel,Jerseys,KNVB_26_H_JSY,Netherland Away,IB5334,ORG,Orange,XXS,,152282,0,0,0,0,0,63.45,0.0,135.0,0.0,135.0,0.0,0.0,,PUMA,0.0,0.0,,,,,,,Tops,False,1.0,True,0.0,,True,True,False,1.0,,,,,0.0,0.0,,
1.0,NIKE,Licensed,Apparel,Jerseys,KNVB_26_H_JSY,Netherland Away,IB5334,ORG,Orange,XS,,152283,0,0,0,0,0,63.45,0.0,135.0,0.0,135.0,0.0,0.0,,PUMA,0.0,0.0,,,,,,,Tops,False,1.0,True,0.0,,True,True,False,1.0,,,,,0.0,0.0,,
1.0,NIKE,Licensed,Apparel,Jerseys,KNVB_26_H_JSY,Netherland Away,IB5334,ORG,Orange,S,,152284,1,0,0,0,1,63.45,63.45,135.0,135.0,135.0,135.0,0.0,,PUMA,0.0,0.0,,,,,,,Tops,False,1.0,True,0.0,,True,True,False,1.0,,,,,0.0,1.0,4/29/26 2:21:19 PM,
1.0,NIKE,Licensed,Apparel,Jerseys,KNVB_26_H_JSY,Netherland Away,IB5334,ORG,Orange,M,,152285,1,0,0,0,1,63.45,63.45,135.0,135.0,135.0,135.0,0.0,,PUMA,0.0,0.0,,,,,,,Tops,False,1.0,True,0.0,,True,True,False,1.0,,,,,0.0,1.0,4/29/26 2:21:19 PM,
1.0,NIKE,Licensed,Apparel,Jerseys,KNVB_26_H_JSY,Netherland Away,IB5334,ORG,Orange,L,,152286,1,0,0,0,1,63.45,63.45,135.0,135.0,135.0,135.0,0.0,,PUMA,0.0,0.0,,,,,,,Tops,False,1.0,True,0.0,,True,True,False,1.0,,,,,0.0,1.0,4/29/26 2:21:19 PM,
1.0,NIKE,Licensed,Apparel,Jerseys,KNVB_26_H_JSY,Netherland Away,IB5334,ORG,Orange,XL,,152287,0,0,0,0,0,63.45,0.0,135.0,0.0,135.0,0.0,0.0,,PUMA,0.0,0.0,,,,,,,Tops,False,1.0,True,0.0,,True,True,False,1.0,,,,,0.0,0.0,,
1.0,NIKE,Licensed,Apparel,Jerseys,KNVB_26_H_JSY,Netherland Away,IB5334,ORG,Orange,XXL,,152288,0,0,0,0,0,63.45,0.0,135.0,0.0,135.0,0.0,0.0,,PUMA,0.0,0.0,,,,,,,Tops,False,1.0,True,0.0,,True,True,False,1.0,,,,,0.0,0.0,,
1.0,NIKE,Licensed,Apparel,Jerseys,KNVB_26_H_JSY,Netherland Away,IB5334,ORG,Orange,XXXL,,152289,0,0,0,0,0,63.45,0.0,135.0,0.0,135.0,0.0,0.0,,PUMA,0.0,0.0,,,,,,,Tops,False,1.0,True,0.0,,True,True,False,1.0,,,,,0.0,0.0,,
1.0,NIKE,Licensed,Apparel,Jerseys,USMNT_26_AWAY,USA Away Jersey,IB5395,BLK,Black,XXS,,152290,0,0,0,0,0,63.45,0.0,135.0,0.0,135.0,0.0,0.0,,PUMA,0.0,0.0,,,,,,,Tops,False,1.0,True,0.0,,True,True,False,1.0,,,,,0.0,0.0,,
1.0,NIKE,Licensed,Apparel,Jerseys,USMNT_26_AWAY,USA Away Jersey,IB5395,BLK,Black,XS,,152291,0,0,0,0,0,63.45,0.0,135.0,0.0,135.0,0.0,0.0,,PUMA,0.0,0.0,,,,,,,Tops,False,1.0,True,0.0,,True,True,False,1.0,,,,,0.0,0.0,,
1.0,NIKE,Licensed,Apparel,Jerseys,USMNT_26_AWAY,USA Away Jersey,IB5395,BLK,Black,S,,152292,0,0,0,0,0,63.45,0.0,135.0,0.0,135.0,0.0,0.0,,PUMA,0.0,0.0,,,,,,,Tops,False,1.0,True,0.0,,True,True,False,1.0,,,,,0.0,0.0,,
1.0,NIKE,Licensed,Apparel,Jerseys,USMNT_26_AWAY,USA Away Jersey,IB5395,BLK,Black,M,,152293,1,0,0,0,1,63.45,63.45,135.0,135.0,135.0,135.0,0.0,,PUMA,0.0,0.0,,,,,,,Tops,False,1.0,True,0.0,,True,True,False,1.0,,,,,0.0,1.0,4/29/26 3:09:32 PM,
1.0,NIKE,Licensed,Apparel,Jerseys,USMNT_26_AWAY,USA Away Jersey,IB5395,BLK,Black,L,,152294,1,0,0,0,1,63.45,63.45,135.0,135.0,135.0,135.0,0.0,,PUMA,0.0,0.0,,,,,,,Tops,False,1.0,True,0.0,,True,True,False,1.0,,,,,0.0,1.0,4/29/26 3:09:32 PM,
1.0,NIKE,Licensed,Apparel,Jerseys,USMNT_26_AWAY,USA Away Jersey,IB5395,BLK,Black,XL,,152295,1,0,0,0,1,63.45,63.45,135.0,135.0,135.0,135.0,0.0,,PUMA,0.0,0.0,,,,,,,Tops,False,1.0,True,0.0,,True,True,False,1.0,,,,,0.0,1.0,4/29/26 3:09:32 PM,
1.0,NIKE,Licensed,Apparel,Jerseys,USMNT_26_AWAY,USA Away Jersey,IB5395,BLK,Black,XXL,,152296,0,0,0,0,0,63.45,0.0,135.0,0.0,135.0,0.0,0.0,,PUMA,0.0,0.0,,,,,,,Tops,False,1.0,True,0.0,,True,True,False,1.0,,,,,0.0,0.0,,
1.0,NIKE,Licensed,Apparel,Jerseys,USMNT_26_AWAY,USA Away Jersey,IB5395,BLK,Black,XXXL,,152297,0,0,0,0,0,63.45,0.0,135.0,0.0,135.0,0.0,0.0,,PUMA,0.0,0.0,,,,,,,Tops,False,1.0,True,0.0,,True,True,False,1.0,,,,,0.0,0.0,,
1.0,NIKE,Licensed,Apparel,Jerseys,NIGERIA_26_H_JSY,Nigeria Home Jersey,IB5308,GRN,Green,XXS,,152298,0,0,0,0,0,63.45,0.0,135.0,0.0,135.0,0.0,0.0,,PUMA,0.0,0.0,,,,,,,Tops,False,1.0,True,0.0,,True,True,False,1.0,,,,,0.0,0.0,,
1.0,NIKE,Licensed,Apparel,Jerseys,NIGERIA_26_H_JSY,Nigeria Home Jersey,IB5308,GRN,Green,XS,,152299,0,0,0,0,0,63.45,0.0,135.0,0.0,135.0,0.0,0.0,,PUMA,0.0,0.0,,,,,,,Tops,False,1.0,True,0.0,,True,True,False,1.0,,,,,0.0,0.0,,
1.0,NIKE,Licensed,Apparel,Jerseys,NIGERIA_26_H_JSY,Nigeria Home Jersey,IB5308,GRN,Green,S,,152300,0,0,0,0,0,63.45,0.0,135.0,0.0,135.0,0.0,0.0,,PUMA,0.0,0.0,,,,,,,Tops,False,1.0,True,0.0,,True,True,False,1.0,,,,,0.0,0.0,,
1.0,NIKE,Licensed,Apparel,Jerseys,NIGERIA_26_H_JSY,Nigeria Home Jersey,IB5308,GRN,Green,M,,152301,1,0,0,0,1,63.45,63.45,135.0,135.0,135.0,135.0,0.0,,PUMA,0.0,0.0,,,,,,,Tops,False,1.0,True,0.0,,True,True,False,1.0,,,,,0.0,1.0,4/29/26 3:14:12 PM,
1.0,NIKE,Licensed,Apparel,Jerseys,NIGERIA_26_H_JSY,Nigeria Home Jersey,IB5308,GRN,Green,L,,152302,2,0,0,0,2,63.45,126.9,135.0,270.0,135.0,270.0,0.0,,PUMA,0.0,0.0,,,,,,,Tops,False,1.0,True,0.0,,True,True,False,1.0,,,,,0.0,2.0,4/29/26 3:14:12 PM,
1.0,NIKE,Licensed,Apparel,Jerseys,NIGERIA_26_H_JSY,Nigeria Home Jersey,IB5308,GRN,Green,XL,,152303,1,0,0,0,1,63.45,63.45,135.0,135.0,135.0,135.0,0.0,,PUMA,0.0,0.0,,,,,,,Tops,False,1.0,True,0.0,,True,True,False,1.0,,,,,0.0,1.0,4/29/26 3:14:12 PM,
1.0,NIKE,Licensed,Apparel,Jerseys,NIGERIA_26_H_JSY,Nigeria Home Jersey,IB5308,GRN,Green,XXL,,152304,0,0,0,0,0,63.45,0.0,135.0,0.0,135.0,0.0,0.0,,PUMA,0.0,0.0,,,,,,,Tops,False,1.0,True,0.0,,True,True,False,1.0,,,,,0.0,0.0,,
1.0,NIKE,Licensed,Apparel,Jerseys,NIGERIA_26_H_JSY,Nigeria Home Jersey,IB5308,GRN,Green,XXXL,,152305,0,0,0,0,0,63.45,0.0,135.0,0.0,135.0,0.0,0.0,,PUMA,0.0,0.0,,,,,,,Tops,False,1.0,True,0.0,,True,True,False,1.0,,,,,0.0,0.0,,
1.0,NIKE,Licensed,Apparel,KITS,AUF_26_H_KIT_K,Uruguay 26 Home Kit Kids,IO4693,BLU,Blue,3-6,,152306,0,0,0,0,0,54.05,0.0,115.0,0.0,115.0,0.0,0.0,,PUMA,0.0,0.0,,,,,,,Infant_Kit,False,1.0,True,0.0,,True,True,False,1.0,,,,,0.0,0.0,,
1.0,NIKE,Licensed,Apparel,KITS,AUF_26_H_KIT_K,Uruguay 26 Home Kit Kids,IO4693,BLU,Blue,9-12,,152307,0,0,0,0,0,54.05,0.0,115.0,0.0,115.0,0.0,0.0,,PUMA,0.0,0.0,,,,,,,Infant_Kit,False,1.0,True,0.0,,True,True,False,1.0,,,,,0.0,0.0,,
1.0,NIKE,Licensed,Apparel,KITS,AUF_26_H_KIT_K,Uruguay 26 Home Kit Kids,IO4693,BLU,Blue,18-24,,152308,0,0,0,0,0,54.05,0.0,115.0,0.0,115.0,0.0,0.0,,PUMA,0.0,0.0,,,,,,,Infant_Kit,False,1.0,True,0.0,,True,True,False,1.0,,,,,0.0,0.0,,
1.0,NIKE,Licensed,Apparel,KITS,AUF_26_H_KIT_K,Uruguay 26 Home Kit Kids,IO4693,BLU,Blue,XS,,152309,1,0,0,0,1,54.05,54.05,115.0,115.0,115.0,115.0,0.0,,PUMA,0.0,0.0,,,,,,,Infant_Kit,False,1.0,True,0.0,,True,True,False,1.0,,,,,0.0,1.0,4/29/26 3:22:53 PM,
1.0,NIKE,Licensed,Apparel,KITS,AUF_26_H_KIT_K,Uruguay 26 Home Kit Kids,IO4693,BLU,Blue,S,,152310,1,0,0,0,1,54.05,54.05,115.0,115.0,115.0,115.0,0.0,,PUMA,0.0,0.0,,,,,,,Infant_Kit,False,1.0,True,0.0,,True,True,False,1.0,,,,,0.0,1.0,5/01/26 1:29:05 PM,
1.0,NIKE,Licensed,Apparel,KITS,AUF_26_H_KIT_K,Uruguay 26 Home Kit Kids,IO4693,BLU,Blue,M,,152311,1,0,0,0,1,54.05,54.05,115.0,115.0,115.0,115.0,0.0,,PUMA,0.0,0.0,,,,,,,Infant_Kit,False,1.0,True,0.0,,True,True,False,1.0,,,,,0.0,1.0,5/01/26 1:29:05 PM,
1.0,NIKE,Licensed,Apparel,KITS,AUF_26_H_KIT_K,Uruguay 26 Home Kit Kids,IO4693,BLU,Blue,L,,152312,1,0,0,0,1,54.05,54.05,115.0,115.0,115.0,115.0,0.0,,PUMA,0.0,0.0,,,,,,,Infant_Kit,False,1.0,True,0.0,,True,True,False,1.0,,,,,0.0,1.0,5/01/26 1:29:05 PM,
1.0,NIKE,Licensed,Apparel,KITS,AUF_26_H_KIT_K,Uruguay 26 Home Kit Kids,IO4693,BLU,Blue,XL,,152313,0,0,0,0,0,54.05,0.0,115.0,0.0,115.0,0.0,0.0,,PUMA,0.0,0.0,,,,,,,Infant_Kit,False,1.0,True,0.0,,True,True,False,1.0,,,,,0.0,0.0,,
1.0,NIKE,Licensed,Apparel,Jerseys,CBF_26_H_JSY_W,Brazil Home Jersey Women,IB5280,YEL,Yellow,XXS,,152314,0,0,0,0,0,63.45,0.0,135.0,0.0,135.0,0.0,0.0,,NIKE,0.0,0.0,,,,,,,Tops,False,1.0,True,0.0,,True,True,False,1.0,,,,,0.0,0.0,,
1.0,NIKE,Licensed,Apparel,Jerseys,CBF_26_H_JSY_W,Brazil Home Jersey Women,IB5280,YEL,Yellow,XS,,152315,0,0,0,0,0,63.45,0.0,135.0,0.0,135.0,0.0,0.0,,NIKE,0.0,0.0,,,,,,,Tops,False,1.0,True,0.0,,True,True,False,1.0,,,,,0.0,0.0,,
1.0,NIKE,Licensed,Apparel,Jerseys,CBF_26_H_JSY_W,Brazil Home Jersey Women,IB5280,YEL,Yellow,S,,152316,0,0,0,0,0,63.45,0.0,135.0,0.0,135.0,0.0,0.0,,NIKE,0.0,0.0,,,,,,,Tops,False,1.0,True,0.0,,True,True,False,1.0,,,,,0.0,0.0,,
1.0,NIKE,Licensed,Apparel,Jerseys,CBF_26_H_JSY_W,Brazil Home Jersey Women,IB5280,YEL,Yellow,M,,152317,1,0,0,0,1,63.45,63.45,135.0,135.0,135.0,135.0,0.0,,NIKE,0.0,0.0,,,,,,,Tops,False,1.0,True,0.0,,True,True,False,1.0,,,,,0.0,1.0,4/29/26 3:33:37 PM,
1.0,NIKE,Licensed,Apparel,Jerseys,CBF_26_H_JSY_W,Brazil Home Jersey Women,IB5280,YEL,Yellow,L,,152318,0,0,0,0,0,63.45,0.0,135.0,0.0,135.0,0.0,0.0,,NIKE,0.0,0.0,,,,,,,Tops,False,1.0,True,0.0,,True,True,False,1.0,,,,,0.0,0.0,,
1.0,NIKE,Licensed,Apparel,Jerseys,CBF_26_H_JSY_W,Brazil Home Jersey Women,IB5280,YEL,Yellow,XL,,152319,0,0,0,0,0,63.45,0.0,135.0,0.0,135.0,0.0,0.0,,NIKE,0.0,0.0,,,,,,,Tops,False,1.0,True,0.0,,True,True,False,1.0,,,,,0.0,0.0,,
1.0,NIKE,Licensed,Apparel,Jerseys,CBF_26_H_JSY_W,Brazil Home Jersey Women,IB5280,YEL,Yellow,XXL,,152320,0,0,0,0,0,63.45,0.0,135.0,0.0,135.0,0.0,0.0,,NIKE,0.0,0.0,,,,,,,Tops,False,1.0,True,0.0,,True,True,False,1.0,,,,,0.0,0.0,,
1.0,NIKE,Licensed,Apparel,Jerseys,CBF_26_H_JSY_W,Brazil Home Jersey Women,IB5280,YEL,Yellow,XXXL,,152321,0,0,0,0,0,63.45,0.0,135.0,0.0,135.0,0.0,0.0,,NIKE,0.0,0.0,,,,,,,Tops,False,1.0,True,0.0,,True,True,False,1.0,,,,,0.0,0.0,,
1.0,NIKE,Licensed,Apparel,Jerseys,CBF_26_H_JSY_Y,Brazil Home Jersey Y,IO2231,YEL,Yellow,Y2XS,,152322,0,0,0,0,0,54.05,0.0,115.0,0.0,115.0,0.0,0.0,,NIKE,0.0,0.0,,,,,,,Tops_Youth,False,1.0,True,0.0,,True,True,False,1.0,,,,,0.0,0.0,,
1.0,NIKE,Licensed,Apparel,Jerseys,CBF_26_H_JSY_Y,Brazil Home Jersey Y,IO2231,YEL,Yellow,YXS,,152323,0,0,0,0,0,54.05,0.0,115.0,0.0,115.0,0.0,0.0,,NIKE,0.0,0.0,,,,,,,Tops_Youth,False,1.0,True,0.0,,True,True,False,1.0,,,,,0.0,0.0,,
1.0,NIKE,Licensed,Apparel,Jerseys,CBF_26_H_JSY_Y,Brazil Home Jersey Y,IO2231,YEL,Yellow,YS,,152324,3,0,0,0,3,54.05,162.15,115.0,345.0,115.0,345.0,0.0,,NIKE,0.0,0.0,,,,,,,Tops_Youth,False,1.0,True,0.0,,True,True,False,1.0,,,,,0.0,3.0,4/29/26 3:46:43 PM,
1.0,NIKE,Licensed,Apparel,Jerseys,CBF_26_H_JSY_Y,Brazil Home Jersey Y,IO2231,YEL,Yellow,YM,,152325,3,0,0,0,3,54.05,162.15,115.0,345.0,115.0,345.0,0.0,,NIKE,0.0,0.0,,,,,,,Tops_Youth,False,1.0,True,0.0,,True,True,False,1.0,,,,,0.0,3.0,4/29/26 3:46:43 PM,
1.0,NIKE,Licensed,Apparel,Jerseys,CBF_26_H_JSY_Y,Brazil Home Jersey Y,IO2231,YEL,Yellow,YL,,152326,7,0,0,0,7,54.05,378.35,115.0,805.0,115.0,805.0,0.0,,NIKE,0.0,0.0,,,,,,,Tops_Youth,False,1.0,True,0.0,,True,True,False,1.0,,,,,1.0,8.0,4/29/26 3:46:43 PM,
1.0,NIKE,Licensed,Apparel,Jerseys,CBF_26_H_JSY_Y,Brazil Home Jersey Y,IO2231,YEL,Yellow,YXL,,152327,4,0,0,0,4,54.05,216.2,115.0,460.0,115.0,460.0,0.0,,NIKE,0.0,0.0,,,,,,,Tops_Youth,False,1.0,True,0.0,,True,True,False,1.0,,,,,0.0,4.0,4/29/26 3:46:43 PM,
1.0,NIKE,Licensed,Apparel,Jerseys,FFF_26_PO_HOODIE_Y,France Pull Over Hoddie Y,IB7847,NVY,Navy,Y2XS,,152328,0,0,0,0,0,39.95,0.0,85.0,0.0,85.0,0.0,0.0,,NIKE,0.0,0.0,,,,,,,Tops_Youth,False,1.0,True,0.0,,True,True,False,1.0,,,,,0.0,0.0,,
1.0,NIKE,Licensed,Apparel,Jerseys,FFF_26_PO_HOODIE_Y,France Pull Over Hoddie Y,IB7847,NVY,Navy,YXS,,152329,0,0,0,0,0,39.95,0.0,85.0,0.0,85.0,0.0,0.0,,NIKE,0.0,0.0,,,,,,,Tops_Youth,False,1.0,True,0.0,,True,True,False,1.0,,,,,0.0,0.0,,
1.0,NIKE,Licensed,Apparel,Jerseys,FFF_26_PO_HOODIE_Y,France Pull Over Hoddie Y,IB7847,NVY,Navy,YS,,152330,0,0,0,0,0,39.95,0.0,85.0,0.0,85.0,0.0,0.0,,NIKE,0.0,0.0,,,,,,,Tops_Youth,False,1.0,True,0.0,,True,True,False,1.0,,,,,0.0,0.0,,
1.0,NIKE,Licensed,Apparel,Jerseys,FFF_26_PO_HOODIE_Y,France Pull Over Hoddie Y,IB7847,NVY,Navy,YM,,152331,1,0,0,0,1,39.95,39.95,85.0,85.0,85.0,85.0,0.0,,NIKE,0.0,0.0,,,,,,,Tops_Youth,False,1.0,True,0.0,,True,True,False,1.0,,,,,0.0,1.0,4/29/26 4:24:06 PM,
1.0,NIKE,Licensed,Apparel,Jerseys,FFF_26_PO_HOODIE_Y,France Pull Over Hoddie Y,IB7847,NVY,Navy,YL,,152332,0,0,0,0,0,39.95,0.0,85.0,0.0,85.0,0.0,0.0,,NIKE,0.0,0.0,,,,,,,Tops_Youth,False,1.0,True,0.0,,True,True,False,1.0,,,,,0.0,0.0,,
1.0,NIKE,Licensed,Apparel,Jerseys,FFF_26_PO_HOODIE_Y,France Pull Over Hoddie Y,IB7847,NVY,Navy,YXL,,152333,1,0,0,0,1,39.95,39.95,85.0,85.0,85.0,85.0,0.0,,NIKE,0.0,0.0,,,,,,,Tops_Youth,False,1.0,True,0.0,,True,True,False,1.0,,,,,0.0,1.0,4/29/26 4:24:06 PM,
1.0,NIKE,Licensed,Apparel,Jerseys,CBF_26_PM_TOP_Y,Brazil Prematch Top Y,IB5396,BLU,Blue,Y2XS,,152334,0,0,0,0,0,39.95,0.0,85.0,0.0,85.0,0.0,0.0,,NIKE,0.0,0.0,,,,,,,Tops_Youth,False,1.0,True,0.0,,True,True,False,1.0,,,,,0.0,0.0,,
1.0,NIKE,Licensed,Apparel,Jerseys,CBF_26_PM_TOP_Y,Brazil Prematch Top Y,IB5396,BLU,Blue,YXS,,152335,1,0,0,0,1,39.95,39.95,85.0,85.0,85.0,85.0,0.0,,NIKE,0.0,0.0,,,,,,,Tops_Youth,False,1.0,True,0.0,,True,True,False,1.0,,,,,0.0,1.0,4/29/26 4:33:13 PM,
1.0,NIKE,Licensed,Apparel,Jerseys,CBF_26_PM_TOP_Y,Brazil Prematch Top Y,IB5396,BLU,Blue,YS,,152336,2,0,0,0,2,39.95,79.9,85.0,170.0,85.0,170.0,0.0,,NIKE,0.0,0.0,,,,,,,Tops_Youth,False,1.0,True,0.0,,True,True,False,1.0,,,,,0.0,2.0,4/29/26 4:33:14 PM,
1.0,NIKE,Licensed,Apparel,Jerseys,CBF_26_PM_TOP_Y,Brazil Prematch Top Y,IB5396,BLU,Blue,YM,,152337,3,0,0,0,3,39.95,119.85,85.0,255.0,85.0,255.0,0.0,,NIKE,0.0,0.0,,,,,,,Tops_Youth,False,1.0,True,0.0,,True,True,False,1.0,,,,,0.0,3.0,4/29/26 4:33:14 PM,
1.0,NIKE,Licensed,Apparel,Jerseys,CBF_26_PM_TOP_Y,Brazil Prematch Top Y,IB5396,BLU,Blue,YL,,152338,3,0,0,0,3,39.95,119.85,85.0,255.0,85.0,255.0,0.0,,NIKE,0.0,0.0,,,,,,,Tops_Youth,False,1.0,True,0.0,,True,True,False,1.0,,,,,0.0,3.0,4/29/26 4:33:14 PM,
1.0,NIKE,Licensed,Apparel,Jerseys,CBF_26_PM_TOP_Y,Brazil Prematch Top Y,IB5396,BLU,Blue,YXL,,152339,2,0,0,0,2,39.95,79.9,85.0,170.0,85.0,170.0,0.0,,NIKE,0.0,0.0,,,,,,,Tops_Youth,False,1.0,True,0.0,,True,True,False,1.0,,,,,0.0,2.0,4/29/26 4:33:14 PM,
1.0,NIKE,Licensed,Apparel,Jerseys,FFF_26_GK_JSY_Y,France GK Jersey Y,IB5134,PNK,Pink,Y2XS,,152340,0,0,0,0,0,54.05,0.0,115.0,0.0,115.0,0.0,0.0,,PUMA,0.0,0.0,,,,,,,Tops_Youth,False,1.0,True,0.0,,True,True,False,1.0,,,,,0.0,0.0,,
1.0,NIKE,Licensed,Apparel,Jerseys,FFF_26_GK_JSY_Y,France GK Jersey Y,IB5134,PNK,Pink,YXS,,152341,0,0,0,0,0,54.05,0.0,115.0,0.0,115.0,0.0,0.0,,PUMA,0.0,0.0,,,,,,,Tops_Youth,False,1.0,True,0.0,,True,True,False,1.0,,,,,0.0,0.0,,
1.0,NIKE,Licensed,Apparel,Jerseys,FFF_26_GK_JSY_Y,France GK Jersey Y,IB5134,PNK,Pink,YS,,152342,0,0,0,0,0,54.05,0.0,115.0,0.0,115.0,0.0,0.0,,PUMA,0.0,0.0,,,,,,,Tops_Youth,False,1.0,True,0.0,,True,True,False,1.0,,,,,0.0,0.0,,
1.0,NIKE,Licensed,Apparel,Jerseys,FFF_26_GK_JSY_Y,France GK Jersey Y,IB5134,PNK,Pink,YM,,152343,0,0,0,0,0,54.05,0.0,115.0,0.0,115.0,0.0,0.0,,PUMA,0.0,0.0,,,,,,,Tops_Youth,False,1.0,True,0.0,,True,True,False,1.0,,,,,0.0,0.0,,
1.0,NIKE,Licensed,Apparel,Jerseys,FFF_26_GK_JSY_Y,France GK Jersey Y,IB5134,PNK,Pink,YL,,152344,1,0,0,0,1,54.05,54.05,115.0,115.0,115.0,115.0,0.0,,PUMA,0.0,0.0,,,,,,,Tops_Youth,False,1.0,True,0.0,,True,True,False,1.0,,,,,0.0,1.0,5/01/26 12:26:52 PM,
1.0,NIKE,Licensed,Apparel,Jerseys,FFF_26_GK_JSY_Y,France GK Jersey Y,IB5134,PNK,Pink,YXL,,152345,0,0,0,0,0,54.05,0.0,115.0,0.0,115.0,0.0,0.0,,PUMA,0.0,0.0,,,,,,,Tops_Youth,False,1.0,True,0.0,,True,True,False,1.0,,,,,0.0,0.0,,
1.0,NIKE,Licensed,Apparel,Jerseys,FFF_26_GK_JSY,France GK Jersey,IB5304,PNK,Pink,XXS,,152346,0,0,0,0,0,63.45,0.0,135.0,0.0,135.0,0.0,0.0,,PUMA,0.0,0.0,,,,,,,Tops,False,1.0,True,0.0,,True,True,False,1.0,,,,,0.0,0.0,,
1.0,NIKE,Licensed,Apparel,Jerseys,FFF_26_GK_JSY,France GK Jersey,IB5304,PNK,Pink,XS,,152347,0,0,0,0,0,63.45,0.0,135.0,0.0,135.0,0.0,0.0,,PUMA,0.0,0.0,,,,,,,Tops,False,1.0,True,0.0,,True,True,False,1.0,,,,,0.0,0.0,,
1.0,NIKE,Licensed,Apparel,Jerseys,FFF_26_GK_JSY,France GK Jersey,IB5304,PNK,Pink,S,,152348,1,0,0,0,1,63.45,63.45,135.0,135.0,135.0,135.0,0.0,,PUMA,0.0,0.0,,,,,,,Tops,False,1.0,True,0.0,,True,True,False,1.0,,,,,0.0,1.0,5/01/26 12:27:52 PM,
1.0,NIKE,Licensed,Apparel,Jerseys,FFF_26_GK_JSY,France GK Jersey,IB5304,PNK,Pink,M,,152349,1,0,0,0,1,63.45,63.45,135.0,135.0,135.0,135.0,0.0,,PUMA,0.0,0.0,,,,,,,Tops,False,1.0,True,0.0,,True,True,False,1.0,,,,,0.0,1.0,5/01/26 12:27:53 PM,
1.0,NIKE,Licensed,Apparel,Jerseys,FFF_26_GK_JSY,France GK Jersey,IB5304,PNK,Pink,L,,152350,1,0,0,0,1,63.45,63.45,135.0,135.0,135.0,135.0,0.0,,PUMA,0.0,0.0,,,,,,,Tops,False,1.0,True,0.0,,True,True,False,1.0,,,,,0.0,1.0,5/01/26 12:27:53 PM,
1.0,NIKE,Licensed,Apparel,Jerseys,FFF_26_GK_JSY,France GK Jersey,IB5304,PNK,Pink,XL,,152351,0,0,0,0,0,63.45,0.0,135.0,0.0,135.0,0.0,0.0,,PUMA,0.0,0.0,,,,,,,Tops,False,1.0,True,0.0,,True,True,False,1.0,,,,,0.0,0.0,,
1.0,NIKE,Licensed,Apparel,Jerseys,FFF_26_GK_JSY,France GK Jersey,IB5304,PNK,Pink,XXL,,152352,0,0,0,0,0,63.45,0.0,135.0,0.0,135.0,0.0,0.0,,PUMA,0.0,0.0,,,,,,,Tops,False,1.0,True,0.0,,True,True,False,1.0,,,,,0.0,0.0,,
1.0,NIKE,Licensed,Apparel,Jerseys,FFF_26_GK_JSY,France GK Jersey,IB5304,PNK,Pink,XXXL,,152353,0,0,0,0,0,63.45,0.0,135.0,0.0,135.0,0.0,0.0,,PUMA,0.0,0.0,,,,,,,Tops,False,1.0,True,0.0,,True,True,False,1.0,,,,,0.0,0.0,,
1.0,NIKE,Licensed,Apparel,Jerseys,FFF_26_H_JSY_Y,France Home Jersey Y,IB5129,Blu,Blue,Y2XS,,152377,0,0,0,0,0,54.05,0.0,115.0,0.0,115.0,0.0,0.0,,PUMA,0.0,0.0,,,,,,,Tops_Youth,False,1.0,True,0.0,,True,True,False,1.0,,,,,0.0,0.0,,
1.0,NIKE,Licensed,Apparel,Jerseys,FFF_26_H_JSY_Y,France Home Jersey Y,IB5129,Blu,Blue,YXS,,152378,0,0,0,0,0,54.05,0.0,115.0,0.0,115.0,0.0,0.0,,PUMA,0.0,0.0,,,,,,,Tops_Youth,False,1.0,True,0.0,,True,True,False,1.0,,,,,0.0,0.0,,
1.0,NIKE,Licensed,Apparel,Jerseys,FFF_26_H_JSY_Y,France Home Jersey Y,IB5129,Blu,Blue,YS,,152379,1,0,0,0,1,54.05,54.05,115.0,115.0,115.0,115.0,0.0,,PUMA,0.0,0.0,,,,,,,Tops_Youth,False,1.0,True,0.0,,True,True,False,1.0,,,,,0.0,1.0,5/01/26 12:55:43 PM,
1.0,NIKE,Licensed,Apparel,Jerseys,FFF_26_H_JSY_Y,France Home Jersey Y,IB5129,Blu,Blue,YM,,152380,2,0,0,0,2,54.05,108.1,115.0,230.0,115.0,230.0,0.0,,PUMA,0.0,0.0,,,,,,,Tops_Youth,False,1.0,True,0.0,,True,True,False,1.0,,,,,0.0,2.0,5/01/26 12:55:43 PM,
1.0,NIKE,Licensed,Apparel,Jerseys,FFF_26_H_JSY_Y,France Home Jersey Y,IB5129,Blu,Blue,YL,,152381,0,0,0,0,0,54.05,0.0,115.0,0.0,115.0,0.0,0.0,,PUMA,0.0,0.0,,,,,,,Tops_Youth,False,1.0,True,0.0,,True,True,False,1.0,,,,,0.0,0.0,,
1.0,NIKE,Licensed,Apparel,Jerseys,FFF_26_H_JSY_Y,France Home Jersey Y,IB5129,Blu,Blue,YXL,,152382,0,0,0,0,0,54.05,0.0,115.0,0.0,115.0,0.0,0.0,,PUMA,0.0,0.0,,,,,,,Tops_Youth,False,1.0,True,0.0,,True,True,False,1.0,,,,,0.0,0.0,,
1.0,NIKE,Licensed,Apparel,Jerseys,KNVB_26_H_JSY_Y,Netherland Home Y,IB5165,ORG,Orange,Y2XS,,152409,0,0,0,0,0,54.05,0.0,115.0,0.0,115.0,0.0,0.0,,PUMA,0.0,0.0,,,,,,,Tops_Youth,False,1.0,True,0.0,,True,True,False,1.0,,,,,0.0,0.0,,
1.0,NIKE,Licensed,Apparel,Jerseys,KNVB_26_H_JSY_Y,Netherland Home Y,IB5165,ORG,Orange,YXS,,152410,0,0,0,0,0,54.05,0.0,115.0,0.0,115.0,0.0,0.0,,PUMA,0.0,0.0,,,,,,,Tops_Youth,False,1.0,True,0.0,,True,True,False,1.0,,,,,0.0,0.0,,
1.0,NIKE,Licensed,Apparel,Jerseys,KNVB_26_H_JSY_Y,Netherland Home Y,IB5165,ORG,Orange,YS,,152411,0,0,0,0,0,54.05,0.0,115.0,0.0,115.0,0.0,0.0,,PUMA,0.0,0.0,,,,,,,Tops_Youth,False,1.0,True,0.0,,True,True,False,1.0,,,,,0.0,0.0,,
1.0,NIKE,Licensed,Apparel,Jerseys,KNVB_26_H_JSY_Y,Netherland Home Y,IB5165,ORG,Orange,YM,,152412,1,0,0,0,1,54.05,54.05,115.0,115.0,115.0,115.0,0.0,,PUMA,0.0,0.0,,,,,,,Tops_Youth,False,1.0,True,0.0,,True,True,False,1.0,,,,,0.0,1.0,5/05/26 1:42:08 PM,
1.0,NIKE,Licensed,Apparel,Jerseys,KNVB_26_H_JSY_Y,Netherland Home Y,IB5165,ORG,Orange,YL,,152413,0,0,0,0,0,54.05,0.0,115.0,0.0,115.0,0.0,0.0,,PUMA,0.0,0.0,,,,,,,Tops_Youth,False,1.0,True,0.0,,True,True,False,1.0,,,,,0.0,0.0,,
1.0,NIKE,Licensed,Apparel,Jerseys,KNVB_26_H_JSY_Y,Netherland Home Y,IB5165,ORG,Orange,YXL,,152414,1,0,0,0,1,54.05,54.05,115.0,115.0,115.0,115.0,0.0,,PUMA,0.0,0.0,,,,,,,Tops_Youth,False,1.0,True,0.0,,True,True,False,1.0,,,,,0.0,1.0,5/05/26 1:42:08 PM,
1.0,NIKE,Licensed,Apparel,Jerseys,KNVB_26_A_JSY,Netherland Away,IB5391,WHT,White,S,,152417,0,0,0,0,0,63.45,0.0,135.0,0.0,135.0,0.0,0.0,,PUMA,0.0,0.0,,,,,,,Tops,False,1.0,True,0.0,,True,True,False,1.0,,,,,0.0,0.0,,
1.0,NIKE,Licensed,Apparel,Jerseys,KNVB_26_A_JSY,Netherland Away,IB5391,WHT,White,M,,152418,1,0,0,0,1,63.45,63.45,135.0,135.0,135.0,135.0,0.0,,PUMA,0.0,0.0,,,,,,,Tops,False,1.0,True,0.0,,True,True,False,1.0,,,,,0.0,1.0,5/05/26 1:45:27 PM,
1.0,NIKE,Licensed,Apparel,Jerseys,AUF_26_A_JSY_Y,Uruguay Away Jersey Y,IO4687,NVY,Navy,Y2XS,,152383,0,0,0,0,0,54.04,0.0,115.0,0.0,115.0,0.0,0.0,,PUMA,0.0,0.0,,,,,,,Tops_Youth,False,1.0,True,0.0,,True,True,False,1.0,,,,,0.0,0.0,,
1.0,NIKE,Licensed,Apparel,Jerseys,AUF_26_A_JSY_Y,Uruguay Away Jersey Y,IO4687,NVY,Navy,YXS,,152384,0,0,0,0,0,54.04,0.0,115.0,0.0,115.0,0.0,0.0,,PUMA,0.0,0.0,,,,,,,Tops_Youth,False,1.0,True,0.0,,True,True,False,1.0,,,,,0.0,0.0,,
1.0,NIKE,Licensed,Apparel,Jerseys,AUF_26_A_JSY_Y,Uruguay Away Jersey Y,IO4687,NVY,Navy,YS,,152385,0,0,0,0,0,54.04,0.0,115.0,0.0,115.0,0.0,0.0,,PUMA,0.0,0.0,,,,,,,Tops_Youth,False,1.0,True,0.0,,True,True,False,1.0,,,,,0.0,0.0,,
1.0,NIKE,Licensed,Apparel,Jerseys,AUF_26_A_JSY_Y,Uruguay Away Jersey Y,IO4687,NVY,Navy,YM,,152386,1,0,0,0,1,54.04,54.04,115.0,115.0,115.0,115.0,0.0,,PUMA,0.0,0.0,,,,,,,Tops_Youth,False,1.0,True,0.0,,True,True,False,1.0,,,,,0.0,1.0,5/01/26 1:15:57 PM,
1.0,NIKE,Licensed,Apparel,Jerseys,AUF_26_A_JSY_Y,Uruguay Away Jersey Y,IO4687,NVY,Navy,YL,,152387,1,0,0,0,1,54.04,54.04,115.0,115.0,115.0,115.0,0.0,,PUMA,0.0,0.0,,,,,,,Tops_Youth,False,1.0,True,0.0,,True,True,False,1.0,,,,,0.0,1.0,5/01/26 1:15:57 PM,
1.0,NIKE,Licensed,Apparel,Jerseys,AUF_26_A_JSY_Y,Uruguay Away Jersey Y,IO4687,NVY,Navy,YXL,,152388,1,0,0,0,1,54.04,54.04,115.0,115.0,115.0,115.0,0.0,,PUMA,0.0,0.0,,,,,,,Tops_Youth,False,1.0,True,0.0,,True,True,False,1.0,,,,,0.0,1.0,5/01/26 1:15:57 PM,
1.0,NIKE,Licensed,Apparel,Jerseys,CBF_26_A_JSY,Brazil Away Jersey,IU1072,NVY,Navy,XXS,,152389,0,0,0,0,0,63.45,0.0,135.0,0.0,135.0,0.0,0.0,,NIKE,0.0,0.0,,,,,,,Tops,False,1.0,True,0.0,,True,True,False,1.0,,,,,0.0,0.0,,
1.0,NIKE,Licensed,Apparel,Jerseys,CBF_26_A_JSY,Brazil Away Jersey,IU1072,NVY,Navy,XS,,152390,0,0,0,0,0,63.45,0.0,135.0,0.0,135.0,0.0,0.0,,NIKE,0.0,0.0,,,,,,,Tops,False,1.0,True,0.0,,True,True,False,1.0,,,,,0.0,0.0,,
1.0,NIKE,Licensed,Apparel,Jerseys,CBF_26_A_JSY,Brazil Away Jersey,IU1072,NVY,Navy,S,,152391,1,0,0,0,1,63.45,63.45,135.0,135.0,135.0,135.0,0.0,,NIKE,0.0,0.0,,,,,,,Tops,False,1.0,True,0.0,,True,True,False,1.0,,,,,0.0,1.0,5/01/26 1:20:57 PM,
1.0,NIKE,Licensed,Apparel,Jerseys,CBF_26_A_JSY,Brazil Away Jersey,IU1072,NVY,Navy,M,,152392,1,0,0,0,1,63.45,63.45,135.0,135.0,135.0,135.0,0.0,,NIKE,0.0,0.0,,,,,,,Tops,False,1.0,True,0.0,,True,True,False,1.0,,,,,0.0,1.0,5/01/26 1:20:57 PM,
1.0,NIKE,Licensed,Apparel,Jerseys,CBF_26_A_JSY,Brazil Away Jersey,IU1072,NVY,Navy,L,,152393,0,0,0,0,0,63.45,0.0,135.0,0.0,135.0,0.0,0.0,,NIKE,0.0,0.0,,,,,,,Tops,False,1.0,True,0.0,,True,True,False,1.0,,,,,0.0,0.0,,
1.0,NIKE,Licensed,Apparel,Jerseys,CBF_26_A_JSY,Brazil Away Jersey,IU1072,NVY,Navy,XL,,152394,1,0,0,0,1,63.45,63.45,135.0,135.0,135.0,135.0,0.0,,NIKE,0.0,0.0,,,,,,,Tops,False,1.0,True,0.0,,True,True,False,1.0,,,,,0.0,1.0,5/01/26 1:20:57 PM,
1.0,NIKE,Licensed,Apparel,Jerseys,CBF_26_A_JSY,Brazil Away Jersey,IU1072,NVY,Navy,XXL,,152395,0,0,0,0,0,63.45,0.0,135.0,0.0,135.0,0.0,0.0,,NIKE,0.0,0.0,,,,,,,Tops,False,1.0,True,0.0,,True,True,False,1.0,,,,,0.0,0.0,,
1.0,NIKE,Licensed,Apparel,Jerseys,CBF_26_A_JSY,Brazil Away Jersey,IU1072,NVY,Navy,XXXL,,152396,0,0,0,0,0,63.45,0.0,135.0,0.0,135.0,0.0,0.0,,NIKE,0.0,0.0,,,,,,,Tops,False,1.0,True,0.0,,True,True,False,1.0,,,,,0.0,0.0,,
1.0,NIKE,Licensed,Apparel,Jerseys,KNVB_26_A_JSY,Netherland Away,IB5391,WHT,White,XXS,,152415,0,0,0,0,0,63.45,0.0,135.0,0.0,135.0,0.0,0.0,,PUMA,0.0,0.0,,,,,,,Tops,False,1.0,True,0.0,,True,True,False,1.0,,,,,0.0,0.0,,
1.0,NIKE,Licensed,Apparel,Jerseys,KNVB_26_A_JSY,Netherland Away,IB5391,WHT,White,XS,,152416,0,0,0,0,0,63.45,0.0,135.0,0.0,135.0,0.0,0.0,,PUMA,0.0,0.0,,,,,,,Tops,False,1.0,True,0.0,,True,True,False,1.0,,,,,0.0,0.0,,
1.0,NIKE,Licensed,Apparel,Hoody,MOR_26_HOODY,Morocco Culturer Hoody,784558,GRN,Green,XXS,,152423,0,0,0,0,0,51.7,0.0,110.0,0.0,110.0,0.0,0.0,,PUMA,0.0,0.0,,,,,,,Tops,False,1.0,True,0.0,,True,True,False,1.0,,,,,0.0,0.0,,
1.0,NIKE,Licensed,Apparel,Hoody,MOR_26_HOODY,Morocco Culturer Hoody,784558,GRN,Green,XS,,152424,0,0,0,0,0,51.7,0.0,110.0,0.0,110.0,0.0,0.0,,PUMA,0.0,0.0,,,,,,,Tops,False,1.0,True,0.0,,True,True,False,1.0,,,,,0.0,0.0,,
1.0,NIKE,Licensed,Apparel,Hoody,MOR_26_HOODY,Morocco Culturer Hoody,784558,GRN,Green,S,,152425,0,0,0,0,0,51.7,0.0,110.0,0.0,110.0,0.0,0.0,,PUMA,0.0,0.0,,,,,,,Tops,False,1.0,True,0.0,,True,True,False,1.0,,,,,0.0,0.0,,
1.0,NIKE,Licensed,Apparel,Hoody,MOR_26_HOODY,Morocco Culturer Hoody,784558,GRN,Green,M,,152426,2,0,0,0,2,51.7,103.4,110.0,220.0,110.0,220.0,0.0,,PUMA,0.0,0.0,,,,,,,Tops,False,1.0,True,0.0,,True,True,False,1.0,,,,,0.0,2.0,5/05/26 2:03:50 PM,
1.0,NIKE,Licensed,Apparel,Hoody,MOR_26_HOODY,Morocco Culturer Hoody,784558,GRN,Green,L,,152427,2,0,0,0,2,51.7,103.4,110.0,220.0,110.0,220.0,0.0,,PUMA,0.0,0.0,,,,,,,Tops,False,1.0,True,0.0,,True,True,False,1.0,,,,,0.0,2.0,5/05/26 2:03:50 PM,
1.0,NIKE,Licensed,Apparel,Hoody,MOR_26_HOODY,Morocco Culturer Hoody,784558,GRN,Green,XL,,152428,0,0,0,0,0,51.7,0.0,110.0,0.0,110.0,0.0,0.0,,PUMA,0.0,0.0,,,,,,,Tops,False,1.0,True,0.0,,True,True,False,1.0,,,,,0.0,0.0,,
1.0,NIKE,Licensed,Apparel,Hoody,MOR_26_HOODY,Morocco Culturer Hoody,784558,GRN,Green,XXL,,152429,0,0,0,0,0,51.7,0.0,110.0,0.0,110.0,0.0,0.0,,PUMA,0.0,0.0,,,,,,,Tops,False,1.0,True,0.0,,True,True,False,1.0,,,,,0.0,0.0,,
1.0,NIKE,Licensed,Apparel,Hoody,MOR_26_HOODY,Morocco Culturer Hoody,784558,GRN,Green,XXXL,,152430,0,0,0,0,0,51.7,0.0,110.0,0.0,110.0,0.0,0.0,,PUMA,0.0,0.0,,,,,,,Tops,False,1.0,True,0.0,,True,True,False,1.0,,,,,0.0,0.0,,
1.0,NIKE,Licensed,Apparel,Jerseys,ENGLAND_26_A_JSY,England Away Jersey,IB5361,RED,Red,XXS,,152431,0,0,0,0,0,63.45,0.0,135.0,0.0,135.0,0.0,0.0,,NIKE,0.0,0.0,,,,,,,Tops,False,1.0,True,0.0,,True,True,False,1.0,,,,,0.0,0.0,,
1.0,NIKE,Licensed,Apparel,Jerseys,ENGLAND_26_A_JSY,England Away Jersey,IB5361,RED,Red,XS,,152432,0,0,0,0,0,63.45,0.0,135.0,0.0,135.0,0.0,0.0,,NIKE,0.0,0.0,,,,,,,Tops,False,1.0,True,0.0,,True,True,False,1.0,,,,,0.0,0.0,,
1.0,NIKE,Licensed,Apparel,Jerseys,ENGLAND_26_A_JSY,England Away Jersey,IB5361,RED,Red,S,,152433,1,0,0,0,1,63.45,63.45,135.0,135.0,135.0,135.0,0.0,,NIKE,0.0,0.0,,,,,,,Tops,False,1.0,True,0.0,,True,True,False,1.0,,,,,1.0,2.0,5/07/26 12:45:30 PM,
1.0,NIKE,Licensed,Apparel,Jerseys,ENGLAND_26_A_JSY,England Away Jersey,IB5361,RED,Red,M,,152434,2,0,0,0,2,63.45,126.9,135.0,270.0,135.0,270.0,0.0,,NIKE,0.0,0.0,,,,,,,Tops,False,1.0,True,0.0,,True,True,False,1.0,,,,,0.0,2.0,5/07/26 12:45:30 PM,
1.0,NIKE,Licensed,Apparel,Jerseys,ENGLAND_26_A_JSY,England Away Jersey,IB5361,RED,Red,L,,152435,2,0,0,0,2,63.45,126.9,135.0,270.0,135.0,270.0,0.0,,NIKE,0.0,0.0,,,,,,,Tops,False,1.0,True,0.0,,True,True,False,1.0,,,,,0.0,2.0,5/07/26 12:45:30 PM,
1.0,NIKE,Licensed,Apparel,Jerseys,ENGLAND_26_A_JSY,England Away Jersey,IB5361,RED,Red,XL,,152436,1,0,0,0,1,63.45,63.45,135.0,135.0,135.0,135.0,0.0,,NIKE,0.0,0.0,,,,,,,Tops,False,1.0,True,0.0,,True,True,False,1.0,,,,,0.0,1.0,5/07/26 12:45:30 PM,
1.0,NIKE,Licensed,Apparel,Jerseys,ENGLAND_26_A_JSY,England Away Jersey,IB5361,RED,Red,XXL,,152437,0,0,0,0,0,63.45,0.0,135.0,0.0,135.0,0.0,0.0,,NIKE,0.0,0.0,,,,,,,Tops,False,1.0,True,0.0,,True,True,False,1.0,,,,,0.0,0.0,,
1.0,NIKE,Licensed,Apparel,Jerseys,ENGLAND_26_A_JSY,England Away Jersey,IB5361,RED,Red,XXXL,,152438,0,0,0,0,0,63.45,0.0,135.0,0.0,135.0,0.0,0.0,,NIKE,0.0,0.0,,,,,,,Tops,False,1.0,True,0.0,,True,True,False,1.0,,,,,0.0,0.0,,
1.0,NIKE,Licensed,Apparel,Jerseys,CBF_26_PREMATCH_TOP,Brazil Prematch Top,IH1662,BLU,Blue,XXS,,152439,0,0,0,0,0,44.65,0.0,95.0,0.0,95.0,0.0,0.0,,NIKE,0.0,0.0,,,,,,,Tops,False,1.0,True,0.0,,True,True,False,1.0,,,,,0.0,0.0,,
1.0,NIKE,Licensed,Apparel,Jerseys,CBF_26_PREMATCH_TOP,Brazil Prematch Top,IH1662,BLU,Blue,XS,,152440,0,0,0,0,0,44.65,0.0,95.0,0.0,95.0,0.0,0.0,,NIKE,0.0,0.0,,,,,,,Tops,False,1.0,True,0.0,,True,True,False,1.0,,,,,0.0,0.0,,
1.0,NIKE,Licensed,Apparel,Jerseys,KNVB_26_A_JSY,Netherland Away,IB5391,WHT,White,L,,152419,0,0,0,0,0,63.45,0.0,135.0,0.0,135.0,0.0,0.0,,PUMA,0.0,0.0,,,,,,,Tops,False,1.0,True,0.0,,True,True,False,1.0,,,,,0.0,0.0,,
1.0,NIKE,Licensed,Apparel,Jerseys,KNVB_26_A_JSY,Netherland Away,IB5391,WHT,White,XL,,152420,0,0,0,0,0,63.45,0.0,135.0,0.0,135.0,0.0,0.0,,PUMA,0.0,0.0,,,,,,,Tops,False,1.0,True,0.0,,True,True,False,1.0,,,,,0.0,0.0,,
1.0,NIKE,Licensed,Apparel,Jerseys,KNVB_26_A_JSY,Netherland Away,IB5391,WHT,White,XXL,,152421,0,0,0,0,0,63.45,0.0,135.0,0.0,135.0,0.0,0.0,,PUMA,0.0,0.0,,,,,,,Tops,False,1.0,True,0.0,,True,True,False,1.0,,,,,0.0,0.0,,
1.0,NIKE,Licensed,Apparel,Jerseys,KNVB_26_A_JSY,Netherland Away,IB5391,WHT,White,XXXL,,152422,0,0,0,0,0,63.45,0.0,135.0,0.0,135.0,0.0,0.0,,PUMA,0.0,0.0,,,,,,,Tops,False,1.0,True,0.0,,True,True,False,1.0,,,,,0.0,0.0,,
1.0,NIKE,Licensed,Apparel,Jerseys,HNS_26_A_JSY,Croatia Away Jersey,P35057,BLU,Blue,XXS,,152447,0,0,0,0,0,66.15,0.0,135.0,0.0,135.0,0.0,0.0,,NIKE,0.0,0.0,,,,,,,Tops,False,1.0,True,0.0,,True,True,False,1.0,,,,,0.0,0.0,,
1.0,NIKE,Licensed,Apparel,Jerseys,HNS_26_A_JSY,Croatia Away Jersey,P35057,BLU,Blue,XS,,152448,0,0,0,0,0,66.15,0.0,135.0,0.0,135.0,0.0,0.0,,NIKE,0.0,0.0,,,,,,,Tops,False,1.0,True,0.0,,True,True,False,1.0,,,,,0.0,0.0,,
1.0,NIKE,Licensed,Apparel,Jerseys,HNS_26_A_JSY,Croatia Away Jersey,P35057,BLU,Blue,S,,152449,6,0,0,0,6,66.15,396.9,135.0,810.0,135.0,810.0,0.0,,NIKE,0.0,0.0,,,,,,,Tops,False,1.0,True,0.0,,True,True,False,1.0,,,,,0.0,6.0,5/16/26 9:52:16 AM,
1.0,NIKE,Licensed,Apparel,Jerseys,HNS_26_A_JSY,Croatia Away Jersey,P35057,BLU,Blue,M,,152450,5,0,0,0,5,66.15,330.75,135.0,675.0,135.0,675.0,0.0,,NIKE,0.0,0.0,,,,,,,Tops,False,1.0,True,0.0,,True,True,False,1.0,,,,,1.0,6.0,5/16/26 9:52:16 AM,
1.0,NIKE,Licensed,Apparel,Jerseys,HNS_26_A_JSY,Croatia Away Jersey,P35057,BLU,Blue,L,,152451,5,0,0,0,5,66.15,330.75,135.0,675.0,135.0,675.0,0.0,,NIKE,0.0,0.0,,,,,,,Tops,False,1.0,True,0.0,,True,True,False,1.0,,,,,1.0,6.0,5/16/26 9:52:16 AM,
1.0,NIKE,Licensed,Apparel,Jerseys,HNS_26_A_JSY,Croatia Away Jersey,P35057,BLU,Blue,XL,,152452,4,0,0,0,4,66.15,264.6,135.0,540.0,135.0,540.0,0.0,,NIKE,0.0,0.0,,,,,,,Tops,False,1.0,True,0.0,,True,True,False,1.0,,,,,0.0,4.0,5/16/26 9:52:17 AM,
1.0,NIKE,Licensed,Apparel,Jerseys,HNS_26_A_JSY,Croatia Away Jersey,P35057,BLU,Blue,XXL,,152453,2,0,0,0,2,66.15,132.3,135.0,270.0,135.0,270.0,0.0,,NIKE,0.0,0.0,,,,,,,Tops,False,1.0,True,0.0,,True,True,False,1.0,,,,,0.0,2.0,5/16/26 9:52:17 AM,
1.0,NIKE,Licensed,Apparel,Jerseys,HNS_26_A_JSY,Croatia Away Jersey,P35057,BLU,Blue,XXXL,,152454,0,0,0,0,0,66.15,0.0,135.0,0.0,135.0,0.0,0.0,,NIKE,0.0,0.0,,,,,,,Tops,False,1.0,True,0.0,,True,True,False,1.0,,,,,1.0,1.0,5/16/26 9:52:17 AM,
1.0,NIKE,Licensed,Apparel,Jerseys,HNS_26_A_JSY_Y,Croatia Away Jersey Y,P45059,BLU,Blue,Y2XS,,152455,0,0,0,0,0,56.35,0.0,115.0,0.0,115.0,0.0,0.0,,NIKE,0.0,0.0,,,,,,,Tops_Youth,False,1.0,True,0.0,,True,True,False,1.0,,,,,0.0,0.0,,
1.0,NIKE,Licensed,Apparel,Jerseys,HNS_26_A_JSY_Y,Croatia Away Jersey Y,P45059,BLU,Blue,YXS,,152456,0,0,0,0,0,56.35,0.0,115.0,0.0,115.0,0.0,0.0,,NIKE,0.0,0.0,,,,,,,Tops_Youth,False,1.0,True,0.0,,True,True,False,1.0,,,,,0.0,0.0,,
1.0,NIKE,Licensed,Apparel,Jerseys,HNS_26_A_JSY_Y,Croatia Away Jersey Y,P45059,BLU,Blue,YS,,152457,2,0,0,0,2,56.35,112.7,115.0,230.0,115.0,230.0,0.0,,NIKE,0.0,0.0,,,,,,,Tops_Youth,False,1.0,True,0.0,,True,True,False,1.0,,,,,0.0,2.0,5/16/26 10:12:50 AM,
1.0,NIKE,Licensed,Apparel,Jerseys,HNS_26_A_JSY_Y,Croatia Away Jersey Y,P45059,BLU,Blue,YM,,152458,4,0,0,0,4,56.35,225.4,115.0,460.0,115.0,460.0,0.0,,NIKE,0.0,0.0,,,,,,,Tops_Youth,False,1.0,True,0.0,,True,True,False,1.0,,,,,0.0,4.0,5/16/26 10:12:51 AM,
1.0,NIKE,Licensed,Apparel,Jerseys,HNS_26_A_JSY_Y,Croatia Away Jersey Y,P45059,BLU,Blue,YL,,152459,4,0,0,0,4,56.35,225.4,115.0,460.0,115.0,460.0,0.0,,NIKE,0.0,0.0,,,,,,,Tops_Youth,False,1.0,True,0.0,,True,True,False,1.0,,,,,0.0,4.0,5/16/26 10:12:51 AM,
1.0,NIKE,Licensed,Apparel,Jerseys,HNS_26_A_JSY_Y,Croatia Away Jersey Y,P45059,BLU,Blue,YXL,,152460,2,0,0,0,2,56.35,112.7,115.0,230.0,115.0,230.0,0.0,,NIKE,0.0,0.0,,,,,,,Tops_Youth,False,1.0,True,0.0,,True,True,False,1.0,,,,,0.0,2.0,5/16/26 10:12:51 AM,
1.0,NIKE,Licensed,Apparel,Jerseys,HNS_26_H_JSY_Y,Croatia Home Jersey Y,P45056,WHT,White,Y2XS,,152461,0,0,0,0,0,56.35,0.0,115.0,0.0,115.0,0.0,0.0,,NIKE,0.0,0.0,,,,,,,Tops_Youth,False,1.0,True,0.0,,True,True,False,1.0,,,,,0.0,0.0,,
1.0,NIKE,Licensed,Apparel,Jerseys,HNS_26_H_JSY_Y,Croatia Home Jersey Y,P45056,WHT,White,YXS,,152462,0,0,0,0,0,56.35,0.0,115.0,0.0,115.0,0.0,0.0,,NIKE,0.0,0.0,,,,,,,Tops_Youth,False,1.0,True,0.0,,True,True,False,1.0,,,,,0.0,0.0,,
1.0,NIKE,Licensed,Apparel,Jerseys,HNS_26_H_JSY_Y,Croatia Home Jersey Y,P45056,WHT,White,YS,,152463,2,0,0,0,2,56.35,112.7,115.0,230.0,115.0,230.0,0.0,,NIKE,0.0,0.0,,,,,,,Tops_Youth,False,1.0,True,0.0,,True,True,False,1.0,,,,,0.0,2.0,5/16/26 10:38:16 AM,
1.0,NIKE,Licensed,Apparel,Jerseys,HNS_26_H_JSY_Y,Croatia Home Jersey Y,P45056,WHT,White,YM,,152464,2,0,0,0,2,56.35,112.7,115.0,230.0,115.0,230.0,0.0,,NIKE,0.0,0.0,,,,,,,Tops_Youth,False,1.0,True,0.0,,True,True,False,1.0,,,,,0.0,2.0,5/16/26 10:38:16 AM,
1.0,NIKE,Licensed,Apparel,Jerseys,HNS_26_H_JSY_Y,Croatia Home Jersey Y,P45056,WHT,White,YL,,152465,2,0,0,0,2,56.35,112.7,115.0,230.0,115.0,230.0,0.0,,NIKE,0.0,0.0,,,,,,,Tops_Youth,False,1.0,True,0.0,,True,True,False,1.0,,,,,0.0,2.0,5/16/26 10:38:16 AM,
1.0,NIKE,Licensed,Apparel,Jerseys,HNS_26_H_JSY_Y,Croatia Home Jersey Y,P45056,WHT,White,YXL,,152466,2,0,0,0,2,56.35,112.7,115.0,230.0,115.0,230.0,0.0,,NIKE,0.0,0.0,,,,,,,Tops_Youth,False,1.0,True,0.0,,True,True,False,1.0,,,,,0.0,2.0,5/16/26 10:38:16 AM,
1.0,NIKE,Licensed,Apparel,Jerseys,HNS_26_H_JSY,Croatia Home Jersey,P35054,WHT,White,XXS,,152467,0,0,0,0,0,66.15,0.0,135.0,0.0,135.0,0.0,0.0,,NIKE,0.0,0.0,,,,,,,Tops,False,1.0,True,0.0,,True,True,False,1.0,,,,,0.0,0.0,,
1.0,NIKE,Licensed,Apparel,Jerseys,HNS_26_H_JSY,Croatia Home Jersey,P35054,WHT,White,S,,152469,2,0,0,0,2,66.15,132.3,135.0,270.0,135.0,270.0,0.0,,NIKE,0.0,0.0,,,,,,,Tops,False,1.0,True,0.0,,True,True,False,1.0,,,,,1.0,3.0,5/16/26 10:42:03 AM,
1.0,NIKE,Licensed,Apparel,Jerseys,HNS_26_H_JSY,Croatia Home Jersey,P35054,WHT,White,M,,152470,3,0,0,0,3,66.15,198.45,135.0,405.0,135.0,405.0,0.0,,NIKE,0.0,0.0,,,,,,,Tops,False,1.0,True,0.0,,True,True,False,1.0,,,,,0.0,3.0,5/16/26 10:42:04 AM,
1.0,NIKE,Licensed,Apparel,Jerseys,HNS_26_H_JSY,Croatia Home Jersey,P35054,WHT,White,L,,152471,1,0,0,0,1,66.15,66.15,135.0,135.0,135.0,135.0,0.0,,NIKE,0.0,0.0,,,,,,,Tops,False,1.0,True,0.0,,True,True,False,1.0,,,,,2.0,3.0,5/16/26 10:42:04 AM,
1.0,NIKE,Licensed,Apparel,Jerseys,HNS_26_H_JSY,Croatia Home Jersey,P35054,WHT,White,XL,,152472,1,0,0,0,1,66.15,66.15,135.0,135.0,135.0,135.0,0.0,,NIKE,0.0,0.0,,,,,,,Tops,False,1.0,True,0.0,,True,True,False,1.0,,,,,1.0,2.0,5/16/26 10:42:04 AM,
1.0,NIKE,Licensed,Apparel,Jerseys,HNS_26_H_JSY,Croatia Home Jersey,P35054,WHT,White,XXL,,152473,0,0,0,0,0,66.15,0.0,135.0,0.0,135.0,0.0,0.0,,NIKE,0.0,0.0,,,,,,,Tops,False,1.0,True,0.0,,True,True,False,1.0,,,,,1.0,1.0,5/16/26 10:42:04 AM,
1.0,NIKE,Licensed,Apparel,Jerseys,HNS_26_H_JSY,Croatia Home Jersey,P35054,WHT,White,XXXL,,152474,0,0,0,0,0,66.15,0.0,135.0,0.0,135.0,0.0,0.0,,NIKE,0.0,0.0,,,,,,,Tops,False,1.0,True,0.0,,True,True,False,1.0,,,,,0.0,0.0,,
1.0,NIKE,Licensed,Apparel,Jerseys,HNS_26_H_JSY_W,Croatia Home Jersey Women,P35055,WHT,White,XXS,,152475,0,0,0,0,0,66.15,0.0,135.0,0.0,135.0,0.0,0.0,,NIKE,0.0,0.0,,,,,,,Tops,False,1.0,True,0.0,,True,True,False,1.0,,,,,0.0,0.0,,
1.0,NIKE,Licensed,Apparel,Jerseys,HNS_26_H_JSY_W,Croatia Home Jersey Women,P35055,WHT,White,XS,,152476,0,0,0,0,0,66.15,0.0,135.0,0.0,135.0,0.0,0.0,,NIKE,0.0,0.0,,,,,,,Tops,False,1.0,True,0.0,,True,True,False,1.0,,,,,0.0,0.0,,
1.0,NIKE,Licensed,Apparel,Jerseys,HNS_26_H_JSY_W,Croatia Home Jersey Women,P35055,WHT,White,S,,152477,2,0,0,0,2,66.15,132.3,135.0,270.0,135.0,270.0,0.0,,NIKE,0.0,0.0,,,,,,,Tops,False,1.0,True,0.0,,True,True,False,1.0,,,,,0.0,2.0,5/16/26 10:43:12 AM,
1.0,NIKE,Licensed,Apparel,Jerseys,CBF_26_PREMATCH_TOP,Brazil Prematch Top,IH1662,BLU,Blue,S,,152441,0,0,0,0,0,44.65,0.0,95.0,0.0,95.0,0.0,0.0,,NIKE,0.0,0.0,,,,,,,Tops,False,1.0,True,0.0,,True,True,False,1.0,,,,,0.0,0.0,,
1.0,NIKE,Licensed,Apparel,Jerseys,CBF_26_PREMATCH_TOP,Brazil Prematch Top,IH1662,BLU,Blue,M,,152442,2,0,0,0,2,44.65,89.3,95.0,190.0,95.0,190.0,0.0,,NIKE,0.0,0.0,,,,,,,Tops,False,1.0,True,0.0,,True,True,False,1.0,,,,,0.0,2.0,5/07/26 1:26:54 PM,
1.0,NIKE,Licensed,Apparel,Jerseys,CBF_26_PREMATCH_TOP,Brazil Prematch Top,IH1662,BLU,Blue,L,,152443,1,0,0,0,1,44.65,44.65,95.0,95.0,95.0,95.0,0.0,,NIKE,0.0,0.0,,,,,,,Tops,False,1.0,True,0.0,,True,True,False,1.0,,,,,0.0,1.0,5/07/26 1:26:54 PM,
1.0,NIKE,Licensed,Apparel,Jerseys,CBF_26_PREMATCH_TOP,Brazil Prematch Top,IH1662,BLU,Blue,XL,,152444,1,0,0,0,1,44.65,44.65,95.0,95.0,95.0,95.0,0.0,,NIKE,0.0,0.0,,,,,,,Tops,False,1.0,True,0.0,,True,True,False,1.0,,,,,0.0,1.0,5/07/26 1:26:54 PM,
1.0,NIKE,Licensed,Apparel,Jerseys,CBF_26_PREMATCH_TOP,Brazil Prematch Top,IH1662,BLU,Blue,XXL,,152445,0,0,0,0,0,44.65,0.0,95.0,0.0,95.0,0.0,0.0,,NIKE,0.0,0.0,,,,,,,Tops,False,1.0,True,0.0,,True,True,False,1.0,,,,,0.0,0.0,,
1.0,NIKE,Licensed,Apparel,Jerseys,CBF_26_PREMATCH_TOP,Brazil Prematch Top,IH1662,BLU,Blue,XXXL,,152446,0,0,0,0,0,44.65,0.0,95.0,0.0,95.0,0.0,0.0,,NIKE,0.0,0.0,,,,,,,Tops,False,1.0,True,0.0,,True,True,False,1.0,,,,,0.0,0.0,,
1.0,NIKE,Licensed,Apparel,Jerseys,HNS_26_H_JSY,Croatia Home Jersey,P35054,WHT,White,XS,,152468,0,0,0,0,0,66.15,0.0,135.0,0.0,135.0,0.0,0.0,,NIKE,0.0,0.0,,,,,,,Tops,False,1.0,True,0.0,,True,True,False,1.0,,,,,0.0,0.0,,
1.0,NIKE,Licensed,Apparel,Jerseys,POL_26_A_JSY_Y,Poland  Away Jersey Y,P45065,RED,Red,Y2XS,,152513,0,0,0,0,0,54.04,0.0,115.0,0.0,115.0,0.0,0.0,,PUMA,0.0,0.0,,,,,,,Tops_Youth,False,1.0,True,0.0,,True,True,False,1.0,,,,,0.0,0.0,,
1.0,NIKE,Licensed,Apparel,Jerseys,POL_26_A_JSY_Y,Poland  Away Jersey Y,P45065,RED,Red,YXS,,152514,0,0,0,0,0,54.04,0.0,115.0,0.0,115.0,0.0,0.0,,PUMA,0.0,0.0,,,,,,,Tops_Youth,False,1.0,True,0.0,,True,True,False,1.0,,,,,0.0,0.0,,
1.0,NIKE,Licensed,Apparel,Jerseys,POL_26_A_JSY_Y,Poland  Away Jersey Y,P45065,RED,Red,YS,,152515,2,0,0,0,2,54.04,108.08,115.0,230.0,115.0,230.0,0.0,,PUMA,0.0,0.0,,,,,,,Tops_Youth,False,1.0,True,0.0,,True,True,False,1.0,,,,,0.0,2.0,5/16/26 11:40:57 AM,
1.0,NIKE,Licensed,Apparel,Jerseys,POL_26_A_JSY_Y,Poland  Away Jersey Y,P45065,RED,Red,YM,,152516,2,0,0,0,2,54.04,108.08,115.0,230.0,115.0,230.0,0.0,,PUMA,0.0,0.0,,,,,,,Tops_Youth,False,1.0,True,0.0,,True,True,False,1.0,,,,,0.0,2.0,5/16/26 11:40:57 AM,
1.0,NIKE,Licensed,Apparel,Jerseys,POL_26_A_JSY_Y,Poland  Away Jersey Y,P45065,RED,Red,YL,,152517,2,0,0,0,2,54.04,108.08,115.0,230.0,115.0,230.0,0.0,,PUMA,0.0,0.0,,,,,,,Tops_Youth,False,1.0,True,0.0,,True,True,False,1.0,,,,,0.0,2.0,5/16/26 11:40:57 AM,
1.0,NIKE,Licensed,Apparel,Jerseys,POL_26_A_JSY_Y,Poland  Away Jersey Y,P45065,RED,Red,YXL,,152518,1,0,0,0,1,54.04,54.04,115.0,115.0,115.0,115.0,0.0,,PUMA,0.0,0.0,,,,,,,Tops_Youth,False,1.0,True,0.0,,True,True,False,1.0,,,,,0.0,1.0,5/16/26 11:40:57 AM,
1.0,NIKE,Licensed,Apparel,Jerseys,HNS_26_H_JSY_W,Croatia Home Jersey Women,P35055,WHT,White,M,,152478,2,0,0,0,2,66.15,132.3,135.0,270.0,135.0,270.0,0.0,,NIKE,0.0,0.0,,,,,,,Tops,False,1.0,True,0.0,,True,True,False,1.0,,,,,0.0,2.0,5/16/26 10:43:12 AM,
1.0,NIKE,Licensed,Apparel,Jerseys,HNS_26_H_JSY_W,Croatia Home Jersey Women,P35055,WHT,White,L,,152479,2,0,0,0,2,66.15,132.3,135.0,270.0,135.0,270.0,0.0,,NIKE,0.0,0.0,,,,,,,Tops,False,1.0,True,0.0,,True,True,False,1.0,,,,,0.0,2.0,5/16/26 10:43:12 AM,
1.0,NIKE,Licensed,Apparel,Jerseys,HNS_26_H_JSY_W,Croatia Home Jersey Women,P35055,WHT,White,XL,,152480,0,0,0,0,0,66.15,0.0,135.0,0.0,135.0,0.0,0.0,,NIKE,0.0,0.0,,,,,,,Tops,False,1.0,True,0.0,,True,True,False,1.0,,,,,0.0,0.0,,
1.0,NIKE,Licensed,Apparel,Jerseys,HNS_26_H_JSY_W,Croatia Home Jersey Women,P35055,WHT,White,XXL,,152481,0,0,0,0,0,66.15,0.0,135.0,0.0,135.0,0.0,0.0,,NIKE,0.0,0.0,,,,,,,Tops,False,1.0,True,0.0,,True,True,False,1.0,,,,,0.0,0.0,,
1.0,NIKE,Licensed,Apparel,Jerseys,HNS_26_H_JSY_W,Croatia Home Jersey Women,P35055,WHT,White,XXXL,,152482,0,0,0,0,0,66.15,0.0,135.0,0.0,135.0,0.0,0.0,,NIKE,0.0,0.0,,,,,,,Tops,False,1.0,True,0.0,,True,True,False,1.0,,,,,0.0,0.0,,
1.0,NIKE,Licensed,Apparel,Jerseys,POL_26_H_JSY_Y,Poland  Home Jersey Y,P45062,WHT,White,Y2XS,,152483,0,0,0,0,0,54.04,0.0,115.0,0.0,115.0,0.0,0.0,,PUMA,0.0,0.0,,,,,,,Tops_Youth,False,1.0,True,0.0,,True,True,False,1.0,,,,,0.0,0.0,,
1.0,NIKE,Licensed,Apparel,Jerseys,POL_26_H_JSY_Y,Poland  Home Jersey Y,P45062,WHT,White,YXS,,152484,0,0,0,0,0,54.04,0.0,115.0,0.0,115.0,0.0,0.0,,PUMA,0.0,0.0,,,,,,,Tops_Youth,False,1.0,True,0.0,,True,True,False,1.0,,,,,0.0,0.0,,
1.0,NIKE,Licensed,Apparel,Jerseys,POL_26_H_JSY_Y,Poland  Home Jersey Y,P45062,WHT,White,YS,,152485,0,0,0,0,0,54.04,0.0,115.0,0.0,115.0,0.0,0.0,,PUMA,0.0,0.0,,,,,,,Tops_Youth,False,1.0,True,0.0,,True,True,False,1.0,,,,,0.0,0.0,,
1.0,NIKE,Licensed,Apparel,Jerseys,POL_26_H_JSY_Y,Poland  Home Jersey Y,P45062,WHT,White,YM,,152486,1,0,0,0,1,54.04,54.04,115.0,115.0,115.0,115.0,0.0,,PUMA,0.0,0.0,,,,,,,Tops_Youth,False,1.0,True,0.0,,True,True,False,1.0,,,,,0.0,1.0,5/16/26 11:28:11 AM,
1.0,NIKE,Licensed,Apparel,Jerseys,POL_26_H_JSY_Y,Poland  Home Jersey Y,P45062,WHT,White,YL,,152487,1,0,0,0,1,54.04,54.04,115.0,115.0,115.0,115.0,0.0,,PUMA,0.0,0.0,,,,,,,Tops_Youth,False,1.0,True,0.0,,True,True,False,1.0,,,,,0.0,1.0,5/16/26 11:28:11 AM,
1.0,NIKE,Licensed,Apparel,Jerseys,POL_26_H_JSY_Y,Poland  Home Jersey Y,P45062,WHT,White,YXL,,152488,1,0,0,0,1,54.04,54.04,115.0,115.0,115.0,115.0,0.0,,PUMA,0.0,0.0,,,,,,,Tops_Youth,False,1.0,True,0.0,,True,True,False,1.0,,,,,0.0,1.0,5/16/26 11:28:11 AM,
1.0,NIKE,Licensed,Apparel,Jerseys,POL_26_H_JSY,Poland Home Jersey,P35060,WHT,White,XXS,,152489,0,0,0,0,0,66.15,0.0,135.0,0.0,135.0,0.0,0.0,,NIKE,0.0,0.0,,,,,,,Tops,False,1.0,True,0.0,,True,True,False,1.0,,,,,0.0,0.0,,
1.0,NIKE,Licensed,Apparel,Jerseys,POL_26_H_JSY,Poland Home Jersey,P35060,WHT,White,XS,,152490,0,0,0,0,0,66.15,0.0,135.0,0.0,135.0,0.0,0.0,,NIKE,0.0,0.0,,,,,,,Tops,False,1.0,True,0.0,,True,True,False,1.0,,,,,0.0,0.0,,
1.0,NIKE,Licensed,Apparel,Jerseys,POL_26_H_JSY,Poland Home Jersey,P35060,WHT,White,S,,152491,2,0,0,0,2,66.15,132.3,135.0,270.0,135.0,270.0,0.0,,NIKE,0.0,0.0,,,,,,,Tops,False,1.0,True,0.0,,True,True,False,1.0,,,,,0.0,2.0,5/16/26 11:29:12 AM,
1.0,NIKE,Licensed,Apparel,Jerseys,POL_26_H_JSY,Poland Home Jersey,P35060,WHT,White,M,,152492,2,0,0,0,2,66.15,132.3,135.0,270.0,135.0,270.0,0.0,,NIKE,0.0,0.0,,,,,,,Tops,False,1.0,True,0.0,,True,True,False,1.0,,,,,0.0,2.0,5/16/26 11:29:12 AM,
1.0,NIKE,Licensed,Apparel,Jerseys,POL_26_H_JSY,Poland Home Jersey,P35060,WHT,White,L,,152493,2,0,0,0,2,66.15,132.3,135.0,270.0,135.0,270.0,0.0,,NIKE,0.0,0.0,,,,,,,Tops,False,1.0,True,0.0,,True,True,False,1.0,,,,,0.0,2.0,5/16/26 11:29:12 AM,
1.0,NIKE,Licensed,Apparel,Jerseys,POL_26_H_JSY,Poland Home Jersey,P35060,WHT,White,XL,,152494,1,0,0,0,1,66.15,66.15,135.0,135.0,135.0,135.0,0.0,,NIKE,0.0,0.0,,,,,,,Tops,False,1.0,True,0.0,,True,True,False,1.0,,,,,0.0,1.0,5/16/26 11:29:13 AM,
1.0,NIKE,Licensed,Apparel,Jerseys,POL_26_H_JSY,Poland Home Jersey,P35060,WHT,White,XXL,,152495,0,0,0,0,0,66.15,0.0,135.0,0.0,135.0,0.0,0.0,,NIKE,0.0,0.0,,,,,,,Tops,False,1.0,True,0.0,,True,True,False,1.0,,,,,0.0,0.0,,
1.0,NIKE,Licensed,Apparel,Jerseys,POL_26_H_JSY,Poland Home Jersey,P35060,WHT,White,XXXL,,152496,0,0,0,0,0,66.15,0.0,135.0,0.0,135.0,0.0,0.0,,NIKE,0.0,0.0,,,,,,,Tops,False,1.0,True,0.0,,True,True,False,1.0,,,,,0.0,0.0,,
1.0,NIKE,Licensed,Apparel,Jerseys,POL_26_A_JSY,Poland Away Jersey,P35063,RED,Red,XXS,,152497,0,0,0,0,0,66.15,0.0,135.0,0.0,135.0,0.0,0.0,,NIKE,0.0,0.0,,,,,,,Tops,False,1.0,True,0.0,,True,True,False,1.0,,,,,0.0,0.0,,
1.0,NIKE,Licensed,Apparel,Jerseys,POL_26_A_JSY,Poland Away Jersey,P35063,RED,Red,XS,,152498,0,0,0,0,0,66.15,0.0,135.0,0.0,135.0,0.0,0.0,,NIKE,0.0,0.0,,,,,,,Tops,False,1.0,True,0.0,,True,True,False,1.0,,,,,0.0,0.0,,
1.0,NIKE,Licensed,Apparel,Jerseys,POL_26_A_JSY,Poland Away Jersey,P35063,RED,Red,S,,152499,2,0,0,0,2,66.15,132.3,135.0,270.0,135.0,270.0,0.0,,NIKE,0.0,0.0,,,,,,,Tops,False,1.0,True,0.0,,True,True,False,1.0,,,,,0.0,2.0,5/16/26 11:37:11 AM,
1.0,NIKE,Licensed,Apparel,Jerseys,POL_26_A_JSY,Poland Away Jersey,P35063,RED,Red,M,,152500,2,0,0,0,2,66.15,132.3,135.0,270.0,135.0,270.0,0.0,,NIKE,0.0,0.0,,,,,,,Tops,False,1.0,True,0.0,,True,True,False,1.0,,,,,0.0,2.0,5/16/26 11:37:12 AM,
1.0,NIKE,Licensed,Apparel,Jerseys,POL_26_A_JSY,Poland Away Jersey,P35063,RED,Red,L,,152501,2,0,0,0,2,66.15,132.3,135.0,270.0,135.0,270.0,0.0,,NIKE,0.0,0.0,,,,,,,Tops,False,1.0,True,0.0,,True,True,False,1.0,,,,,0.0,2.0,5/16/26 11:37:12 AM,
1.0,NIKE,Licensed,Apparel,Jerseys,POL_26_A_JSY,Poland Away Jersey,P35063,RED,Red,XL,,152502,1,0,0,0,1,66.15,66.15,135.0,135.0,135.0,135.0,0.0,,NIKE,0.0,0.0,,,,,,,Tops,False,1.0,True,0.0,,True,True,False,1.0,,,,,0.0,1.0,5/16/26 11:37:12 AM,
1.0,NIKE,Licensed,Apparel,Jerseys,POL_26_A_JSY,Poland Away Jersey,P35063,RED,Red,XXL,,152503,1,0,0,0,1,66.15,66.15,135.0,135.0,135.0,135.0,0.0,,NIKE,0.0,0.0,,,,,,,Tops,False,1.0,True,0.0,,True,True,False,1.0,,,,,0.0,1.0,5/16/26 11:37:12 AM,
1.0,NIKE,Licensed,Apparel,Jerseys,POL_26_A_JSY,Poland Away Jersey,P35063,RED,Red,XXXL,,152504,0,0,0,0,0,66.15,0.0,135.0,0.0,135.0,0.0,0.0,,NIKE,0.0,0.0,,,,,,,Tops,False,1.0,True,0.0,,True,True,False,1.0,,,,,0.0,0.0,,
1.0,NIKE,Licensed,Apparel,Jerseys,POL_26_A_JSY_W,Poland Away Jersey Women,P35064,RED,Red,XXS,,152505,0,0,0,0,0,66.15,0.0,135.0,0.0,135.0,0.0,0.0,,NIKE,0.0,0.0,,,,,,,Tops,False,1.0,True,0.0,,True,True,False,1.0,,,,,0.0,0.0,,
1.0,NIKE,Licensed,Apparel,Jerseys,POL_26_A_JSY_W,Poland Away Jersey Women,P35064,RED,Red,XS,,152506,0,0,0,0,0,66.15,0.0,135.0,0.0,135.0,0.0,0.0,,NIKE,0.0,0.0,,,,,,,Tops,False,1.0,True,0.0,,True,True,False,1.0,,,,,0.0,0.0,,
1.0,NIKE,Licensed,Apparel,Jerseys,POL_26_A_JSY_W,Poland Away Jersey Women,P35064,RED,Red,S,,152507,1,0,0,0,1,66.15,66.15,135.0,135.0,135.0,135.0,0.0,,NIKE,0.0,0.0,,,,,,,Tops,False,1.0,True,0.0,,True,True,False,1.0,,,,,0.0,1.0,5/16/26 11:38:08 AM,
1.0,NIKE,Licensed,Apparel,Jerseys,POL_26_A_JSY_W,Poland Away Jersey Women,P35064,RED,Red,M,,152508,1,0,0,0,1,66.15,66.15,135.0,135.0,135.0,135.0,0.0,,NIKE,0.0,0.0,,,,,,,Tops,False,1.0,True,0.0,,True,True,False,1.0,,,,,0.0,1.0,5/16/26 11:38:08 AM,
1.0,NIKE,Licensed,Apparel,Jerseys,POL_26_A_JSY_W,Poland Away Jersey Women,P35064,RED,Red,L,,152509,1,0,0,0,1,66.15,66.15,135.0,135.0,135.0,135.0,0.0,,NIKE,0.0,0.0,,,,,,,Tops,False,1.0,True,0.0,,True,True,False,1.0,,,,,0.0,1.0,5/16/26 11:38:08 AM,
1.0,NIKE,Licensed,Apparel,Jerseys,POL_26_A_JSY_W,Poland Away Jersey Women,P35064,RED,Red,XL,,152510,0,0,0,0,0,66.15,0.0,135.0,0.0,135.0,0.0,0.0,,NIKE,0.0,0.0,,,,,,,Tops,False,1.0,True,0.0,,True,True,False,1.0,,,,,0.0,0.0,,
1.0,NIKE,Licensed,Apparel,Jerseys,POL_26_A_JSY_W,Poland Away Jersey Women,P35064,RED,Red,XXL,,152511,0,0,0,0,0,66.15,0.0,135.0,0.0,135.0,0.0,0.0,,NIKE,0.0,0.0,,,,,,,Tops,False,1.0,True,0.0,,True,True,False,1.0,,,,,0.0,0.0,,
1.0,NIKE,Licensed,Apparel,Jerseys,POL_26_A_JSY_W,Poland Away Jersey Women,P35064,RED,Red,XXXL,,152512,0,0,0,0,0,66.15,0.0,135.0,0.0,135.0,0.0,0.0,,NIKE,0.0,0.0,,,,,,,Tops,False,1.0,True,0.0,,True,True,False,1.0,,,,,0.0,0.0,,
1.0,NIKE,Licensed,Apparel,Jerseys,TUR_26_H_JSY_Y,Turkey Home Jersey Y,P45067,RED,Red,Y2XS,,152519,0,0,0,0,0,54.04,0.0,115.0,0.0,115.0,0.0,0.0,,PUMA,0.0,0.0,,,,,,,Tops_Youth,False,1.0,True,0.0,,True,True,False,1.0,,,,,0.0,0.0,,
1.0,NIKE,Licensed,Apparel,Jerseys,TUR_26_H_JSY_Y,Turkey Home Jersey Y,P45067,RED,Red,YXS,,152520,0,0,0,0,0,54.04,0.0,115.0,0.0,115.0,0.0,0.0,,PUMA,0.0,0.0,,,,,,,Tops_Youth,False,1.0,True,0.0,,True,True,False,1.0,,,,,0.0,0.0,,
1.0,NIKE,Licensed,Apparel,Jerseys,TUR_26_H_JSY_Y,Turkey Home Jersey Y,P45067,RED,Red,YS,,152521,0,0,0,0,0,54.04,0.0,115.0,0.0,115.0,0.0,0.0,,PUMA,0.0,0.0,,,,,,,Tops_Youth,False,1.0,True,0.0,,True,True,False,1.0,,,,,0.0,0.0,,
1.0,NIKE,Licensed,Apparel,Jerseys,TUR_26_H_JSY_Y,Turkey Home Jersey Y,P45067,RED,Red,YM,,152522,1,0,0,0,1,54.04,54.04,115.0,115.0,115.0,115.0,0.0,,PUMA,0.0,0.0,,,,,,,Tops_Youth,False,1.0,True,0.0,,True,True,False,1.0,,,,,0.0,1.0,5/16/26 11:42:59 AM,
1.0,NIKE,Licensed,Apparel,Jerseys,TUR_26_H_JSY_Y,Turkey Home Jersey Y,P45067,RED,Red,YL,,152523,1,0,0,0,1,54.04,54.04,115.0,115.0,115.0,115.0,0.0,,PUMA,0.0,0.0,,,,,,,Tops_Youth,False,1.0,True,0.0,,True,True,False,1.0,,,,,0.0,1.0,5/16/26 11:42:59 AM,
1.0,NIKE,Licensed,Apparel,Jerseys,TUR_26_H_JSY_Y,Turkey Home Jersey Y,P45067,RED,Red,YXL,,152524,1,0,0,0,1,54.04,54.04,115.0,115.0,115.0,115.0,0.0,,PUMA,0.0,0.0,,,,,,,Tops_Youth,False,1.0,True,0.0,,True,True,False,1.0,,,,,0.0,1.0,5/16/26 11:42:59 AM,
1.0,NIKE,Licensed,Apparel,Jerseys,TUR_26_H_JSY,Turkey  Home Jersey,P35066,RED,Red,XXS,,152525,0,0,0,0,0,66.15,0.0,135.0,0.0,135.0,0.0,0.0,,NIKE,0.0,0.0,,,,,,,Tops,False,1.0,True,0.0,,True,True,False,1.0,,,,,0.0,0.0,,
1.0,NIKE,Licensed,Apparel,Jerseys,TUR_26_H_JSY,Turkey  Home Jersey,P35066,RED,Red,XS,,152526,0,0,0,0,0,66.15,0.0,135.0,0.0,135.0,0.0,0.0,,NIKE,0.0,0.0,,,,,,,Tops,False,1.0,True,0.0,,True,True,False,1.0,,,,,0.0,0.0,,
1.0,NIKE,Licensed,Apparel,Jerseys,TUR_26_H_JSY,Turkey  Home Jersey,P35066,RED,Red,S,,152527,1,0,0,0,1,66.15,66.15,135.0,135.0,135.0,135.0,0.0,,NIKE,0.0,0.0,,,,,,,Tops,False,1.0,True,0.0,,True,True,False,1.0,,,,,0.0,1.0,5/16/26 11:44:02 AM,
1.0,NIKE,Licensed,Apparel,Jerseys,TUR_26_H_JSY,Turkey  Home Jersey,P35066,RED,Red,M,,152528,0,0,0,0,0,66.15,0.0,135.0,0.0,135.0,0.0,0.0,,NIKE,0.0,0.0,,,,,,,Tops,False,1.0,True,0.0,,True,True,False,1.0,,,,,1.0,1.0,5/16/26 11:44:02 AM,
1.0,NIKE,Licensed,Apparel,Jerseys,TUR_26_H_JSY,Turkey  Home Jersey,P35066,RED,Red,L,,152529,0,0,0,0,0,66.15,0.0,135.0,0.0,135.0,0.0,0.0,,NIKE,0.0,0.0,,,,,,,Tops,False,1.0,True,0.0,,True,True,False,1.0,,,,,1.0,1.0,5/16/26 11:44:02 AM,
1.0,NIKE,Licensed,Apparel,Jerseys,TUR_26_H_JSY,Turkey  Home Jersey,P35066,RED,Red,XL,,152530,0,0,0,0,0,66.15,0.0,135.0,0.0,135.0,0.0,0.0,,NIKE,0.0,0.0,,,,,,,Tops,False,1.0,True,0.0,,True,True,False,1.0,,,,,0.0,0.0,,
1.0,NIKE,Licensed,Apparel,Jerseys,TUR_26_H_JSY,Turkey  Home Jersey,P35066,RED,Red,XXL,,152531,0,0,0,0,0,66.15,0.0,135.0,0.0,135.0,0.0,0.0,,NIKE,0.0,0.0,,,,,,,Tops,False,1.0,True,0.0,,True,True,False,1.0,,,,,0.0,0.0,,
1.0,NIKE,Licensed,Apparel,Jerseys,TUR_26_H_JSY,Turkey  Home Jersey,P35066,RED,Red,XXXL,,152532,0,0,0,0,0,66.15,0.0,135.0,0.0,135.0,0.0,0.0,,NIKE,0.0,0.0,,,,,,,Tops,False,1.0,True,0.0,,True,True,False,1.0,,,,,0.0,0.0,,
1.0,NIKE,Licensed,Apparel,Jerseys,TUR_26_A_JSY,Turkey  Away Jersey,P35068,WHT,White,XXS,,152533,0,0,0,0,0,66.15,0.0,135.0,0.0,135.0,0.0,0.0,,NIKE,0.0,0.0,,,,,,,Tops,False,1.0,True,0.0,,True,True,False,1.0,,,,,0.0,0.0,,
1.0,NIKE,Licensed,Apparel,Jerseys,TUR_26_A_JSY,Turkey  Away Jersey,P35068,WHT,White,XS,,152534,0,0,0,0,0,66.15,0.0,135.0,0.0,135.0,0.0,0.0,,NIKE,0.0,0.0,,,,,,,Tops,False,1.0,True,0.0,,True,True,False,1.0,,,,,0.0,0.0,,
1.0,NIKE,Licensed,Apparel,Jerseys,TUR_26_A_JSY,Turkey  Away Jersey,P35068,WHT,White,S,,152535,0,0,0,0,0,66.15,0.0,135.0,0.0,135.0,0.0,0.0,,NIKE,0.0,0.0,,,,,,,Tops,False,1.0,True,0.0,,True,True,False,1.0,,,,,0.0,0.0,,
1.0,NIKE,Licensed,Apparel,Jerseys,TUR_26_A_JSY,Turkey  Away Jersey,P35068,WHT,White,M,,152536,0,0,0,0,0,66.15,0.0,135.0,0.0,135.0,0.0,0.0,,NIKE,0.0,0.0,,,,,,,Tops,False,1.0,True,0.0,,True,True,False,1.0,,,,,1.0,1.0,5/16/26 11:44:45 AM,
1.0,NIKE,Licensed,Apparel,Jerseys,TUR_26_A_JSY,Turkey  Away Jersey,P35068,WHT,White,L,,152537,0,0,0,0,0,66.15,0.0,135.0,0.0,135.0,0.0,0.0,,NIKE,0.0,0.0,,,,,,,Tops,False,1.0,True,0.0,,True,True,False,1.0,,,,,1.0,1.0,5/16/26 11:44:45 AM,
1.0,NIKE,Licensed,Apparel,Jerseys,TUR_26_A_JSY,Turkey  Away Jersey,P35068,WHT,White,XL,,152538,0,0,0,0,0,66.15,0.0,135.0,0.0,135.0,0.0,0.0,,NIKE,0.0,0.0,,,,,,,Tops,False,1.0,True,0.0,,True,True,False,1.0,,,,,0.0,0.0,,
1.0,NIKE,Licensed,Apparel,Jerseys,TUR_26_A_JSY,Turkey  Away Jersey,P35068,WHT,White,XXL,,152539,0,0,0,0,0,66.15,0.0,135.0,0.0,135.0,0.0,0.0,,NIKE,0.0,0.0,,,,,,,Tops,False,1.0,True,0.0,,True,True,False,1.0,,,,,0.0,0.0,,
1.0,NIKE,Licensed,Apparel,Jerseys,TUR_26_A_JSY,Turkey  Away Jersey,P35068,WHT,White,XXXL,,152540,0,0,0,0,0,66.15,0.0,135.0,0.0,135.0,0.0,0.0,,NIKE,0.0,0.0,,,,,,,Tops,False,1.0,True,0.0,,True,True,False,1.0,,,,,0.0,0.0,,
